player_id,name,city,state,country
1,Johnny Moss,Dallas,TX,USA
2,Amarillo Slim Preston,Amarillo,TX,USA
3,Puggy Pearson,Las Vegas,NV,USA
4,Crandall Addington,San Antonio,TX,USA
5,Bryan Roberts,Houston,TX,USA
6,Doyle Brunson,Las Vegas,NV,USA
7,Milo Jacobson,Unknown,Unknown,Unknown
8,Bobby Baldwin,Las Vegas,NV,USA
9,Louis Hunsaker,Austin,TX,USA
10,Buck Buchanan,Unknown,Unknown,Unknown
11,Jesse Alto,Austin,TX,USA
12,Hal Fowler,Unknown,CA,USA
13,Bobby Hoff,Unknown,Unknown,USA
14,George Huber,Corpus Christi,TX,USA
15,Sam Moon,Unknown,Unknown,Unknown
16,Stu Ungar,Las Vegas,NV,USA
17,Jay Heimowitz,Bethel,NY,USA
18,Charles Dunwoody,Unknown,Unknown,Unknown
19,Perry Green,Anchorage,AK,USA
20,Gene Fisher,El Paso,TX,USA
21,Kenny Smith,Dallas,TX,USA
22,Bill Smith,Dallas,TX,USA
23,Andy Moore,Unknown,Unknown,Unknown
24,Sam Petrillo,Unknown,Unknown,Unknown
25,Jack Straus,Houston,TX,USA
26,Dewey Tomko,Haines City,FL,USA
27,Berry Johnston,Bethany,OK,USA
28,A.J. Myers,Unknown,NV,USA
29,Dody Roach,Unknown,TX,USA
30,Buster Jackson,Unknown,NC,USA
31,Carl Cannon,Unknown,Unknown,Unknown
32,Tom McEvoy,Las Vegas,NV,USA
33,Rod Peate,Downey,CA,USA
34,Carl Mckelvey,Houston,TX,USA
35,Robert Geers,Las Vegas,NV,USA
36,Donnacha O'Dea,Dublin,Unknown,IE
37,John Holmes Jenkins III,Austin,TX,USA
38,R.R. Pennington,Unknown,Unknown,USA
39,Jack Keller,Unknown,MS,USA
40,Byron Wolford,Unknown,NV,USA
41,David Chew,Ceritos,CA,USA
42,Rick Hamil,Unknown,NV,USA
43,Curtiss Skinner,Arlington,TX,USA
44,Michael Allen,Unknown,Unknown,USA
45,Howard Andrew,Walnut Creek,CA,USA
46,Rusty Lepage,Mcallen,TX,USA
47,TJ Cloutier,Richardson,TX,USA
48,Scott Mayfield,Grants Pass,OR,USA
49,Hamid Dastmalchi,Unknown,Unknown,IR
50,Mark Rose,Newark,OH,USA
51,John Fallon,Unknown,NH,USA
52,Mike Harthcock,Escondido,CA,USA
53,Gary Berland,Las Vegas,NV,USA
54,Roger Moore,Severna Park,MD,USA
55,Stephen Lott,Goliad,TX,USA
56,Jim Doman,Unknown,NV,USA
57,Thomas Jacobs,Las Vegas,NV,USA
58,Don Williams,Unknown,OH,USA
59,Frank Schend,Solvang,CA,USA
60,Jim Bechtel,Coolidge,AZ,USA
61,Lyle Berman,Las Vegas,NV,USA
62,David Baxter,Unknown,TX,USA
63,Mike Cox,Las Vegas,NV,USA
64,Speedy Myers,Unknown,Unknown,Unknown
65,Billy Thomas,Unknown,NV,USA
66,Ken Lambert,Unknown,Unknown,USA
67,Gabe Kaplan,Brooklyn,NY,USA
68,Ronald Graham,Riverside,CA,USA
69,William Strother,Woodstock,GA,USA
70,Wendeen Eolis,New York,NY,USA
71,Garland Walters,Munfordville,KY,USA
72,Ken Flaton,Unknown,NV,USA
73,Norman Berliner,Unknown,NV,USA
74,Steve Zee,Unknown,Unknown,Unknown
75,Dick Carson,Mansfield,MA,USA
76,Milton Peel,Unknown,Unknown,Unknown
77,Bob Lockhart,Unknown,Unknown,Unknown
78,Artie Cobb,Las Vegas,NV,USA
79,Louis Bonnecaze,Baton Rouge,LA,USA
80,Jim Spain,Tunica,MS,USA
81,Johnny Chan,Cerritos,CA,USA
82,Frank Henderson,Houston,TX,USA
83,Bob Ciaffone,Saginaw,MI,USA
84,Howard Lederer,Las Vegas,NV,USA
85,Dan Harrington,Santa Monica,CA,USA
86,Eldon Elias,Palo Alto,CA,USA
87,Mickey Appleman,Fort Lee,NJ,USA
88,Walter Threadgill,Unknown,Unknown,Unknown
89,Royce Jost,Unknown,Unknown,Unknown
90,Humberto Brenes,San Jose,Unknown,CR
91,Al Ethier,Bellflower,CA,USA
92,Hugh Todd,Cape Town,Unknown,ZA
93,John Bonetti,Houston,TX,USA
94,Mickey Finn,Unknown,Unknown,Unknown
95,James Athanas,St. Louis,MO,USA
96,Al Korson,Albuquerque,NM,USA
97,Scott Lundgren,Unknown,Unknown,Unknown
98,George McKeever,Londonderry,Unknown,GB
99,Owen Bradley,New Orleans,LA,USA
100,Mori Eskandani,Las Vegas,NV,USA
101,Jose Rosenkrantz,San Juan,Unknown,CR
102,Erik Seidel,Henderson,NV,USA
103,Quinton Nixon,Charlotte,TX,USA
104,Jeffrey Rothstein,New York,NY,USA
105,Steve Kopp,Las Vegas,NV,USA
106,Gary Lundgren,Elgin,TX,USA
107,Ralph Morton,Unknown,WA,USA
108,Richard Klamian,Unknown,NV,USA
109,Fred David,Unknown,NV,USA
110,Phil Earle,Houston,TX,USA
111,Junior Whited,Unknown,Unknown,USA
112,David Rubenstein,Unknown,Unknown,Unknown
113,Howard Lipman,Unknown,Unknown,Unknown
114,David Sklansky,Las Vegas,NV,USA
115,John Spadavecchia,Mooresville,NC,USA
116,David Reese,Unknown,NV,USA
117,Phil Hellmuth,Palo Alto,CA,USA
118,Ali Farsai,Beverly Hills,CA,USA
119,Stefan Dios,Unknown,Unknown,Unknown
120,Don Zewin,Las Vegas,NV,USA
121,Noel Furlong,Dublin,Unknown,IE
122,Fernando Fisdel,Unknown,Unknown,CR
123,Mike Picow,Dallas,TX,USA
124,George Hardie,Las Vegas,NV,USA
125,John Esposito,Las Vegas,NV,USA
126,Manning Briggs,Unknown,Unknown,Unknown
127,Carmen Valenti,Unknown,Unknown,Unknown
128,Ivan Trepner,Unknown,Unknown,Unknown
129,Jim Ward,Anchorage,AK,USA
130,An Tran,Las Vegas,NV,USA
131,Hilbert Shirey,Unknown,FL,USA
132,Yosh Nakano,Downey,CA,USA
133,James Ray,Spanish Fort,AL,USA
134,Tommy Grimes,Rockford,IL,USA
135,Jim Pitzer,Unknown,Unknown,Unknown
136,Mansour Matloubi,London,Unknown,GB
137,Hans Lund,Sparks,NV,USA
138,Dave Crunkleton,Las Vegas,NV,USA
139,Al Krux,Feyetteville,NY,USA
140,Pat Callihan,Unknown,NV,USA
141,Joseph Smith,Bozeman,MT,USA
142,Alan Emerson,Phoenix,AZ,USA
143,Jumbo Kaman,Unknown,Unknown,Unknown
144,Mike Alsaadi,Las Vegas,NV,USA
145,Mel Judah,London,Unknown,GB
146,Patrick Fleming,Bement,IL,USA
147,Jim Delaney,Unknown,Unknown,Unknown
148,Floyd Wetch,Unknown,Unknown,Unknown
149,Tom Franklin,Gulfport,MS,USA
150,Ron Fisher,Unknown,Unknown,Unknown
151,Austin Scott,Norman,OK,USA
152,Billy Williford,Unknown,Unknown,Unknown
153,Lew Spitzer,Unknown,Unknown,Unknown
154,Tom Hufnagle,Henderson,NV,USA
155,Thor Hansen,El Segundo,CA,NO
156,Hoyt Corkins,Glenwood,AL,USA
157,Roger van Ausdall,Unknown,Unknown,Unknown
158,Brad Daugherty,Las Vegas,NV,USA
159,Don Holt,Henderson,NV,USA
160,Robert Veltri,Anaheim Hills,CA,USA
161,Danny Hunsucker,Unknown,Unknown,USA
162,Robert Turner,Downey,CA,USA
163,ONeil Longson,Unknown,NV,USA
164,Brent Carter,Oak Park,IL,USA
165,Don Bloomberg,Unknown,Unknown,Unknown
166,Jason Lester,Aventura,FL,USA
167,Rene Vernhet,Unknown,Unknown,Unknown
168,Mike Sexton,Las Vegas,NV,USA
169,Jeffrey Burdsall,Sarasota,NV,USA
170,Rich Korbin,Unknown,Unknown,CA
171,Mark Ervin,Unknown,Unknown,Unknown
172,Monte Kouz,Unknown,NV,USA
173,Bill Stewart,Dallas,TX,USA
174,Gary Martin,Yakima,WA,USA
175,Allen Baker,Houston,TX,USA
176,Clyde Coleman,Marlow,OK,USA
177,Christopher Goulding,Los Angeles,CA,USA
178,Bill Rothstein,New York,NY,USA
179,Harry Thomas Jr.,Hamilton,OH,USA
180,Todd Brunson,Las Vegas,NV,USA
181,Pat Rao,Unknown,Unknown,Unknown
182,John Heaney,Unknown,NJ,USA
183,Surindar Sunar,Wolverhampton,Unknown,GB
184,Telly Savalas,Unknown,Unknown,Unknown
185,Barry Greenstein,Rancho Palos Verdes,CA,USA
186,Chris Bjorin,Stockholm,Unknown,SE
187,Greg Meyer,Unknown,Unknown,Unknown
188,Josef Monro,Beverly Hills,MI,USA
189,David Rubin,Henderson,NV,USA
190,Ron Stanley,Unknown,NV,USA
191,Danny Yu,Unknown,Unknown,Unknown
192,Jack Green,Unknown,Unknown,Unknown
193,Glenn Cozen,South Pasadena,CA,USA
194,Thomas Chung,Federal Way,WA,USA
195,Mick Cowley,Barnsley,Unknown,GB
196,Thomas Kreilein,Duncan,BC,CA
197,Dewey Weum,Monona,WI,USA
198,Bill Bond,Unknown,Unknown,Unknown
199,Henry Orenstein,Unknown,Unknown,PL
200,Seymour Leibowitz,Unknown,NV,USA
201,Jim Voigt,Auburn,WA,USA
202,Joe Macchiaverna,Unknown,Unknown,USA
203,Marsha Waggoner,Las Vegas,NV,USA
204,Julien Studley,New York,NY,USA
205,Jack Lindsay,Unknown,Unknown,Unknown
206,Steve Pestal,Long Beach,CA,USA
207,Russ Hamilton,Las Vegas,NV,USA
208,Hugh Vincent,Las Vegas,NV,USA
209,Vince Burgio,West Hills,CA,USA
210,John Aglialoro,Haddonfield,NJ,USA
211,Don Pittman,Sapulpa,OK,USA
212,Barbara Samuelson,Unknown,Unknown,Unknown
213,Joel Nacht,Unknown,Unknown,Unknown
214,Luis Santoni,Pembroke Pines,FL,USA
215,James Courtney,Knoxville,TN,USA
216,Wil Wilkinson,Pacheco,CA,USA
217,Larry Beilfuss,West Allis,WI,USA
218,J.C. Pearson,Unknown,NV,USA
219,Crews Johnston,Unknown,Unknown,Unknown
220,Howard Goldfarb,Toronto,Unknown,CA
221,Gary Haubelt,Unknown,Unknown,Unknown
222,Annie Duke,Los Angeles,CA,USA
223,Barbara Enright,Hollywood,CA,USA
224,Charles Thompson,Santa Cruz,CA,USA
225,Dolph Arnold,Houston,TX,USA
226,Michael Moore (SD),Agar,SD,USA
227,Mick Cook,Unknown,Unknown,Unknown
228,James Hayes,Tuscaloosa,AL,USA
229,Roger Hellums,Unknown,Unknown,Unknown
230,Billy Argyros,Unknown,Unknown,Unknown
231,Freddy Deeb,Long Beach,CA,USA
232,Gary Kallam,Unknown,Unknown,Unknown
233,Billy Horan,Unknown,Unknown,Unknown
234,Mike Laing,Las Vegas,NV,USA
235,Hal Kant,Unknown,NV,USA
236,Huck Seed,Las Vegas,NV,USA
237,Bruce Van Horn,Ada,OK,USA
238,Men Nguyen,Bell Gardens,CA,USA
239,Andre Boyer,Quebec,QC,CA
240,J.P. Schmalz,Houston,TX,USA
241,Steven Beam,Las Vegas,NV,USA
242,David Chiu,Las Vegas,NV,USA
243,Paul Ladanyi,Unknown,Unknown,Unknown
244,John Saer,Unknown,Unknown,Unknown
245,Chau Giang,Las Vegas,NV,USA
246,John Franjesh,Unknown,Unknown,Unknown
247,Steven Melton,Unknown,Unknown,Unknown
248,Larry Gordon,Jarvie,AB,CA
249,Pete Vilandos,Houston,TX,USA
250,Lucy Rokach,Unknown,Unknown,Unknown
251,John Strzemp,Las Vegas,NV,USA
252,Bob Walker,Las Vegas,NV,USA
253,Peter Bao,Las Vegas,NV,USA
254,Tormod Roren,Vikersund,Unknown,NO
255,David Roepke,Troy,TX,USA
256,Kevin Nettles,Los Angeles,CA,USA
257,George Geros,Reno,NV,USA
258,Andy Black,Dublin,Unknown,IE
259,Michael Schichtman,Unknown,Unknown,Unknown
260,Paul Clark,New Orleans,LA,USA
261,Billy Baxter,Las Vegas,NV,USA
262,Parviz Ghomroudi,Unknown,Unknown,Unknown
263,Matt Kuortti,Unknown,Unknown,Unknown
264,Robert Housden,Unknown,Unknown,Unknown
265,Scotty Nguyen,Las Vegas,NV,USA
266,Kevin McBride,Boca Raton,FL,USA
267,Laith Salem,Las Vegas,NV,USA
268,Ben Roberts,London,Unknown,GB
269,Jan Lundberg,London,Unknown,GB
270,Marc Brochard,Paris,Unknown,FR
271,Paul McKinney,Princeton,WV,USA
272,Susie Isaacs,Las Vegas,NV,USA
273,Paul Kroh,Battle Mountain,NV,USA
274,Mark Weitzman,Unknown,Unknown,Unknown
275,Trai Dang,Whittier,CA,USA
276,Soo Young Kim,Unknown,Unknown,Unknown
277,Kathy Liebert,Las Vegas,NV,USA
278,Tommy Joo,Unknown,Unknown,Unknown
279,David Kim,Anaheim,CA,USA
280,David Mosley,Unknown,Unknown,Unknown
281,Jack Fox,Unknown,Unknown,Unknown
282,Farzad Bonyadi,Los Angeles,CA,USA
283,Alan Goehring,Henderson,NV,USA
284,Padraig Parkinson,Dublin,Unknown,IE
285,Chris Bigler,Las Vegas,NV,USA
286,Paul Rowe,Las Vegas,NV,USA
287,Ty Bayne,Visalia,CA,USA
288,Gary Lent,Rancho Cucamonga,CA,USA
289,Bill Brenske,Las Vegas,NV,USA
290,Randy Holland,Winnetka,CA,USA
291,Glenn Schott,Unknown,Unknown,Unknown
292,Eric Holum,Las Vegas,NV,USA
293,James Van Alstyne,Las Vegas,NV,USA
294,Jonathan Kaplan,Pickerington,OH,USA
295,Mike Epstein,Las Vegas,NV,USA
296,John Hennigan,Las Vegas,NV,USA
297,Robert Oxenberg,Aspen,CO,USA
298,Douglas Traverso,Unknown,Unknown,Unknown
299,Lance Straughn,Unknown,NV,USA
300,William Fain,Unknown,Unknown,Unknown
301,Joel Fischbein,Long Beach,CA,USA
302,Robert Smith,Unknown,Unknown,USA
303,Don Thompson,Unknown,Unknown,Unknown
304,Michael Davis,Harker Heights,TX,USA
305,John Inashima,Pasadena,CA,USA
306,Scott Amos,Unknown,Unknown,Unknown
307,Robert Cooke,Galveston,TX,USA
308,Mac Fisher,Unknown,Unknown,Unknown
309,John Montelpro,Unknown,Unknown,Unknown
310,Q Knopow,Las Vegas,NV,USA
311,Chris Ferguson,Unknown,Unknown,USA
312,Steve Kaufman,Las Vegas,NV,USA
313,Hasan Habib,Downey,CA,USA
314,Jim McManus,Kenilworth,IL,USA
315,Roman Abinsay,Stockton,CA,USA
316,Jeff Shulman,Las Vegas,NV,USA
317,Anastassios Lazarou,Unknown,Unknown,Unknown
318,Angelo Besnainou,Unknown,Unknown,Unknown
319,Buddy Pitcock,Unknown,Unknown,Unknown
320,Barny Boatman,Hendon,Unknown,GB
321,Mehul Chaudhari,San Francisco,CA,USA
322,Glynn Beebe,Unknown,Unknown,USA
323,Cary Long,Witten,SD,USA
324,Samuel Arzoin,Unknown,Unknown,Unknown
325,Bruce Yamron,Naples,FL,USA
326,Marty Lang,Unknown,Unknown,Unknown
327,Gregory Alston,Dublin,CA,USA
328,Hung La,Manhattan Bch,CA,USA
329,Day Kim,Unknown,Unknown,Unknown
330,Alan Boston,Unknown,Unknown,USA
331,Stan Goldstein,Unknown,Unknown,Unknown
332,Steve Meyerson,Unknown,Unknown,Unknown
333,Mark Edwards,Las Vegas,NV,USA
334,John Shipley,Solihull,Unknown,GB
335,Ramon Adams,Unknown,Unknown,Unknown
336,Carlos Mortensen,Unknown,Unknown,ES
337,Stanley Schrier,Las Vegas,NV,USA
338,Phil Gordon,Henderson,NV,USA
339,Mike Matusow,Henderson,NV,USA
340,Henry Nowakowski,Frankfurt,Unknown,DE
341,Steven Reihle,Lompoc,CA,USA
342,Arturo Diaz,Chula Vista,CA,USA
343,Daniel Negreanu,Toronto,ON,CA
344,Charles Glorioso,Shreveport,LA,USA
345,Seymour Guiberson,Unknown,Unknown,Unknown
346,Donald Barton,Unknown,Unknown,Unknown
347,John Farley,Chicago,IL,USA
348,Larry Wood,Cheboygan,MI,USA
349,Mel Wiener,Los Angeles,CA,USA
350,Kevin Song,Brea,CA,USA
351,Sam Batshon,Unknown,Unknown,Unknown
352,Aaron Katz,New York,NY,USA
353,Alex Brenes,Unknown,Unknown,CR
354,Kevin Keller,San Diego,CA,USA
355,Allen Cunningham,Las Vegas,NV,USA
356,Mike May,Unknown,Unknown,Unknown
357,Scott O'Bryan,Unknown,Unknown,Unknown
358,Gus Echeverri,Steilacoom,WA,USA
359,Pete Kaufman,Unknown,Unknown,Unknown
360,Bueno Patrick,Unknown,Unknown,Unknown
361,Alexander Dietrich,Voelklingen,Unknown,DE
362,Mike Magee,Unknown,Unknown,Unknown
363,Eugene Malatesta,Hillsboro,OR,USA
364,Dan Alspach,Las Vegas,NV,USA
365,Bill Gazes,Miami Beach,FL,USA
366,David Pham,Stanton,CA,USA
367,Robert Varkonyi,Brooklyn,NY,USA
368,Julian Gardner,Wilmslow Cheshine,Unknown,GB
369,Ralph Perry,Las Vegas,NV,USA
370,Scott Gray,Dublin,Unknown,IE
371,Harley Hall,San Juan Capistrano,CA,USA
372,Russell Rosenblum,Las Vegas,NV,USA
373,Minh Ly,Temple City,CA,USA
374,Amir Nasseri,Las Vegas,NV,USA
375,Owen Mullin,Unknown,Unknown,Unknown
376,Martin De Knijff,Unknown,Unknown,Unknown
377,James Neely,Unknown,Unknown,Unknown
378,Bernard Ko,Foster City,CA,USA
379,Sigi Stockinger,Linz,Unknown,AT
380,Michael Fetter,Unknown,Unknown,Unknown
381,Steve Wilsdon,Doncaster,Unknown,GB
382,Phil Ivey,Henderson,NV,USA
383,Minh Nguyen,Bell Gardens,CA,USA
384,Kurt Paseka,Bayside,NY,USA
385,Dennis January,Vancouver,WA,USA
386,Luan Phu,Unknown,Unknown,Unknown
387,Samuel Whitt,Unknown,Unknown,Unknown
388,Ramin Sai,Unknown,Unknown,Unknown
389,Ross Boatman,London,Unknown,GB
390,Tom Schneider,Scottsdale,AZ,USA
391,Herezel Zalewski,Houston,TX,USA
392,Doug Booth,Bowling Green,KY,USA
393,Jason Lane,Chandler,AZ,USA
394,Brian Haveson,Garnet Valley,PA,USA
395,Dan Heimiller,Las Vegas,NV,USA
396,Tristan McDonald,London,Unknown,GB
397,Peter Giordano,Liverpool,NY,USA
398,Chris Moneymaker,Lakeland,TN,USA
399,Sammy Farha,Houston,TX,USA
400,Tomer Benvenisti,Las Vegas,NV,USA
401,Amir Vahedi,Unknown,Unknown,IR
402,Young Pak,Bainbridge,WA,USA
403,David Grey,Henderson,NV,USA
404,David Singer,Las Vegas,NV,USA
405,Dutch Boyd,Las Vegas,NV,USA
406,Marcel Luske,Almere,Unknown,NL
407,Bruno Fitoussi,Sceaux,Unknown,FR
408,Olof Thorson,Unknown,Unknown,Unknown
409,Bill Jones,Romeoville,IL,USA
410,Bryan Watkins,San Francisco,CA,USA
411,Abraham Rosenkrantz,Unknown,Unknown,Unknown
412,Chris Grigorian,Panorama City,CA,USA
413,Dennis Waterman,La Canada Flintridge,CA,USA
414,Casey Kastle,Ljubljana,Unknown,SI
415,Chuc Hoang,Paris,Unknown,FR
416,Victor Ramdin,Las Vegas,NV,USA
417,David Plastik,Las Vegas,NV,USA
418,Jim Miller,Unknown,Unknown,Unknown
419,Stuart Wheeler,Unknown,Unknown,Unknown
420,Ken Lennaard,Fort Worth,TX,USA
421,Konstantin Anastasyadis,Unknown,Unknown,Unknown
422,Kenna James,Las Vegas,NV,USA
423,Cory Zeidman,Coral Springs,FL,USA
424,Tam Duong,Unknown,Unknown,Unknown
425,Ood Erlend Jensen,Unknown,Unknown,Unknown
426,Paul Darden,Las Vegas,NV,USA
427,Jules Bui,Fairfax,VA,USA
428,Timothy Johnson,Unknown,Unknown,Unknown
429,Matthew Allen,Chillicothe,OH,USA
430,Dan Dumont,Maitland,FL,USA
431,Charles Doumitt,Unknown,Unknown,Unknown
432,Rory Liffey,London,Unknown,GB
433,Tod Reichert,Salkum,WA,USA
434,Brian Nadell,Van Nuys,CA,USA
435,Bruce Atkinson,Brighton  East Sussex,Unknown,GB
436,Charlie Shoten,Unknown,Unknown,Unknown
437,George Rechnitzer,Los Angeles,CA,USA
438,Greg Raymer,Raleigh,NC,USA
439,David Williams,Las Vegas,NV,USA
440,Josh Arieh,Alpharetta,GA,USA
441,Glenn Hughes,Scottsdale,AZ,USA
442,Matt Dean,Woodlands,TX,USA
443,Mattias Andersson,Lund,Unknown,SE
444,Mike McClain,Davis,CA,USA
445,Dewey Archer,Lake Charles,LA,USA
446,James Grimes,Houston,TX,USA
447,John Murphy,Ridge,NY,USA
448,Kevin Bott,Unknown,Unknown,USA
449,Eduard Scharf,Cologne,Unknown,DE
450,William Erickson,Unknown,Unknown,Unknown
451,Gary Jones,Las Cruces,NM,USA
452,Charidimos Demetriou,London,Unknown,GB
453,Richard Fullerton,Unknown,Unknown,Unknown
454,Bobb Jarrett,Unknown,Unknown,Unknown
455,Scott Carpenter,Fairfax Station,VA,USA
456,Jason Sagle,Sudbury,ON,CA
457,Vinh Truong,Unknown,Unknown,Unknown
458,Davin Anderson,Unknown,Unknown,Unknown
459,Eric Van Der Burg,Hillegom,Unknown,NL
460,Martin Feijo,Unknown,Unknown,Unknown
461,Matt Lefkowitz,Carmel Valley,CA,USA
462,Glen Cooney,Unknown,Unknown,Unknown
463,Bradley Berman,Wayzata,MN,USA
464,Matthew Hilger,Suwanee,GA,USA
465,Daniel Adelson,Sherman Oaks,CA,USA
466,David Angel,La Porte,TX,USA
467,Ben Johnson,Vancouver,WA,USA
468,Matt Treasure,Unknown,Unknown,Unknown
469,Patrick O'Connor,Dromahair,Unknown,IE
470,Robert Daniel,Lancaster,CA,USA
471,Dung Gomer Nguyen,Wichita,KS,USA
472,Mario Zeledon,San Jose,Unknown,CR
473,Martin Schaeffer,Unknown,Unknown,Unknown
474,Desmond Portano,Chicago,IL,USA
475,Barry Schwartz,Huntington Beach,CA,USA
476,Anh Van Nguyen,Toronto,ON,CA
477,Bryan Bevis,Savage,MN,USA
478,Jess Kaufman,Unknown,Unknown,Unknown
479,Ali Eslami,Los Angeles,CA,USA
480,V. Senthil Kumar,Unknown,Unknown,Unknown
481,Gavin Smith,Guelph,ON,CA
482,Blair Rodman,Las Vegas,NV,USA
483,Tobias Persson,Unknown,Unknown,Unknown
484,Tony Abesamis,West Covina,CA,USA
485,Frank Russomanno,Newark,NJ,USA
486,Henrick Olsen,Unknown,Unknown,Unknown
487,Daniel Alaei,Los Angeles,CA,USA
488,Charles Pacheco,Los Angeles,CA,USA
489,Nils Paulsen,Unknown,Unknown,Unknown
490,Chris Heintschel,Escondido,CA,USA
491,Andrew Wynn,Stratford,CT,USA
492,Brett Ehart,Unknown,Unknown,Unknown
493,Jeffrey Calkins,New York,NY,USA
494,James Hoeppner,Las Vegas,NV,USA
495,Edward Foster,Unknown,Unknown,Unknown
496,Michael Zelin,Plainsboro,NJ,USA
497,Todd Rupert,Unknown,Unknown,Unknown
498,Dani Pourat,Beverly Hills,CA,USA
499,Ayhan Alsancak,Unknown,Unknown,Unknown
500,David Ulliott,Hull,Unknown,GB
501,Ken Borror,Unknown,Unknown,Unknown
502,Gregg Turk,Sterling,VA,USA
503,Richard Osborne,Martinez,CA,USA
504,Sam Libicki,Unknown,Unknown,Unknown
505,Dan Bigelow,Unknown,Unknown,Unknown
506,Donny Ariel,Unknown,Unknown,Unknown
507,Paul Kraus,Redondo Beach,CA,USA
508,Kostas Angeloudis,Unknown,Unknown,Unknown
509,Chuck Agnew,Unknown,Unknown,Unknown
510,Peter Damato,Crest Hill,IL,USA
511,Paul North,Forest Hills,NY,USA
512,Johnathan Brooks,Unknown,Unknown,Unknown
513,Brad Pierce,Unknown,Unknown,Unknown
514,Thomas Bohmer,Pacific Palisades,CA,USA
515,Burt Boutin,Las Vegas,NV,USA
516,Phillip Marmorstein,Gurnwald,Unknown,CH
517,Craig Swick,Big Sky,MT,USA
518,Jacob Spelman,Ypsilanti,MI,USA
519,Dave Scharf,Unknown,Unknown,Unknown
520,Michael Breault,Unknown,Unknown,Unknown
521,Greg Duros,Signal Hill,CA,USA
522,Tri Van,Unknown,Unknown,Unknown
523,Rose Richie,Unknown,Unknown,Unknown
524,Steve Bartlett,Las Vegas,NV,USA
525,Danny Rogers,Unknown,Unknown,Unknown
526,Mark Wilds,Biloxi,MS,USA
527,Yee Cheung,Unknown,Unknown,Unknown
528,Bo Sehlstedt,Unknown,Unknown,SE
529,Peter Sterns,Unknown,Unknown,Unknown
530,Charles Buffalo,Scottsdale,AZ,USA
531,Saleem Tawil,Unknown,Unknown,Unknown
532,Yarom Limor,Beverly Hills,CA,USA
533,Daniel Larsson,Unknown,Unknown,Unknown
534,Robert Boyd,Columbia,MO,USA
535,Jan Sjavik,Oslo,Unknown,NO
536,Markus Feurle,Bregenz,Unknown,AT
537,Lee Watkinson,Lakebay,WA,USA
538,David Weisberger,New York,NY,USA
539,Peter Moone,Unknown,Unknown,Unknown
540,Curt Kohlberg,Weston,MA,USA
541,JC Tran,Sacramento,CA,USA
542,Bill Duarte,Unknown,Unknown,USA
543,Tod Skarecky,Unknown,Unknown,Unknown
544,Abe Mosseri,Longboat Key,FL,USA
545,Dayne Baverman,West Chester,OH,USA
546,Arthur Loring,Palm Beach,FL,USA
547,Greg Geller,Unknown,Unknown,Unknown
548,Yaser Al-Keliddar,Arlington,VA,USA
549,Craig Crivello,Las Vegas,NV,USA
550,Kenneth Maust,Unknown,Unknown,Unknown
551,Andy Church,Unknown,Unknown,Unknown
552,Jesse Jewell,Unknown,Unknown,Unknown
553,John Sheckherd,Unknown,Unknown,Unknown
554,William Brindise,Union,NJ,USA
555,Larry Anderson,Unknown,Unknown,Unknown
556,Frank Brabek,Unknown,Unknown,Unknown
557,Orjan Gronmo,Unknown,Unknown,Unknown
558,Melven Jr. Phillips,Unknown,Unknown,Unknown
559,Rene Oliveras,Unknown,Unknown,Unknown
560,Don Moseley,Unknown,Unknown,Unknown
561,Jordan Siegel,Oceanside,NY,USA
562,John Pires,San Jose,CA,USA
563,Jeff Freedman,Simi Valley,CA,USA
564,Raymond Davis,Commerce,CA,USA
565,Kevin O'Connell,Unknown,Unknown,Unknown
566,Carl Quinton,Unknown,Unknown,Unknown
567,Robert Hartmann,Unknown,Unknown,Unknown
568,Gus Hansen,Unknown,Unknown,DK
569,Daniel Griffith,Unknown,Unknown,Unknown
570,Behman Zakeri,Leawood,KS,USA
571,Robert Fogarty,Cudahy,WI,USA
572,Derek Tomko,Winter Haven,FL,USA
573,Patrick Hanley,Unknown,Unknown,Unknown
574,Garth Weeks,Unknown,Unknown,Unknown
575,Emmanuel Moraitis,Chicago,IL,USA
576,Aviv Shahaf,Unknown,Unknown,Unknown
577,Lucienne Rokach,Unknown,Unknown,Unknown
578,Mojtaba Seyedin,Las Vegas,NV,USA
579,Richie Tomman,Unknown,Unknown,Unknown
580,Sargon Ruya,Unknown,Unknown,Unknown
581,Thomas Hammond,Unknown,Unknown,Unknown
582,John Wheeler,London,Unknown,GB
583,Patri Friedman,Unknown,Unknown,Unknown
584,Andy Cracchiolo,Unknown,Unknown,Unknown
585,Juha Helppi,Helsinki,Unknown,FI
586,Gabriel Thaler,Henderson,NV,USA
587,Timothy White,Port Saint Lucie,FL,USA
588,Eli Elezra,Unknown,Unknown,IL
589,Gregory Sawka,Unknown,Unknown,Unknown
590,Paul Nobles,Unknown,Unknown,Unknown
591,Ken Evanowski,Las Vegas,NV,USA
592,Jeff Bull,Chicago,IL,USA
593,Greg Blau,Unknown,Unknown,Unknown
594,Bill Krackomberger,Unknown,Unknown,Unknown
595,George Youkhanna,Unknown,Unknown,Unknown
596,Thom Werthmann,Royal Oak,MI,USA
597,Antonio Salorio,Fort Lauderdale,FL,USA
598,Jan Sorensen,Unknown,Unknown,DK
599,Paul Jackson,Unknown,Unknown,Unknown
600,Erik Villand,Unknown,Unknown,Unknown
601,Dennis Colletti,Unknown,Unknown,Unknown
602,Troy Reed,Unknown,Unknown,Unknown
603,Scott Marks,Unknown,Unknown,Unknown
604,Jamie O'Sullivan,Fairfield,CA,USA
605,Jacob Battenberg,Lakewood,CO,USA
606,Abraham Gray,Unknown,Unknown,Unknown
607,Bryan Dillon,Prospect,KY,USA
608,Rob Hollink,Groningen,Unknown,NL
609,Andrew Goetsch,Unknown,Unknown,Unknown
610,Michael Mexal,Unknown,Unknown,Unknown
611,Robert Skutelsky,Boulder,CO,USA
612,Michael Fillat,Unknown,Unknown,Unknown
613,Shreeniwas Kelkar,Kirkland,WA,USA
614,Robert Fikac,Sterling,VA,USA
615,Herman Grimes,Unknown,Unknown,Unknown
616,Margatoi Belinovich,Unknown,Unknown,Unknown
617,Leon Garcia,Unknown,Unknown,Unknown
618,Gene Timberlake,Houston,TX,USA
619,Neil Channing,London,Unknown,GB
620,George Abdallah,Houston,TX,USA
621,Erin Ness,Unknown,Unknown,Unknown
622,Samir Zoudo,Modesto,CA,USA
623,Richard Cordani,Unknown,Unknown,Unknown
624,Vincent Napolitano,Unknown,Unknown,Unknown
625,Adam Garfinkle,Unknown,Unknown,Unknown
626,Earl Odom,Gillette,WY,USA
627,Steven Greenberg,Unknown,Unknown,Unknown
628,Aaron Ogus,Redmond,WA,USA
629,Matt Stodola,Unknown,Unknown,Unknown
630,Shawn Silber,Henderson,NV,USA
631,Dan Soda,Unknown,Unknown,Unknown
632,David Cupps,Bedford,IN,USA
633,Ivon Crewse,Lisle,IL,USA
634,Michael Pino,Staten Island,NY,USA
635,Peter Hedlund,Stockholm,Unknown,SE
636,Ron Faltinsky,Monterey Park,CA,USA
637,Philip Tom,Las Vegas,NV,USA
638,Dave Combs,Unknown,Unknown,Unknown
639,Joe Hachem,Melbourne,Unknown,AU
640,Steve Dannenmann,Glen Burnie,MD,USA
641,Tex Barch,Mckinney,TX,USA
642,Aaron Kanter,Lodi,CA,USA
643,Scott Lazar,Studio City,CA,USA
644,Daniel Bergsdorf,Umea,Unknown,SE
645,Brad Kondracki,Kingston,PA,USA
646,Shawn Sheikhan,Las Vegas,NV,USA
647,Conor Tate,Manchestere,Unknown,EE
648,Bernard Lee,Wayland,MA,USA
649,Oskar Silow,Goteborg,Unknown,SE
650,Tiffany Williamson,Unknown,Unknown,USA
651,Johnny Howard,Unknown,Unknown,Unknown
652,Michael Kessler,Spotsylvania,VA,USA
653,John McGrane,Unknown,Unknown,Unknown
654,Bryant King,Liberty Lake,WA,USA
655,Tommy Vu,Las Vegas,NV,USA
656,Joe Conner,Unknown,Unknown,Unknown
657,Thien Phan,Westminster,CA,USA
658,Tom Sartori,Orlando,FL,USA
659,Per Hildebrand,Marsta,Unknown,SE
660,Gregory Rice,Birmingham,AL,USA
661,Russ Salzer,Las Vegas,NV,USA
662,Radu Butan,Unknown,Unknown,Unknown
663,John Juanda,Las Vegas,NV,USA
664,Dustin Woolf,Las Vegas,NV,USA
665,Karlo Lopez,Carolina,Unknown,PR
666,Bing Wang,Unknown,Unknown,Unknown
667,Steve Marx,Unknown,Unknown,Unknown
668,Will O'Brien,Unknown,Unknown,Unknown
669,Roland Israelashvili,Forest Hills,NY,USA
670,Terence Burt,Unknown,Unknown,Unknown
671,Frank Caldwell,Nicholasville,KY,USA
672,Raymi Sanchez,Unknown,Unknown,Unknown
673,Adam Friedman,Gahanna,OH,USA
674,David Richardson,Unknown,Unknown,Unknown
675,Kevin Kaikko,Princeton,NJ,USA
676,Patrick Hayden,Unknown,Unknown,Unknown
677,Joe Stillman,Unknown,Unknown,Unknown
678,Derek Dix,Chico,CA,USA
679,Rod Sr. Pardey,Tacoma,WA,USA
680,Nick Gibson,Bucks,Unknown,GB
681,James Butt,Buckley,WA,USA
682,Mark Forrester,Unknown,Unknown,Unknown
683,Larry Prugh,Los Angeles,CA,USA
684,Yakov Hirsch,Brooklyn,NY,USA
685,Jarl Lindholt,Unknown,Unknown,Unknown
686,Hani Awad,Las Vegas,NV,USA
687,Manelic Minaya,Tampa,FL,USA
688,Casper Christensen,Unknown,Unknown,Unknown
689,Sarah Bilney,Melbourne,Unknown,AU
690,Patrick Madden,Lexington,KY,USA
691,Nicklas Flisberg,Bromma,Unknown,SE
692,Jose Rodriguez,Unknown,Unknown,Unknown
693,Richard Kirsch,Davie,FL,USA
694,Joe Berry,Wister,OK,USA
695,Kevin McCarthy,Anchorage,AK,USA
696,Tom Pniak,Naperville,IL,USA
697,Vadim Shlez,Unknown,Unknown,UA
698,Bob Larsen,Milwaukee,WI,USA
699,Jake Minter,Unknown,Unknown,Unknown
700,Luis Calvo,Sunny Isles Beach,FL,USA
701,Ron Ware,Las Vegas,NV,USA
702,Alex Morales,Unknown,Unknown,Unknown
703,Kelly Zoudo,Unknown,Unknown,Unknown
704,Sean Daulat,Unknown,Unknown,Unknown
705,Terry Myers,Yuma,AZ,USA
706,Shane Bartholomew,Unknown,Unknown,Unknown
707,Jon Kalmar,Chorley,Unknown,GB
708,Marcello Del Grosso,Unknown,Unknown,Unknown
709,Kevin Wright,Cypress,TX,USA
710,Richard Lapwood,Wick,Unknown,GB
711,Webber Kang,Garland,TX,USA
712,Gabe Walls,Unknown,Unknown,Unknown
713,Jon Lane,Menasha,WI,USA
714,Can Kim Hua,Las Vegas,NV,USA
715,Bryan Stellwagen,Unknown,Unknown,Unknown
716,James Olson,Unknown,Unknown,Unknown
717,Jack Ward,Gulfport,MS,USA
718,Nick Cassavetes,Unknown,Unknown,Unknown
719,Samir Shakroov,Unknown,Unknown,Unknown
720,Mike Wattel,Chandler,AZ,USA
721,Joshua Prager,Yuba City,CA,USA
722,Tom Drotleff,Flower Mound,TX,USA
723,Carmen Menechella,Unknown,Unknown,Unknown
724,Chris Short,Unknown,Unknown,Unknown
725,Tony Laughing Jr,Unknown,Unknown,Unknown
726,Alex Pacheco,Unknown,Unknown,Unknown
727,Joseph Chiosie,Unknown,Unknown,Unknown
728,Mark Cole,Naples,FL,USA
729,Chris Podlewski,Belleville,MI,USA
730,Matt Fitzpatrick,Unknown,Unknown,Unknown
731,Gen Watanabe,Unknown,Unknown,Unknown
732,Joe Simmons,Rodessa,LA,USA
733,Kevin Kim,Los Angeles,CA,USA
734,Espen Saltnes,Unknown,Unknown,Unknown
735,Louis Lo,Lake Oswego,OR,USA
736,Nani Dollison,Unknown,MS,USA
737,Doug Gehring,Unknown,Unknown,Unknown
738,Stephen Deetz,Unknown,Unknown,Unknown
739,Krystal Nelson,Unknown,Unknown,Unknown
740,Tom Shaneberger,Unknown,Unknown,Unknown
741,Paul Vicary,Unknown,Unknown,Unknown
742,Bjorn Lindenberg,Unknown,Unknown,Unknown
743,Joe Toth,Unknown,Unknown,Unknown
744,Tony Pirrone,Unknown,Unknown,Unknown
745,Kit Phaphone,Unknown,Unknown,Unknown
746,Thomas Roupe,Houston,TX,USA
747,Brett Wiesner,Las Vegas,NV,USA
748,Bob Hotchandani,Belize City,Unknown,BZ
749,Amit Sander,Fort Myers,FL,USA
750,Chris Drozdowski,Unknown,Unknown,Unknown
751,Dmitriy Eidelman,Unknown,Unknown,Unknown
752,John Pappas,Tampa,FL,USA
753,Joe Leibman,Fort Atkinson,WI,USA
754,Adam Brosius,Newtown,PA,USA
755,George Dickson,Winnipeg,MB,CA
756,Scott Numoto,Sunnyvale,CA,USA
757,Michael Cribb,Unknown,Unknown,Unknown
758,Paul Fishe,El Paso,TX,USA
759,Mark Graves,Unknown,Unknown,Unknown
760,Bobby Law,Chetek,WI,USA
761,Michael Capener,Phoenix,AZ,USA
762,Babak Razi,Los Angeles,CA,USA
763,Mark Bryan,Orange,CA,USA
764,Yomtov Shabot,Unknown,Unknown,Unknown
765,Paul Mannetta,Unknown,Unknown,Unknown
766,Frank Hernandez,Unknown,Unknown,Unknown
767,Joe Beevers,Herts,Unknown,GB
768,Tom Koral,Skokie,IL,USA
769,Cliff Cantor,Los Angeles,CA,USA
770,Mitchell Klein,Unknown,Unknown,Unknown
771,Darryll Dennfas,Unknown,Unknown,Unknown
772,Tom Clark,Unknown,Unknown,Unknown
773,Edward Pellegrini,Las Vegas,NV,USA
774,James Pallack,Unknown,Unknown,Unknown
775,Kjetil Praesttun,Unknown,Unknown,Unknown
776,Erick Richardson,Unknown,Unknown,Unknown
777,David Steirman,Burlingame,CA,USA
778,Imad Samouna,West Bloomfield,MI,USA
779,Mark Tenner,Henderson,NV,USA
780,Kevin O'Brien,Unknown,Unknown,Unknown
781,Jeffrey Geiger,Unknown,Unknown,Unknown
782,John McLaughlin,Unknown,Unknown,Unknown
783,Glyn Banks,Smithville,TN,USA
784,Anthony Hill,Columbia,CT,USA
785,Matt Fitzgerald,Unknown,Unknown,Unknown
786,Dennis Savelkoul,Unknown,Unknown,Unknown
787,Randal Brooks,Palestine,TX,USA
788,Joseph Vannata,Unknown,Unknown,Unknown
789,Jason Kaplan,Unknown,Unknown,Unknown
790,Jon Hoellein,Westlake,OH,USA
791,John Brown,Dallas,TX,USA
792,Martin Cedercrantz,Unknown,Unknown,Unknown
793,Mike Leah,Toronto,ON,CA
794,Mehrdad Yovsefzadeh,Unknown,Unknown,Unknown
795,Alan Singer,Phoenix,AZ,USA
796,Dan Shak,Las Vegas,NV,USA
797,Michael Mallay,Unknown,Unknown,Unknown
798,Sean Blanton,Unknown,Unknown,Unknown
799,James Barber,Albuquerque,NM,USA
800,Clifford Pappas,Scottsdale,AZ,USA
801,Greg Fondacaro,Unknown,Unknown,Unknown
802,Joel Merwick,Omaha,NE,USA
803,Daniel Quach,Westminster,CA,USA
804,James Peera,Las Vegas,NV,USA
805,Hung Tran,Unknown,Unknown,Unknown
806,Chino Rheem,Los Angeles,CA,USA
807,Layne Flack,Las Vegas,NV,USA
808,Jim Meehan,Burnsville,MN,USA
809,Denis Ethier,Las Vegas,NV,USA
810,Gang Huang,Unknown,Unknown,Unknown
811,Jani Sointula,Helsinki,Unknown,FI
812,Ross Mallor,New York,NY,USA
813,Andreas Oskarsson,Unknown,Unknown,Unknown
814,David Silverman,Baltimore,MD,USA
815,Michael Hogbom,Unknown,Unknown,Unknown
816,Chris Bush,Unknown,Unknown,Unknown
817,Chris Stull,Austin,TX,USA
818,Tuyen Luong,Unknown,Unknown,Unknown
819,Josh Ewing,Unknown,Unknown,Unknown
820,Jeff Taylor,Unknown,Unknown,Unknown
821,Dan Burns,Unknown,Unknown,Unknown
822,Samual Ling,Unknown,Unknown,Unknown
823,Graeme Harrison,Unknown,Unknown,Unknown
824,Dennis Orr,Topeka,KS,USA
825,Leo Alvarez,Unknown,Unknown,USA
826,Jim Pittman,Torrance,CA,USA
827,Craig Wexler,Unknown,Unknown,Unknown
828,Scott Bohlman,Lemont,IL,USA
829,Edgar Skjervold,Unknown,Unknown,Unknown
830,Jens Voertmann,Dortmund,Unknown,DE
831,Garry Bush,London,Unknown,GB
832,Aaron Kline,Unknown,Unknown,Unknown
833,Thomas Vinus,Unknown,Unknown,Unknown
834,Mark Napolitano,Austin,TX,USA
835,Sarah Casey,Las Vegas,NV,USA
836,Allen Patatanyan,Unknown,Unknown,USA
837,Eric Mifune,Sao Paulo,Unknown,BR
838,Thomas Madsen,Unknown,Unknown,Unknown
839,Dan Grolemund,Warren,PA,USA
840,Jesse Martin,Northborough,MA,USA
841,Sal Cataldo,Unknown,Unknown,Unknown
842,Michael Mizrachi,Hollywood,FL,USA
843,Chris Leggett,Unknown,Unknown,Unknown
844,Rehne Pedersen,Unknown,Unknown,Unknown
845,Will Failla,Smithtown,NY,USA
846,John Falconer,Unknown,Unknown,Unknown
847,Mats Rahmn,Stockholm,Unknown,SE
848,Michael O'Malley,Upland,CA,USA
849,Olga Varkonyi,Great Neck,NY,USA
850,Dan Cormier,Unknown,Unknown,Unknown
851,Michael Chow,Las Vegas,NV,USA
852,Eduoart Cardona,Unknown,Unknown,Unknown
853,Joseph Chee,Orange,CA,USA
854,Jesus Abreu,Unknown,Unknown,Unknown
855,Shun Tsai,Unknown,Unknown,Unknown
856,David Icke,San Diego,CA,USA
857,John Roh,Plainfield,IL,USA
858,Osvaldo Morales,Unknown,Unknown,Unknown
859,Bill Borsellino,Unknown,Unknown,Unknown
860,Ugur Marangoz,Las Vegas,NV,USA
861,Jack Eachus,Unknown,Unknown,Unknown
862,Sol Bergren,Saskatoon,SK,CA
863,Pat Poels,Mesa,AZ,USA
864,Thomas Lock,St Clair,MI,USA
865,Harry Varisco,Unknown,Unknown,Unknown
866,Tony O'Hagan,Newton-Lee Willows,Unknown,GB
867,David Claiborne,Unknown,Unknown,Unknown
868,Norbert Hoelting,Essen,Unknown,DE
869,John Hutchinson,Unknown,Unknown,Unknown
870,Kenny Tran,Arcadia,CA,USA
871,Corlan Chinn,Unknown,Unknown,Unknown
872,Kevin Mason,West New York,NJ,USA
873,Carl Olson,Seattle,WA,USA
874,Alan Colon,Unknown,Unknown,Unknown
875,Barry Neville,Unknown,Unknown,Unknown
876,Anders Rosander,Unknown,Unknown,Unknown
877,Eamon Grimes,Unknown,Unknown,Unknown
878,Nathan Kent,Unknown,Unknown,Unknown
879,Steve Allen,Bradenton,FL,USA
880,Anthony Argila,Island Park,NY,USA
881,Marcello Colesimo,Unknown,Unknown,Unknown
882,Champie Douglas,Unknown,Unknown,USA
883,Jean-Philippe Piquette,Laval,QC,CA
884,Peter Lawson,Las Vegas,NV,USA
885,Doug Morgan,Pinole,CA,USA
886,William Mkamarek,Unknown,Unknown,Unknown
887,James Jr. Jordan,Unknown,Unknown,Unknown
888,Leonardo Feinzaig,Unknown,Unknown,Unknown
889,Russ Prentice,Unknown,Unknown,Unknown
890,Anahit Galajian,Unknown,Unknown,Unknown
891,Eric Miller,Seaford,NY,USA
892,Ryan Porter,Nampa,ID,USA
893,Andrew Parker,Unknown,Unknown,Unknown
894,Brock Parker,Silver Spring,MD,USA
895,David Zeitlin,Brooklyn,NY,USA
896,Jerri Thomas,Hamilton,OH,USA
897,Peter Campo,Waterford,CT,USA
898,Farzad Rouhani,Brigantine,NJ,USA
899,Andrew Barrett,Oak Park,IL,USA
900,Christopher Hamlyn,Unknown,Unknown,Unknown
901,Iwan Jones,Cardiff  Wales,Unknown,GB
902,John Letts,Unknown,Unknown,Unknown
903,Jay Goldenberg,Northbrook,IL,USA
904,William Frymer,Guttenberg,NJ,USA
905,Klaus Agesen,Unknown,Unknown,Unknown
906,Paul Zimbler,London,Unknown,GB
907,Corey Cheresnick,Coral Springs,FL,USA
908,David Mogard,Unknown,Unknown,Unknown
909,Mike Lesle,Lake Elsinore,CA,USA
910,Aram Zerounian,Denver,CO,USA
911,Tim Gillig,Unknown,Unknown,Unknown
912,Robert Chasen,Unknown,Unknown,Unknown
913,Laurent Wisniec,Brussels,Unknown,BE
914,Daniel Sallam,Unknown,Unknown,Unknown
915,Jason Akau,Unknown,Unknown,Unknown
916,James Sabinas,Unknown,Unknown,Unknown
917,Jeff Flannery,Unknown,Unknown,Unknown
918,Kirk Schneider,Unknown,Unknown,Unknown
919,Haakon Waerstad,Unknown,Unknown,Unknown
920,Mike Deubel,Unknown,Unknown,Unknown
921,Todd Bui,Sacramento,CA,USA
922,Duncan Bell,Richmond,BC,CA
923,Kenneth Gregersen,Dybvad,Unknown,DK
924,Jeff Campbell,Unknown,Unknown,Unknown
925,David Hickman,Unknown,Unknown,Unknown
926,John Smith,La Habra Heights,CA,USA
927,Rick Lowe,Unknown,Unknown,Unknown
928,Rob O'Brien,Unknown,Unknown,Unknown
929,Anthony Williams,Unknown,Unknown,Unknown
930,Matthew Turner,Unknown,Unknown,Unknown
931,Jared Gilpin,Unknown,Unknown,Unknown
932,Adam Joens,Unknown,Unknown,Unknown
933,William Derrick,Tucson,AZ,USA
934,Jon Finkel,Unknown,Unknown,Unknown
935,Russell Barnes,Unknown,Unknown,Unknown
936,Brad Opsahl,Unknown,Unknown,Unknown
937,Arnold Neister,Unknown,Unknown,Unknown
938,Gregory Arnold,Unknown,Unknown,Unknown
939,Clint Kretzmeier,Corsicana,TX,USA
940,Sunny Camper,Unknown,Unknown,Unknown
941,Frank Gallas,Unknown,Unknown,Unknown
942,Daniel Clegg,Unknown,Unknown,Unknown
943,Jonah Seewald,Centennial,CO,USA
944,Ka-Way Cheung,Unknown,Unknown,Unknown
945,Raymond Yee,Alhambra,CA,USA
946,Alexander Jagodik,Cleveland,OH,USA
947,Brian Decatur,Unknown,Unknown,Unknown
948,Steve Hohn,Overland Park,KS,USA
949,Fred Badger,Oviedo,FL,USA
950,Robert Alexander,Las Vegas,NV,USA
951,Joe Capps,Unknown,Unknown,Unknown
952,Gary Friedlander,Bellaire,TX,USA
953,Louis Werman,Agoura Hills,CA,USA
954,Sean Ly,Unknown,Unknown,Unknown
955,Thomas Hammers,Shakopee,MN,USA
956,Mark Galasso,Unknown,Unknown,Unknown
957,Mark McNamara,Unknown,Unknown,Unknown
958,Keith Donais,Unknown,Unknown,Unknown
959,Robert Pearson,Unknown,Unknown,Unknown
960,Lee Budin,Unknown,Unknown,Unknown
961,Stephen Dunphy,Unknown,Unknown,Unknown
962,Richard Cohen,Philadelphia,PA,USA
963,Mike Reed,Unknown,Unknown,Unknown
964,Derek Van Damme,Unknown,Unknown,Unknown
965,Jose Rabledo,Unknown,Unknown,Unknown
966,Grant Sbrocco,Webster,NY,USA
967,Pasha Esfandiari,Unknown,Unknown,Unknown
968,Dave Cleveland,Unknown,Unknown,Unknown
969,Cameron Hamilton,Falls Church,VA,USA
970,Kalee Tan,Unknown,Unknown,Unknown
971,Charlie Morris,Unknown,Unknown,Unknown
972,Karle Wilson,West Chester,OH,USA
973,Kerry Petre,Unknown,Unknown,Unknown
974,Jim Overman,Unknown,Unknown,Unknown
975,Joseph Schaffer,Unknown,Unknown,Unknown
976,Jeff Gilroy,Unknown,Unknown,Unknown
977,George Alex,Boston,MA,USA
978,Matt Overstreet,Unknown,Unknown,Unknown
979,Christian Gartner,Unknown,Unknown,Unknown
980,Daniel Gray,Unknown,Unknown,Unknown
981,Dalton Polasek,Richmond,TX,USA
982,Tracy Scala,Boca Raton,FL,USA
983,Esther Rossi,Las Vegas,NV,USA
984,Evan Schwartz,Oakland,CA,USA
985,Bradley Helm,Scottsdale,AZ,USA
986,Conrad Stratton,Unknown,Unknown,Unknown
987,Christopher Lorenzo,Floral Park,NY,USA
988,Dennis Longoria,Mcallen,TX,USA
989,Douglas Carli,Alliance,OH,USA
990,Joe Di Donato,Unknown,Unknown,Unknown
991,Kelly Kim,Las Vegas,NV,USA
992,David Arnold,Unknown,Unknown,Unknown
993,Stephen Rodenbeck,Miami Beach,FL,USA
994,Michael Humphrey,Unknown,Unknown,GB
995,Matthew Parvis,San Diego,CA,USA
996,Oliver Fink,Diamond Bar,CA,USA
997,Ryan Hughes,Phoenix,AZ,USA
998,Chad Moore,Frankfort,IN,USA
999,Jim Feist,Las Vegas,NV,USA
1000,Carrol Hansen,Unknown,Unknown,Unknown
1001,Justin Yu,Las Vegas,NV,USA
1002,Matthew Vogel,Bend,OR,USA
1003,Michael O'Sullivan,Unknown,Unknown,Unknown
1004,Jason Seitz,Shakopee,MN,USA
1005,Stanley Boralsky,Unknown,Unknown,Unknown
1006,Harold Fitzpatrick,Surrey,BC,CA
1007,Scott Alderton,Fishers,IN,USA
1008,Yaron Wasserman,Unknown,Unknown,Unknown
1009,Jonathan Shecter,Las Vegas,NV,USA
1010,Larry Collins,Unknown,Unknown,Unknown
1011,Michael Padilla,Unknown,Unknown,Unknown
1012,Scott Glaze,Unknown,Unknown,Unknown
1013,Thierry Mulin,Unknown,Unknown,Unknown
1014,John Hopkins,Rocky Mountain House,AB,CA
1015,Michael A. Davis,Unknown,Unknown,Unknown
1016,Nilenil Persaud,Unknown,Unknown,Unknown
1017,Bruno Pisa,Boynton Beach,FL,USA
1018,Chris Grove,Unknown,Unknown,Unknown
1019,Matt Szymaszek,Redondo Beach,CA,USA
1020,Anthony Fagan,Unknown,Unknown,Unknown
1021,Justin Budwey,Unknown,Unknown,Unknown
1022,Hooman Nikzad,Scottsdale,AZ,USA
1023,Franco Brunetti,Los Angeles,CA,USA
1024,Michael Russell,Odessa,TX,USA
1025,John Harrington,Unknown,Unknown,Unknown
1026,Tom Peterson,La Crosse,WI,USA
1027,Jason Levine,Village Of Palmetto Bay,FL,USA
1028,Tai Tran,Richmond,CA,USA
1029,Kevin Shackelford,Unknown,Unknown,Unknown
1030,Sal Calandra,Unknown,Unknown,Unknown
1031,Michael Jr. Collins,Unknown,Unknown,Unknown
1032,Christopher Smith,South Elgin,IL,USA
1033,Sergey Feklisov,Unknown,Unknown,Unknown
1034,Casey McCarrel,Walnut Creek,CA,USA
1035,Casey Peters,Brick,NJ,USA
1036,Kirill Gerasimov,Moscow,Unknown,RU
1037,Richard Lester,Unknown,Unknown,Unknown
1038,Mark Hylden,Unknown,Unknown,Unknown
1039,Jeffrey Dziedzic,Unknown,Unknown,Unknown
1040,Ryan McKinney,Unknown,Unknown,Unknown
1041,Henning Frick,Unknown,Unknown,Unknown
1042,Nicholas Venetia,Unknown,Unknown,Unknown
1043,Adam Naglich,Las Vegas,NV,USA
1044,Spencer Thompson,Unknown,Unknown,Unknown
1045,Patrick McCann,Unknown,Unknown,Unknown
1046,Matthew Paucher,Unknown,Unknown,Unknown
1047,Zie Vitallo,Unknown,Unknown,Unknown
1048,Tuan Nguyen,Highland,CA,USA
1049,Michael Ewals,Unknown,Unknown,Unknown
1050,Todd Bourgault,Unknown,Unknown,Unknown
1051,Clonie Gowen,Unknown,Unknown,Unknown
1052,Sean Walter,Old Bridge,NJ,USA
1053,Quan Tran,Unknown,Unknown,USA
1054,Raymond Hanson,Unknown,Unknown,Unknown
1055,Michael Soares,Unknown,Unknown,Unknown
1056,Reuben Peters,Boston,MA,USA
1057,Stephen Docter,Chicago,IL,USA
1058,Juan Raveto,Unknown,Unknown,Unknown
1059,Roger Tichenor,Unknown,Unknown,Unknown
1060,Brad Craig,Unknown,Unknown,Unknown
1061,Jason Fadness,Unknown,Unknown,Unknown
1062,Charles Waddalena,Unknown,Unknown,Unknown
1063,Robert Norberg,Unknown,Unknown,Unknown
1064,Doug Briggs,Unknown,Unknown,Unknown
1065,Allen Ripplinger,Unknown,Unknown,Unknown
1066,James Goldstein,Westlake Village,CA,USA
1067,Mitch Schock,Bismarck,ND,USA
1068,Thomas Schreiber,Unknown,Unknown,Unknown
1069,Tyrone Zinman,Johannesburg,Unknown,LC
1070,Howard Mash,Coconut Creek,FL,USA
1071,Matt Hawrilenko,Boston,MA,USA
1072,Jeremiah Vinsant,Murfreesboro,TN,USA
1073,Bruce Rawdin,Unknown,Unknown,Unknown
1074,Brian Havlson,Unknown,Unknown,Unknown
1075,Kevin Lazzaro,Unknown,Unknown,Unknown
1076,Steve Tague,Unknown,Unknown,Unknown
1077,Russell Harris,Unknown,Unknown,Unknown
1078,Ryan Wimmers,Unknown,Unknown,Unknown
1079,Jean Harlan,Las Vegas,NV,USA
1080,Gary Margadonna,Granbury,TX,USA
1081,Erez Savion,Unknown,Unknown,Unknown
1082,Igor Yanovsky,Unknown,Unknown,Unknown
1083,Jimmy Blevins,Oakland,NE,USA
1084,Derek Leforte,Unknown,Unknown,Unknown
1085,Grant Rist,Unknown,Unknown,Unknown
1086,Christy Psillas,Unknown,Unknown,Unknown
1087,Jonas Lindlof,Unknown,Unknown,Unknown
1088,Theodore Park,Las Vegas,NV,USA
1089,Will Walter,Unknown,Unknown,Unknown
1090,Rob Jones,Unknown,Unknown,Unknown
1091,Biagio DeSantis,Unknown,Unknown,Unknown
1092,Meng La,Torrance,CA,USA
1093,Bernard Rygol,Munich,Unknown,DE
1094,Manuel Sanchez,Unknown,Unknown,Unknown
1095,Corey Mandell,Unknown,Unknown,Unknown
1096,Russell Mohr,Unknown,Unknown,Unknown
1097,Jeff Kanow,Unknown,Unknown,Unknown
1098,Sassoon Gourji,Sherman Oaks,CA,USA
1099,Young Kang,Unknown,Unknown,Unknown
1100,Jordan Marinov,Unknown,Unknown,Unknown
1101,Bruce Hardman,Unknown,Unknown,Unknown
1102,William Flachsbaut,Unknown,Unknown,Unknown
1103,Reagan Silber,Curitiba,TX,USA
1104,Matthew Kagan,Unknown,Unknown,Unknown
1105,Ken Justin,Cambridge,MA,USA
1106,Guy Calvert,Southport,CT,USA
1107,Bill Phipps,Union City,NJ,USA
1108,Andrew Prock,Brisbane,CA,USA
1109,Austin Moody,Unknown,Unknown,Unknown
1110,Steven Goldberg,Las Vegas,NV,USA
1111,Michael Laurence,Unknown,Unknown,Unknown
1112,Charles Wey,Hackensack,NJ,USA
1113,Mike Beasley,Davie,FL,USA
1114,Scott Clements,Mount Vernon,WA,USA
1115,John Ward,Unknown,Unknown,Unknown
1116,Yan Neiman,Toronto,ON,CA
1117,Kevin Betsill,Unknown,Unknown,Unknown
1118,Marty Foth,Unknown,Unknown,Unknown
1119,Chris Bane,Unknown,Unknown,Unknown
1120,Troy Wallace,Fullerton,CA,USA
1121,Danny Piccioli,Unknown,Unknown,Unknown
1122,Vincent Favorito,Las Vegas,NV,USA
1123,Jim Courtney,Unknown,Unknown,Unknown
1124,John Bae,Unknown,Unknown,Unknown
1125,Lee Ford,Unknown,Unknown,Unknown
1126,Sarne Lightman,Bristol,Unknown,GB
1127,Thomas Stanek,Buffalo,NY,USA
1128,Young Phan,Garden Grove,CA,USA
1129,Olivier Monteaux,Unknown,Unknown,Unknown
1130,David Taylor,Las Vegas,NV,USA
1131,Nicholas Matala,Unknown,Unknown,Unknown
1132,Raymond Henson,Spring,TX,USA
1133,Larry McFehee,Unknown,Unknown,Unknown
1134,Bill Bostley,Madison,WI,USA
1135,Duc Phuong Nguyen,Edmonton,AB,CA
1136,Andre Fridell,Unknown,Unknown,Unknown
1137,Robert Gentile,Unknown,Unknown,Unknown
1138,Nadav Ravid,Unknown,Unknown,Unknown
1139,Donald Delancy,Miami,FL,USA
1140,Robert Jr. Kacher,Unknown,Unknown,Unknown
1141,Sergey Khromov,Unknown,Unknown,Unknown
1142,David Anderson,Bronx,NY,USA
1143,Martin Laliberte,Unknown,Unknown,Unknown
1144,Freddie Brown,Unknown,Unknown,Unknown
1145,Jamie Gold,Malibu,CA,USA
1146,Paul Wasicka,Las Vegas,NV,USA
1147,Michael Binger,Las Vegas,NV,USA
1148,Rhett Butler,Rockville,MD,USA
1149,Richard Lee,San Antonio,TX,USA
1150,Doug Kim,Hartsdale,NY,USA
1151,Erik Friberg,Stockholm,Unknown,SE
1152,Dan Nassif,St. Louis,MO,USA
1153,Fred Goldberg,Hoollywood,FL,USA
1154,Leif Force,Tallahassee,FL,USA
1155,John Magill,Ballymena,Unknown,IE
1156,William Thorsson,Varberg,Unknown,SE
1157,Luke Chung,Atlanta,GA,USA
1158,Kevin Aaronson,Unknown,Unknown,USA
1159,Sirous Jamshidi,Broomall,PA,USA
1160,Jeff Lisandro,Sydney,Unknown,AU
1161,David Einhorn,New York,NY,USA
1162,Dustin Holmes,Atlanta,GA,USA
1163,Prahlad Friedman,Malibu,CA,USA
1164,Kevin O'Donnell,Petaluma,CA,USA
1165,Lee Kort,Anaheim,CA,USA
1166,Rob Roseman,Las Vegas,NV,USA
1167,Eric Lynch,Gardner,KS,USA
1168,Mark Garner,Little Rock,AR,USA
1169,Siddharth Jain,Unknown,Unknown,Unknown
1170,Richard Wyrick,El Paso,TX,USA
1171,Lowell Kim,North Reading,MA,USA
1172,Cuong Do,Brigantine,NJ,USA
1173,Eric Molina,King Of Prussia,PA,USA
1174,Dan Schmiech,Houston,TX,USA
1175,Steven Berryman Jr.,Unknown,Unknown,Unknown
1176,Andrew Schriebmann,Unknown,Unknown,Unknown
1177,Ricki Nielsen,Unknown,Unknown,Unknown
1178,Kyle Bowker,Walton,NY,USA
1179,Robert Betts,Unknown,Unknown,Unknown
1180,Marc Friedman,Unknown,Unknown,Unknown
1181,WeiKai Chang,Los Angeles,CA,USA
1182,Mikael Thuritz,Stockholm,Unknown,SE
1183,Brian Hansen,Spokane Valley,WA,USA
1184,Paul Raeburn,Unknown,Unknown,Unknown
1185,John Lee,Unknown,Unknown,HK
1186,James Routos,Kent,WA,USA
1187,Sean Johnson,Chamberlain,SD,USA
1188,Raphael Doromal,Altamonte Springs,FL,USA
1189,David Murray,Unknown,Unknown,Unknown
1190,Cheng Yu,Unknown,Unknown,Unknown
1191,Richard Gryko,Romford Essex,Unknown,GB
1192,Nicolai Vivet,Unknown,Unknown,Unknown
1193,Michael Bower,Las Vegas,NV,USA
1194,Richard Velasco,Unknown,Unknown,Unknown
1195,Scott O'Reilly,Torquay,Unknown,GB
1196,John Ma,Celina,TX,USA
1197,Sabyl Landrum,Irvine,CA,USA
1198,Stefan Mattsson,Unknown,Unknown,Unknown
1199,Aki Ruuskanen,Unknown,Unknown,Unknown
1200,Max Reele,Unknown,Unknown,Unknown
1201,Shannon Westbrook,Unknown,Unknown,Unknown
1202,Chris Damick,Fairport,NY,USA
1203,Ken Jacobs,Unknown,Unknown,Unknown
1204,Bryan Micon,Bloomington,IN,AG
1205,Noah Siegel,Unknown,Unknown,Unknown
1206,Clinton Brotherton,Taylorville,IL,USA
1207,Vipul Kothari,Unknown,Unknown,Unknown
1208,Alan Resh,Unknown,Unknown,Unknown
1209,James Flick,Unknown,Unknown,Unknown
1210,Chris Kealy,Tacoma,WA,USA
1211,John Kim,Campbell,CA,USA
1212,Aaron Baltzell,Unknown,Unknown,Unknown
1213,Daniel Kreitzman,Vancouver,BC,CA
1214,Dmitri Nobles,Unknown,Unknown,Unknown
1215,Paramjit Gill,Diamond Bar,CA,USA
1216,Scott Malone,Kingston,OK,USA
1217,Jean Houle,Visalia,CA,USA
1218,Sebastian Zavarsky,Unknown,Unknown,DE
1219,Paul Greim,Unknown,Unknown,Unknown
1220,Matthew Morgan,Waurika,OK,USA
1221,Shyam Ravindran,Sunnyvale,CA,USA
1222,Lasse Ubostad,Unknown,Unknown,Unknown
1223,Rick Mombourouette,Unknown,Unknown,Unknown
1224,Benjamin Logan,Bristol,RI,USA
1225,Pat Dattilo,Stittsville,ON,CA
1226,Michael Simonsen,Unknown,Unknown,Unknown
1227,Thomas Wahlroos,Helsinki,Unknown,FI
1228,Barry Goren,Unknown,Unknown,Unknown
1229,Hoessin Khodabandgio,Unknown,Unknown,Unknown
1230,Tony Morestina,Unknown,Unknown,Unknown
1231,Matt Woodward,Seal Beach,CA,USA
1232,Alan Schein,Fort Washington,PA,USA
1233,Davis Huynh,Unknown,Unknown,Unknown
1234,Samir Khoueis,Unknown,Unknown,Unknown
1235,Paul Coles,Bristow,Unknown,GB
1236,Alex Balandin,Brooklyn,NY,USA
1237,Jago Lopez-Gonzalez,Unknown,Unknown,Unknown
1238,Carlos Lopez,Dallas,TX,USA
1239,Dan Abouaf,Paris,Unknown,FR
1240,Walt Schafer Jr.,Unknown,Unknown,Unknown
1241,Brady Shepard,Unknown,Unknown,Unknown
1242,Mark Shanta,Unknown,Unknown,Unknown
1243,Mack Lee,Los Angeles,CA,USA
1244,Virgil Beddingfield,Alpharetta,GA,USA
1245,Steven Guodemote,Unknown,Unknown,Unknown
1246,Justin Diamond,Unknown,Unknown,Unknown
1247,Tyler Teague,Unknown,Unknown,Unknown
1248,Matthew Wilson,North Richland Hills,TX,USA
1249,Mark Peterson,Arlington Heights,IL,USA
1250,Eric Buchman,Hewlett,NY,USA
1251,David Simon,Idaho Falls,ID,USA
1252,Steinar Karlsen,Unknown,Unknown,NO
1253,Debra Lalor,Unknown,Unknown,Unknown
1254,Per Erik Loeff,Unknown,Unknown,Unknown
1255,Kevin Daly,Unknown,Unknown,Unknown
1256,Robbie Robertson,Unknown,Unknown,Unknown
1257,Derek Scallon,Chicago,IL,USA
1258,Chris Back,Vancouver,BC,CA
1259,Tyler Pendleton,Unknown,Unknown,Unknown
1260,Glenn Karlsen,Unknown,Unknown,Unknown
1261,Brian Kornfeld,Unknown,Unknown,Unknown
1262,Arturo Moelas,Unknown,Unknown,Unknown
1263,James Petrillo,Unknown,Unknown,Unknown
1264,Robert Taylor,Kerilworth,NJ,USA
1265,Hakan Sahl,Unknown,Unknown,Unknown
1266,Kevin Nathan,Roseville,CA,USA
1267,David Woo,Atlanta,GA,USA
1268,Walid Abirafeh,Unknown,Unknown,Unknown
1269,Bart Gilliom,Unknown,Unknown,Unknown
1270,Cory Butler,Unknown,Unknown,Unknown
1271,Marius Hogton,Unknown,Unknown,Unknown
1272,Aaron Bartley,Unknown,Unknown,Unknown
1273,Scott Byron,Great Neck,NY,USA
1274,Moshe Jonish,Unknown,Unknown,Unknown
1275,Joe Macek,Winnipeg,MB,CA
1276,Jeremy Mitchell,Unknown,Unknown,Unknown
1277,Whitney Brayton,Pinon Hills,CA,USA
1278,David Ventura,Pheonix,AZ,USA
1279,Peter Placey,San Clemente,CA,USA
1280,Hrag Kopooshan,Unknown,Unknown,Unknown
1281,Reza Zand,Henderson,NV,USA
1282,Mike Hwang,Unknown,Unknown,Unknown
1283,Albert Padilla,Unknown,Unknown,Unknown
1284,Katherine Hartney,Peabody,MA,USA
1285,Todd Hartgrove,Unknown,Unknown,Unknown
1286,Scott Lidji,Unknown,Unknown,Unknown
1287,Paul Shoquist,Jackson,WY,USA
1288,Hoang Nguyen,Unknown,Unknown,Unknown
1289,Russell Davies,Eleebana Nsw,Unknown,AU
1290,David Penly,Unknown,Unknown,GB
1291,Whitney Blanton,Carrollton,TX,USA
1292,Andy Donovan,Unknown,Unknown,Unknown
1293,Randy Gil,Roseville,CA,USA
1294,Robert Isakson,Knoxville,TN,USA
1295,Justin Ghogomu,Unknown,Unknown,Unknown
1296,Drew Tranton,Unknown,Unknown,Unknown
1297,Phi Nguyen,Unknown,CA,USA
1298,Charles Kuruzoukh,Unknown,Unknown,Unknown
1299,Ian Kalman,San Francisco,CA,USA
1300,Brenton Goulding,Unknown,Unknown,Unknown
1301,Jason Strasser,New York,NY,USA
1302,Leo Fernandez,Buenos Aires,Unknown,AR
1303,Rayan Nathan,Beaumont,Unknown,AU
1304,Galen Kester,Senatobia,MS,USA
1305,Kilian Druml,Unknown,Unknown,Unknown
1306,Jimmy D'Ambrosio,Mundelein,IL,USA
1307,James Kerr,Unknown,Unknown,Unknown
1308,Bucky McMillan,Unknown,Unknown,Unknown
1309,Richard Digiorgio,Los Angeles,CA,USA
1310,Tony Bodner,Unknown,Unknown,Unknown
1311,Nancy Nguyen,Denton,TX,USA
1312,Zachary Greg,Unknown,Unknown,Unknown
1313,Sameer Fayad,Unknown,Unknown,Unknown
1314,Alex Azadpeyma,Unknown,Unknown,Unknown
1315,Rob Ireland,Unknown,Unknown,Unknown
1316,Chris Combs,Fishers,IN,USA
1317,Tobin Dreher,Unknown,Unknown,Unknown
1318,William Rector,Little Rock,AR,USA
1319,Richard Barstow,Fresno,CA,USA
1320,Michael Arents,Santa Rosa,CA,USA
1321,Alan Barnacle,Unknown,Unknown,Unknown
1322,Christine Wilson,Durham,NC,USA
1323,Huy Nguyen,Oklahoma City,OK,USA
1324,Mark Zajdner,Thornhill,ON,CA
1325,Rick Salomon,Las Vegas,NV,USA
1326,Matthew Bates,Unknown,Unknown,Unknown
1327,Tony Dunst,Las Vegas,NV,USA
1328,Andres Korn,Frankfurt,Unknown,DE
1329,Shane Fumerton,Winnipeg,MB,CA
1330,Jeff Lewis,Littleton,CO,USA
1331,Devin Porter,Provo,UT,USA
1332,Richard Clark (OH),Pickerington,OH,USA
1333,Matthew Zimmerman,Unknown,Unknown,Unknown
1334,Ted Lawson,Henderson,NV,USA
1335,Matthew Dipaoli,Fitchburg,MA,USA
1336,Keir Fitz-Gibbon,Unknown,Unknown,Unknown
1337,Michael Kingsbury,Unknown,Unknown,Unknown
1338,Alan Stephenson,Unknown,Unknown,Unknown
1339,Christopher Budak,Cypress,TX,USA
1340,Adam Bragar,Unknown,Unknown,Unknown
1341,Chris Martin,Riverside,CA,USA
1342,William Roberte,Unknown,Unknown,Unknown
1343,John Hoang,La Jolla,CA,USA
1344,Gary Najaryan,North Hollywood,CA,USA
1345,Brett Mayers,Unknown,Unknown,Unknown
1346,Chris George,Roswell,GA,USA
1347,Sean Le,Unknown,Unknown,Unknown
1348,Daniel Ostroff,Unknown,Unknown,Unknown
1349,Jeffrey Lambert,Westlake Village,CA,USA
1350,Ken Weiner,Wellington,FL,USA
1351,Rob Lederer,New York,NY,USA
1352,Nord Foster,Chesterfield,MO,USA
1353,Travis Johncheck,Unknown,Unknown,Unknown
1354,Michael Batherwich,Unknown,Unknown,Unknown
1355,Michael Martin,Washington Xing,PA,USA
1356,Roberto Santos,Unknown,Unknown,Unknown
1357,Jeff Parcher,Annandale,VA,USA
1358,Ryan Claar,Unknown,Unknown,Unknown
1359,Marcus Golser,Anthering,Unknown,AT
1360,Arsenis Arabitg,Unknown,Unknown,Unknown
1361,Nathan Brooks,Unknown,Unknown,Unknown
1362,Brian Hallows,Unknown,Unknown,Unknown
1363,Thanhdat Tran,El Monte,CA,USA
1364,David Golder,Katy,TX,USA
1365,Elie Said,Missouri City,TX,USA
1366,Brendan Lewis,Unknown,Unknown,Unknown
1367,Harry Binck,Unknown,Unknown,Unknown
1368,Mike Hirsch,Unknown,Unknown,Unknown
1369,Darryl Dare,Unknown,Unknown,Unknown
1370,Joe Fuhriman,Unknown,Unknown,Unknown
1371,Marcus Collins,Unknown,Unknown,Unknown
1372,Andras Karkus,Unknown,Unknown,Unknown
1373,Paul Viola,Unknown,Unknown,Unknown
1374,Francisco Fragoso,Maywood,CA,USA
1375,Leland Wulff,Rohnert Park,CA,USA
1376,Peter Rho,Las Vegas,NV,USA
1377,Paul Sexton,Henderson,NV,USA
1378,Michael Tait,Parkland,FL,USA
1379,Jared Lissauer,Unknown,Unknown,Unknown
1380,Larry Levine,Unknown,Unknown,Unknown
1381,Akshay Kumar,Unknown,Unknown,Unknown
1382,Brian Mozzoni,Unknown,Unknown,Unknown
1383,Monte Hanson,San Diego,CA,USA
1384,Vaughn Sandman,Unknown,Unknown,Unknown
1385,Derek Jibb,Unknown,Unknown,Unknown
1386,Rob Actor,Unknown,Unknown,Unknown
1387,Andrew Fennewald,Unknown,Unknown,Unknown
1388,Josh Newborn,Unknown,Unknown,Unknown
1389,Roy Thung,White Plains,NY,USA
1390,Michael Lynn,Las Vegas,NV,USA
1391,Lars Bonding,Wimbledon,Unknown,DK
1392,Kenny Robbins,Las Vegas,NV,USA
1393,Clayton Mozdzen,Winnipeg,MB,CA
1394,Gregory Giannokostas,Dunwoody,GA,USA
1395,Thomas Thieneman,Louisville,KY,USA
1396,Andrew Brokos,Baltimore,MD,USA
1397,Bill Gustafik,Unknown,Unknown,Unknown
1398,Paul Radcliffe,San Francisco,CA,USA
1399,Johan Wemmenhag,Vasteras,AR,SE
1400,Christopher Szucky,Unknown,Unknown,Unknown
1401,Gunnar Rabe,Unknown,Unknown,Unknown
1402,Sonny Lee,Las Vegas,NV,USA
1403,Gunnar Fenes,Unknown,Unknown,Unknown
1404,Scott Ritchey,Miami,FL,USA
1405,Brian Doyle,Unknown,Unknown,Unknown
1406,Martin Virgen,El Paso,TX,USA
1407,Jogi Karamshi,Unknown,Unknown,Unknown
1408,Brad Klieuer,Unknown,Unknown,Unknown
1409,Jame Cartee,Unknown,Unknown,Unknown
1410,Sanjin Karnataki,Unknown,Unknown,Unknown
1411,Vlad Artamonov,Unknown,Unknown,Unknown
1412,Rene Mouritsen,Aarhus,Unknown,DK
1413,Melandro Alina,Robinsonville,MS,USA
1414,Thomas Ringo,Unknown,Unknown,Unknown
1415,Michael Stephens,Unknown,Unknown,Unknown
1416,Ron Toledo,Unknown,Unknown,Unknown
1417,Vin Iannuzzi,Unknown,Unknown,Unknown
1418,Robert Hreljac,Unknown,Unknown,Unknown
1419,George Danzen,Unknown,Unknown,Unknown
1420,Cesar Giralt,Unknown,Unknown,Unknown
1421,Steven Schulman,Unknown,Unknown,Unknown
1422,Rafael Comas,Unknown,Unknown,Unknown
1423,Vassilios Maniotis,Hilton Head,SC,USA
1424,Adam Waldron,Unknown,Unknown,Unknown
1425,Steve Boyle,Unknown,Unknown,Unknown
1426,Roberto Romanello,Swansea,Unknown,GB
1427,Johan Koops,Unknown,Unknown,Unknown
1428,Igor Trafane,Sao Paaulo,Unknown,BR
1429,Chad Layne,Las Vegas,NV,USA
1430,Larry Etherington,Phoenix,AZ,USA
1431,Brendan Lynch,Unknown,Unknown,Unknown
1432,Matt Graham,Houston,TX,USA
1433,Robert Newton,Unknown,Unknown,Unknown
1434,Derek Feldman,Unknown,Unknown,Unknown
1435,Frank Rasila,Unknown,Unknown,Unknown
1436,Steve Frasure,Aliso Viejo,CA,USA
1437,E.D. Blount,Unknown,Unknown,Unknown
1438,Daniel Lenehan,Unknown,Unknown,Unknown
1439,Richard Lewis,Unknown,Unknown,Unknown
1440,Stephan Conway,Unknown,Unknown,Unknown
1441,Lee Pierce,Unknown,Unknown,Unknown
1442,Dennis Richardson,Louisville,KY,USA
1443,Manuel Labandeira,Madrid,Unknown,ES
1444,Robert Sanchez,Las Vegas,NV,USA
1445,Roy Goulet,Unknown,Unknown,Unknown
1446,Vince Fredrick,Woodlands,TX,USA
1447,Christian Andersson,Unknown,Unknown,Unknown
1448,Daniel Pickle,Unknown,Unknown,Unknown
1449,Stephen Williams,Unknown,Unknown,Unknown
1450,James Scherer,Unknown,Unknown,Unknown
1451,Mel Podaima,Unknown,Unknown,Unknown
1452,David Hong,Las Vegas,NV,USA
1453,Patrick Sullivan,Hamburg,NY,USA
1454,Josef Bachar,Rawagan,Unknown,IL
1455,Daniel Pelletier,Montreal,QC,CA
1456,Aaron Clark,Unknown,Unknown,Unknown
1457,Robert Kozik,Chicago,IL,USA
1458,Mathieu Weissmann,Unknown,Unknown,Unknown
1459,Sidney Hasson,London,Unknown,GB
1460,Dan O'Brien,Las Vegas,NV,USA
1461,William Hill,Miamisburg,OH,USA
1462,Jeremiah Reagan,Unknown,Unknown,Unknown
1463,Mario Rodriguez,Miami,FL,USA
1464,Matt Novak,Unknown,Unknown,Unknown
1465,James Crowshaw,Unknown,Unknown,Unknown
1466,Joseph Sanders,Las Vegas,NV,USA
1467,Marlis Sawicki,Etobicoke,ON,CA
1468,John Villanueva,La Mirada,CA,USA
1469,Calvin Namihira,Honolulu,HI,USA
1470,Chris Eversole,Unknown,Unknown,Unknown
1471,Ramesh Hulugalle,Unknown,Unknown,Unknown
1472,Rob DeWildt,Unknown,Unknown,Unknown
1473,Johnny Sanchez,Lancaster,CA,USA
1474,Jack Wooden,Unknown,Unknown,Unknown
1475,Oscar Grytdahl,Unknown,Unknown,Unknown
1476,David Cai,San Gabriel,CA,USA
1477,Randall Witt,Brentwood,TN,USA
1478,Peter Falk,Unknown,Unknown,Unknown
1479,Cameron Jones,Unknown,Unknown,Unknown
1480,Jon Oda,Unknown,Unknown,Unknown
1481,Ole Busborg Jensen,Unknown,Unknown,Unknown
1482,Cecilia Ruyes,Unknown,Unknown,Unknown
1483,Mike Hamparsomian,Los Angeles,CA,USA
1484,Erin Hatcher,Unknown,Unknown,Unknown
1485,Corey Hudson,Unknown,Unknown,Unknown
1486,Steve Whitman,Unknown,Unknown,Unknown
1487,Derek Payne,Felixstowe Suffolk,Unknown,GB
1488,Lynne Mitchnick,North Bergen,NJ,USA
1489,Timmy Lahey,Waterbury,CT,USA
1490,Jordan Rich,Portland,OR,USA
1491,Remco Vandenberg,Unknown,Unknown,Unknown
1492,Frank Kohutek,Mesquite,TX,USA
1493,Dodet Daniel,Unknown,Unknown,Unknown
1494,David Kanesky,Port Orange,FL,USA
1495,Steve Younes,Chicago,IL,USA
1496,Chau Vu,Unknown,Unknown,Unknown
1497,Michael Crane,Unknown,Unknown,Unknown
1498,Alan Sass,Las Vegas,NV,USA
1499,Luis Velador,Corona,CA,USA
1500,Jon Dustan,Unknown,Unknown,Unknown
1501,Larry Fichter,Unknown,Unknown,Unknown
1502,Michael Katz,East Brunswick,NJ,USA
1503,Allyn Shulman,Las Vegas,NV,USA
1504,Thomas Koo,Vancouver,AB,CA
1505,Kevin Brown,Unknown,Unknown,Unknown
1506,Andrew Palmer,Evanston,IL,USA
1507,Cyndy Violette,Las Vegas,NV,USA
1508,Mike Landers,Las Vegas,NV,USA
1509,John Coito,Unknown,Unknown,Unknown
1510,Jason Richards,Unknown,Unknown,Unknown
1511,Aaron Gard,Unknown,Unknown,Unknown
1512,Corey Marsh,Unknown,Unknown,Unknown
1513,Farhang Ebadipour,Unknown,Unknown,Unknown
1514,Joseph Lovelady,Liverpool,Unknown,GB
1515,Ted Forrest,Las Vegas,NV,USA
1516,Ryan Kallberg,Unknown,Unknown,Unknown
1517,Gavin Mackay,Unknown,Unknown,Unknown
1518,David Daneshgar,Westlake Village,CA,USA
1519,Terry Menezes,Unknown,Unknown,Unknown
1520,Eugene Yanayt,Santa Monica,CA,USA
1521,Tom Macey,Chicago,IL,USA
1522,Michael Jensen,Overland Park,KS,USA
1523,Kelly Fitzsimmons,Sechelt,BC,CA
1524,Vinod Jadan,Unknown,Unknown,Unknown
1525,David Creeley,Unknown,Unknown,Unknown
1526,Daniel Van Verth,Unknown,Unknown,Unknown
1527,Michael Hurey,Stevenson Rnh,CA,USA
1528,Michael Rawls,Unknown,Unknown,Unknown
1529,Sean Carey,Unknown,Unknown,Unknown
1530,Nathan Raskin,Unknown,Unknown,Unknown
1531,Feming Chan,West Windsor,NJ,USA
1532,Soren Jensen,Houston,TX,USA
1533,Ernest Shepherd,Lizella,GA,USA
1534,Terris Preston,Toronto,ON,CA
1535,Rolgues Rodriquez,Unknown,Unknown,Unknown
1536,Steve Cathcart,Reisterstown,MD,USA
1537,Chad Freid,Northbrook,IL,USA
1538,Spike Gallas,Henderson,NV,USA
1539,Ernie Gormaz,Simi Valley,CA,USA
1540,Walter Novelli,Unknown,Unknown,Unknown
1541,Magnus Petersson,Unknown,Unknown,Unknown
1542,Marc Machug,Unknown,Unknown,Unknown
1543,Josh Taylor,Unknown,Unknown,Unknown
1544,Jay Jaffe,Morganville,NJ,USA
1545,Tony Ornd,Unknown,Unknown,Unknown
1546,Lawrence Frye,Unknown,Unknown,Unknown
1547,Paul Sokoloff,London,Unknown,GB
1548,Alex Todd,Unknown,Unknown,Unknown
1549,David Eller,Fort Lawn,FL,USA
1550,Darus Suharto,Toronto,ON,CA
1551,Clay Manley,Unknown,Unknown,Unknown
1552,Robert Osbourne,Unknown,Unknown,Unknown
1553,Jim Deitz,Unknown,Unknown,Unknown
1554,Paul Seus,Medford,OR,USA
1555,Jason Su,Austin,TX,USA
1556,Rob Carruthers,Unknown,Unknown,Unknown
1557,Adam Stormwind,Unknown,Unknown,Unknown
1558,Jose Augusto Varela,Unknown,Unknown,Unknown
1559,Mark Vos,Brisbane,Unknown,AU
1560,Genci Shehu,Unknown,Unknown,Unknown
1561,Michael Sullivan,Unknown,Unknown,Unknown
1562,Fred Shaffer,Unknown,Unknown,Unknown
1563,Stephen Woolley,Unknown,Unknown,Unknown
1564,Rob Zimme,Unknown,Unknown,Unknown
1565,John Jabbour,Charlottetown,PE,CA
1566,Charles Hurley,Unknown,Unknown,Unknown
1567,Spencer Carrington,Unknown,Unknown,Unknown
1568,Jonathan Tare,New York,NY,USA
1569,Martin Wendt,Ballerut,Unknown,DK
1570,Paul Kitsos,Unknown,Unknown,Unknown
1571,Andy Martinez,Unknown,Unknown,Unknown
1572,Peter Antill,Unknown,Unknown,Unknown
1573,Ryan Melkonian,Manhasset,NY,USA
1574,Stephen Birkett,Hermosa Beach,CA,USA
1575,Michael Brody,Unknown,Unknown,Unknown
1576,Michael Benedetto,Unknown,Unknown,Unknown
1577,Nabavi Abdoliam,Unknown,Unknown,Unknown
1578,Melissa Hayden,Las Vegas,NV,USA
1579,Yong Hahn,Unknown,Unknown,Unknown
1580,Greg Varoz,Unknown,Unknown,Unknown
1581,David Filippi,New York,NY,USA
1582,Gustin Sjoberg,Unknown,Unknown,Unknown
1583,Laurence Hughes,Seattle,WA,USA
1584,Mark Morgan,Austin,TX,USA
1585,Adam Geyer,Austin,TX,USA
1586,Mark Lawlor,Unknown,Unknown,Unknown
1587,Gabriel Cook,Terre Haute,IN,USA
1588,Adam Harter,Unknown,Unknown,Unknown
1589,Jaime Sipila,Unknown,Unknown,Unknown
1590,Robert Jaenicke,Unknown,Unknown,Unknown
1591,Eric DeGuzman,Unknown,Unknown,Unknown
1592,Layne Black,Bountiful,UT,USA
1593,Andrius Tapinas,Vilnius,Unknown,LT
1594,Brandon Wong,Clovis,CA,USA
1595,James Matteucci,Roswell,NM,USA
1596,Brian Curry,Unknown,Unknown,Unknown
1597,Ashley Hayles,Unknown,Unknown,Unknown
1598,Patrik Selin,Unknown,Unknown,SE
1599,Mark Vecchi,Unknown,Unknown,Unknown
1600,Guy Longworth,Belmont,CA,USA
1601,Mark Wellen,Unknown,Unknown,Unknown
1602,Griffin Ludwig,Unknown,Unknown,Unknown
1603,Huy Quach,West Covina,CA,USA
1604,Jeremy Scheeringa,Munster,IN,USA
1605,Peter Sun,Unknown,Unknown,Unknown
1606,Mike Casella,Unknown,Unknown,Unknown
1607,Joe Goott,Unknown,Unknown,Unknown
1608,Jonas Johansson,Linkoping,Unknown,SE
1609,Tony Bloom,London,Unknown,GB
1610,Thomas Pullens,Picayune,MS,USA
1611,Victor Ramos,North Bay Village,FL,USA
1612,Howard Canowitz,Blacklick,OH,USA
1613,Gaetano Lo Grande,Unknown,Unknown,Unknown
1614,Steven Edwards,Aurora,IL,USA
1615,Russ Boutin,Unknown,Unknown,Unknown
1616,Bradford Davenport,Saint Joseph,MN,USA
1617,Matt Giannetti,Henderson,NV,USA
1618,John Gale,Bushey Heath,Unknown,GB
1619,Egil Vehusheia,Unknown,Unknown,Unknown
1620,Melanie Kaye,Guilford,CT,USA
1621,Henrik Waltersson,Unknown,Unknown,Unknown
1622,Joseph Cordi,Southwest Ranches,FL,USA
1623,Serey Heng,Salt Lake Cty,UT,USA
1624,Freddy Vaghefi,Unknown,Unknown,Unknown
1625,Edward Antanasio,Unknown,Unknown,Unknown
1626,Steve Strouse,Unknown,Unknown,Unknown
1627,Joseph Canouse,Atlanta,GA,USA
1628,Derek Fujimoto,Unknown,Unknown,Unknown
1629,Gary DeBernardi,Bend,OR,USA
1630,Mike White,Unknown,Unknown,Unknown
1631,David John,Las Vegas,NV,USA
1632,Andrew Johnson,Birmingham,Unknown,GB
1633,Michael Leanos,San Luis Obispo,CA,USA
1634,Thomas Gates,Saint Charles,IL,USA
1635,Michael Esposito,Seaford,NY,USA
1636,Ramesh Baviredd,Unknown,Unknown,Unknown
1637,Robin Lacey,Unknown,Unknown,Unknown
1638,Dario Minieri,Rome,Unknown,IT
1639,Frank Allan,Unknown,Unknown,Unknown
1640,Scott Roberts,Marietta,GA,USA
1641,Andrew Leonard,Unknown,Unknown,Unknown
1642,Jeffrey Weil,Unknown,Unknown,Unknown
1643,David Rusaw,Unknown,Unknown,Unknown
1644,Chris Barncastle,Unknown,Unknown,Unknown
1645,Nikhil Patel,Unknown,Unknown,Unknown
1646,Darrell Tipton,Alcoa,TN,USA
1647,Chris Truong,Unknown,Unknown,Unknown
1648,Toby Mohleu,Unknown,Unknown,Unknown
1649,Tomoyaki Otsuka,Unknown,Unknown,Unknown
1650,Jonathan Huang,Los Angeles,CA,USA
1651,Steve Binkert,Unknown,Unknown,Unknown
1652,Adrian Pitts,Unknown,Unknown,Unknown
1653,David Coffelt,Unknown,Unknown,Unknown
1654,Vik Kanwan,Unknown,Unknown,Unknown
1655,Alex Brigante,Thornhill,ON,CA
1656,Patrick Bueno,Paris,Unknown,FR
1657,Michelle Suza,Unknown,Unknown,Unknown
1658,Khalid Dghaim,Lawrenceville,GA,USA
1659,Bluno Jais,Unknown,Unknown,Unknown
1660,Jacob Juhl,Unknown,Unknown,Unknown
1661,Patrick Fortin,Quebec,QC,CA
1662,Igor Holdaiy,Saint Louis,MO,USA
1663,Lee Thomas,South Windsor,CT,USA
1664,Jeremy Yankey,Sabina,OH,USA
1665,Marvin Raphael,Unknown,Unknown,Unknown
1666,Abraham Korotki,Egg Harbor Township,NJ,USA
1667,John Lofstrom,Unknown,Unknown,Unknown
1668,Mark Schumacher,Unknown,Unknown,Unknown
1669,Shannon Shorr,Las Vegas,NV,USA
1670,Ray Walters,Unknown,Unknown,Unknown
1671,Steven Davis,Unknown,Unknown,Unknown
1672,Owen McKinney,Pueblo West,CO,USA
1673,Robert Price,Cornwell,Unknown,GB
1674,Steven King,Unknown,Unknown,Unknown
1675,Brian Ernst,Unknown,Unknown,Unknown
1676,Ed Dupont,Unknown,Unknown,Unknown
1677,Brian Jacobs,Unknown,Unknown,Unknown
1678,Don Smith,Unknown,Unknown,Unknown
1679,Noah Jefferson,Unknown,Unknown,Unknown
1680,Peter Harter,Unknown,Unknown,Unknown
1681,Tony Ma,South El Monte,CA,USA
1682,Robert Feduniak,Las Vegas,NV,USA
1683,Phillip Long,Unknown,Unknown,USA
1684,Chau Nguyen,Phillipsburg,NJ,USA
1685,Nate McCrary,Unknown,Unknown,Unknown
1686,Odd Lavik,Unknown,Unknown,Unknown
1687,Richard Seward,Port Orchard,WA,USA
1688,Lance Smith,Unknown,Unknown,Unknown
1689,Ken Powell,Tyler,TX,USA
1690,Mitch Mitchener,Bonner Springs,KS,USA
1691,Paul Parker,East Sussex,Unknown,GB
1692,Larry Newman,Unknown,Unknown,Unknown
1693,Anders Henriksson,Vallingby,Unknown,SE
1694,Josh Egan,Unknown,Unknown,Unknown
1695,Manish Patel,Burlington,NJ,USA
1696,Tom Lieb,Unknown,Unknown,Unknown
1697,Jim McCrink,Las Vegas,NV,USA
1698,Mitch Maples,Sugar Land,TX,USA
1699,Cuong Le,Unknown,Unknown,Unknown
1700,Mark Bushardo,Unknown,Unknown,Unknown
1701,Jay Johnson,Philadelphia,PA,USA
1702,Matt Holtzclaw,Elk Grove,CA,USA
1703,Louis Russo,Brooklyn,NY,USA
1704,March Schwartz,Lake Havasu City,AZ,USA
1705,Ted Doukas,Unknown,Unknown,Unknown
1706,Keith Chauvia,Unknown,Unknown,Unknown
1707,Mark Bogen,Boca Raton,FL,USA
1708,John Eilermann,Unknown,Unknown,Unknown
1709,Jo-Jo Cutri,Unknown,Unknown,Unknown
1710,Stephen Ladowsky,Toronto,ON,CA
1711,Jeffrey Edy,Unknown,Unknown,Unknown
1712,Ian Mcdonald,Woodhall Spa,Unknown,GB
1713,Frank Reach,Phoenix,AZ,USA
1714,Bill Williams,Bakersfield,CA,USA
1715,Brian Rakestraw,Unknown,Unknown,Unknown
1716,Nanid Yafaoui,Unknown,Unknown,Unknown
1717,Nestor Ygborn,Unknown,Unknown,Unknown
1718,Stuart W. Gold,New York,NY,USA
1719,Barry Schnell,Unknown,Unknown,Unknown
1720,Edwin Miller,Unknown,Unknown,Unknown
1721,Mark Eldreth,Unknown,Unknown,Unknown
1722,Chris Hamman,Unknown,Unknown,Unknown
1723,William Hames,Belleville,ON,CA
1724,Mike Kozisek,Unknown,Unknown,Unknown
1725,Rick Millis,Unknown,Unknown,Unknown
1726,Kyle Burnside,Somerset,MA,USA
1727,Deric Williams,Harvey,LA,USA
1728,Rune Anderson,Unknown,Unknown,Unknown
1729,Douglas Watkoski,Unknown,Unknown,Unknown
1730,Jonathan Diamond,Unknown,Unknown,Unknown
1731,Scott Fenton,Unknown,Unknown,Unknown
1732,Kevin Stanford,West Hollywood,CA,USA
1733,Dane Wheeler,Unknown,Unknown,Unknown
1734,Peter Kiem,Unknown,Unknown,Unknown
1735,Wayne Boyd,Port Lavaca,TX,USA
1736,Mike Glick,Bala Cynwyd,PA,USA
1737,Andrew Bishop,Unknown,Unknown,Unknown
1738,Ernesto Tohme,Unknown,Unknown,Unknown
1739,Marty Cortinas,Unknown,Unknown,Unknown
1740,Yuriy Kozinskiy,Kharkow,CA,USA
1741,Nelson Dismukes,Unknown,Unknown,Unknown
1742,Shane Jandro,Unknown,Unknown,Unknown
1743,Mark Gilbert,Unknown,Unknown,Unknown
1744,Lin Lee,Unknown,Unknown,Unknown
1745,Mark Herron,Dorset,Unknown,GB
1746,Marc Germain,Unknown,Unknown,Unknown
1747,Joe Gualtieri,Woodbridge,ON,CA
1748,Gabriel Valente,Unknown,Unknown,Unknown
1749,Tom Prichard,Unknown,Unknown,Unknown
1750,Scott Sherwood,Unknown,Unknown,Unknown
1751,San Bezant,Unknown,Unknown,Unknown
1752,Mike Mustafa,Orland Park,IL,USA
1753,Bil Newman,Unknown,Unknown,Unknown
1754,Frederick Conforti,Wheaton,IL,USA
1755,William Jr. Strohm,Unknown,Unknown,Unknown
1756,Craig Robbins,Unknown,Unknown,Unknown
1757,Tore Michaelsen,Unknown,Unknown,Unknown
1758,Darrell Dicken,Waterloo,IA,USA
1759,John Sitton,Greenville,SC,USA
1760,Brian Brandon,Unknown,Unknown,Unknown
1761,Daniel Hart,Las Vegas,NV,USA
1762,John Kindley,Unknown,Unknown,Unknown
1763,Scott Shone,Fontana,CA,USA
1764,Chris Pietrarosso,Unknown,Unknown,Unknown
1765,Jian Jun Li,Unknown,Unknown,Unknown
1766,Steve Lustig,Oceano,CA,USA
1767,Oystein Halland,Unknown,Unknown,Unknown
1768,Brian Lamanna,Las Vegas,NV,USA
1769,Gary Broaddus,Parker,CO,USA
1770,Pat Ferraro,Spokane,WA,USA
1771,Alan Choi,Unknown,Unknown,Unknown
1772,Paul Lui,Irvine,CA,USA
1773,Neil Butlerfield,Unknown,Unknown,Unknown
1774,Robert Lauria,Henderson,NV,USA
1775,Bret Budrick,Unknown,Unknown,Unknown
1776,Fred Marcell,Unknown,Unknown,Unknown
1777,Michael Frandsen,Aalborg,Unknown,DK
1778,Frank Callaghan,Unknown,Unknown,Unknown
1779,Rafael Encarnacion,Unknown,Unknown,Unknown
1780,William Harker,Unknown,Unknown,Unknown
1781,Robert Ohl,Lexington,OH,USA
1782,Olga Spirova,Unknown,Unknown,Unknown
1783,Danny Li,Montague,PE,CA
1784,Kenneth Bennett,Unknown,Unknown,Unknown
1785,Jeffrey Abramovitz,Unknown,Unknown,Unknown
1786,Brad Higgins,Unknown,Unknown,Unknown
1787,David Margolis,Evanston,IL,USA
1788,Danny DeJesus,Unknown,Unknown,Unknown
1789,James Mellor,Unknown,Unknown,Unknown
1790,William Burdick,Palmetto,FL,USA
1791,Bruce Frank,Montclair,NJ,USA
1792,Samuel Hsiao,Unknown,Unknown,Unknown
1793,Robert Haberstroh,Traverse City,MI,USA
1794,Ari Levy,Chicago,IL,USA
1795,Magdalena Halford,Unknown,Unknown,Unknown
1796,Chase Offield,Unknown,Unknown,Unknown
1797,Salvatore Erna,Windham,NH,USA
1798,Tony Lay,Moore,OK,USA
1799,Paul Wolfe,W Palm Beach,FL,USA
1800,Daniel Bokesch,Lewis Center,OH,USA
1801,Jeremy Roberts,Unknown,Unknown,Unknown
1802,David Horbury,Unknown,Unknown,Unknown
1803,Marcus Holmes,Unknown,Unknown,Unknown
1804,Steven Dunkelberg,Grand Rapids,MI,USA
1805,Tyler Chabolla,Fresno,CA,USA
1806,Donna Skolnick,Unknown,Unknown,Unknown
1807,Phil Doucette,Unknown,Unknown,Unknown
1808,Johnny Price,Starr,SC,USA
1809,Christina Jones,Unknown,Unknown,Unknown
1810,John Wilson,Unknown,Unknown,Unknown
1811,Nicola Irving,Unknown,Unknown,Unknown
1812,Ivan Saul,Unknown,Unknown,Unknown
1813,Flaminio Malaguti,Greenville,NC,USA
1814,Stuart Paterson,Unknown,Unknown,USA
1815,Ronnie Yarbrough,Unknown,Unknown,Unknown
1816,Edwin Roth,Unknown,Unknown,Unknown
1817,Dan Brien,Unknown,Unknown,Unknown
1818,Johan Kretz,Unknown,Unknown,Unknown
1819,Justin Truesdell,Ft. Thomas,KY,USA
1820,Peter Feldman,Las Vegas,NV,USA
1821,Eric Stonstegard,Unknown,Unknown,Unknown
1822,Jon Einausuen,Unknown,Unknown,Unknown
1823,Bennett Nathanson,Redondo Beach,CA,USA
1824,Pierre Bounahara,Unknown,Unknown,BZ
1825,Christopher Barash,Unknown,Unknown,Unknown
1826,Gerald Kane,Unknown,Unknown,Unknown
1827,John Michaels,San Jose,CA,USA
1828,Garet Edward,Unknown,Unknown,Unknown
1829,Orlando Romero,Amarillo,TX,USA
1830,Ira Gibbs,Unknown,Unknown,Unknown
1831,Daron Estrada,Unknown,Unknown,Unknown
1832,Josh Trygg,Unknown,Unknown,Unknown
1833,Brian Hetzel,Unknown,Unknown,Unknown
1834,Ywu Jen Bokkel,Unknown,Unknown,Unknown
1835,Chris Ellison,Unknown,Unknown,Unknown
1836,Steve Martinelli,Unknown,Unknown,Unknown
1837,Richard Clary,Unknown,Unknown,Unknown
1838,Cicurel Didier,Unknown,Unknown,Unknown
1839,Marc Greenspoon,Unknown,Unknown,Unknown
1840,Magnus Carlen,Unknown,Unknown,Unknown
1841,Rick Fratcher,Unknown,Unknown,Unknown
1842,Brett Richey,New York,NY,USA
1843,Seth Cohen,New York,NY,USA
1844,R G,Unknown,Unknown,Unknown
1845,Arthur Katz,Unknown,Unknown,Unknown
1846,Richard Shorten,Redding,CT,USA
1847,Sakura Sugawara,Scottsdale,AZ,USA
1848,John McDerrit,Unknown,Unknown,Unknown
1849,Johnnie Short,Joplin,MO,USA
1850,Matt Marroon,Unknown,Unknown,Unknown
1851,Johnny Kampis,Cullman,AL,USA
1852,Andreas Larsson,Unknown,Unknown,Unknown
1853,David Furber,Unknown,Unknown,Unknown
1854,Mike Frederick,Unknown,Unknown,Unknown
1855,Casey Baldwin,Costa Mesa,CA,USA
1856,Norman Tang,Hacienda Heights,CA,USA
1857,Dan Birken,Unknown,Unknown,Unknown
1858,Lane Roush,Unknown,Unknown,Unknown
1859,Graham Webster,Unknown,Unknown,Unknown
1860,John Kincaid,Saint Paul,MN,USA
1861,Justin Huxley,Unknown,Unknown,Unknown
1862,Keith Mitola,Unknown,Unknown,Unknown
1863,Yun-Hsiang Fan,Unknown,Unknown,Unknown
1864,Chance Walker,Dallas,TX,USA
1865,Reginald Simmons,Cape Canaveral,FL,USA
1866,Baud Dominik,Unknown,Unknown,Unknown
1867,Jon Greenhalgh,Unknown,Unknown,Unknown
1868,Alan Steffen,Unknown,Unknown,Unknown
1869,Rogelio Martinez,Unknown,Unknown,Unknown
1870,Jeff Cabanillas,Los Angeles,CA,USA
1871,Brian Roberts,Houston,TX,USA
1872,Peter Kunc,Unknown,Unknown,Unknown
1873,David Cristini,Unknown,Unknown,Unknown
1874,Chris Viox,Glen Carbon,IL,USA
1875,Jeffrey Mermelstein,Albuquerque,NM,USA
1876,Jonathan Rego,Kailua,HI,USA
1877,Dan Boren,Unknown,Unknown,Unknown
1878,Ara Melikian,Scarsdale,NY,USA
1879,David Vozza,Unknown,Unknown,Unknown
1880,John Waddell,Davenport,IA,USA
1881,Johan Backfjart,Unknown,Unknown,Unknown
1882,Kelvin Somerville,Unknown,Unknown,Unknown
1883,Brian Coomey,Unknown,Unknown,Unknown
1884,Scott Sweesy,Unknown,Unknown,Unknown
1885,Stepehn O'Keeffe,Unknown,Unknown,Unknown
1886,Colin Wickersheim,San Diego,CA,USA
1887,Michael Durbin,Unknown,Unknown,Unknown
1888,Paul Murrell,London,Unknown,EE
1889,Andrew Taylor,Las Vegas,NV,USA
1890,Brad Birarda,Unknown,Unknown,Unknown
1891,Greg Spence,Unknown,Unknown,Unknown
1892,Lior Segal,Unknown,Unknown,Unknown
1893,Jared Hamby,Henderson,NV,USA
1894,Colin Frisby,Unknown,Unknown,Unknown
1895,Jon Backman,Unknown,Unknown,Unknown
1896,Jordan Handrich,Saint Cloud,MN,USA
1897,Nicholas Nontouri,Unknown,Unknown,Unknown
1898,Mark Popkin,Marietta,GA,USA
1899,Pontus Jonasson,Unknown,Unknown,Unknown
1900,Mike Zakarian,Unknown,Unknown,Unknown
1901,Halim Lababdeh,Houston,TX,USA
1902,Paul Mannoni,Unknown,Unknown,Unknown
1903,Fred Lavassani,Burbank,CA,USA
1904,Mark Rasmussen,Dana Point,CA,USA
1905,Morten Lokken,Unknown,Unknown,Unknown
1906,Joe Everett,Northridge,CA,USA
1907,Bryan Sandrock,Helena,MT,USA
1908,Michael Stitz,Unknown,Unknown,Unknown
1909,Vitaly Lunkin,Moscow,Unknown,RU
1910,George Watson,Redlands,CA,USA
1911,Robert Enfield,Unknown,Unknown,Unknown
1912,David Hamilton,Christiansted,Unknown,USA
1913,Bernard Tung,Unknown,Unknown,Unknown
1914,Ashiq Abdulah,Unknown,Unknown,Unknown
1915,Roger Mason,Westbrook,CT,USA
1916,Dan Schluuch,Unknown,Unknown,Unknown
1917,Brian Riley,Unknown,Unknown,Unknown
1918,Mike Lee,Hattiesburg,MS,USA
1919,Joseph Cappello,New Rochelle,NY,USA
1920,Steve Choi,Los Angeles,CA,USA
1921,Ed Latif,Unknown,Unknown,Unknown
1922,Rick Middleton,Unknown,Unknown,Unknown
1923,Kyung Han,Woodridge,IL,USA
1924,Gary Margolis,Sunland,CA,USA
1925,Scott Miller,Minneola,FL,USA
1926,Ernesto Panno,Unknown,Unknown,AR
1927,Kjetil Flatnes,Unknown,Unknown,Unknown
1928,Morten Lerbrekk,Unknown,Unknown,Unknown
1929,Chris Convery,Cape Town,Unknown,ZA
1930,Dearborn Douglas,Toronto,ON,CA
1931,Nam Le (Tustin),Tustin,CA,USA
1932,Vince DeLuco,Unknown,Unknown,Unknown
1933,Steven Dubin,Phila.,PA,USA
1934,Paul McCaffrey,Unknown,Unknown,USA
1935,Dawna Wilson,Teton Village,WY,USA
1936,Jim Olsen,Lindon,UT,USA
1937,Paul Smith,Unknown,Unknown,Unknown
1938,Thomas Adams,Unknown,Unknown,Unknown
1939,Greg Myers,Unknown,Unknown,Unknown
1940,Steven Graham,Granite City,IL,USA
1941,David Barrie,Unknown,Unknown,Unknown
1942,Ryan Copple,Unknown,Unknown,Unknown
1943,Marc Wasserman,Unknown,Unknown,Unknown
1944,Elpidio Castro,Unknown,Unknown,Unknown
1945,Brendan Shiller,Chicago,IL,USA
1946,Darryl Futch,Unknown,Unknown,Unknown
1947,Haga Mikkel,Unknown,Unknown,Unknown
1948,Brian Gass,Unknown,Unknown,Unknown
1949,Erik Lindbarg,Unknown,Unknown,Unknown
1950,Tryan Badll,Unknown,Unknown,Unknown
1951,Andreas Mosley,Unknown,Unknown,Unknown
1952,Joe O'Neill,Unknown,Unknown,Unknown
1953,Geoff Sanford,Unknown,Unknown,Unknown
1954,Jerry Yang,Madera,CA,USA
1955,Tuan Lam,Unknown,Unknown,CA
1956,Raymond Rahme,Johannesburg,Unknown,ZA
1957,Alex Kravchenko,Moscow,Unknown,RU
1958,Hevad Khan,Poughkeepsie,NY,USA
1959,Lee Childs,Charles Town,WV,USA
1960,Phillip Hilm,Cambridge,Unknown,GB
1961,Steve Garfinkle,Hillsdale,NJ,USA
1962,William Spadea,Unknown,Unknown,Unknown
1963,David Tran,El Monte,CA,USA
1964,Robert Slezak,Omaha,NE,USA
1965,Kevin Farry,Pearl River,NY,USA
1966,John Armbrust,Austin,TX,USA
1967,Scott Freeman,Calabasas,CA,USA
1968,Mikkel Madsen,Unknown,Unknown,Unknown
1969,Jason Welch,Fort Collins,CO,USA
1970,William Edler,Las Vegas,NV,USA
1971,Ryan Elson,Canton,OH,USA
1972,Roy Winston,Las Vegas,NV,USA
1973,Jeff Bryan,Fort Calhoun,NE,USA
1974,Paulo Lovreiro,Unknown,Unknown,Unknown
1975,Ronald Kluber,Fayetteville,NC,USA
1976,Jason Koshi,Montebello,CA,USA
1977,Peter Darvill,Coquitlam,BC,CA
1978,Christopher Togsveld,Unknown,Unknown,Unknown
1979,Hoa Nguyen,San Jose,CA,USA
1980,Allen King,Unknown,Unknown,Unknown
1981,Robin Bergren,Saskatoon,SK,CA
1982,Ayaz Mahmood,Sugarland,TX,USA
1983,Maria Ho,Arcadia,CA,USA
1984,Rep Porter,Woodinville,WA,USA
1985,Philip Yeh,Stenungsund,Unknown,SE
1986,Jeff Banghart,Omaha,NE,USA
1987,Dag Martin Mikkelsen,Stavanger,Unknown,NO
1988,Avi Cohen,Boston,MA,USA
1989,Senovio Ramirez III,Mission,TX,USA
1990,Stig Top Rasmussen,Unknown,Unknown,Unknown
1991,Nicolas Atlan,Unknown,Unknown,Unknown
1992,Markus Gonsalves,San Diego,CA,USA
1993,Adam White,Washington,DC,USA
1994,Ken Smith,Unknown,Unknown,Unknown
1995,Mickey Seagle,Unknown,Unknown,Unknown
1996,Richard Harris,Murrieta,CA,USA
1997,Paul Kershaw,Rochdale,Unknown,GB
1998,Kirk Morrison,Witchita,KS,USA
1999,Hyon Kim,Hillsborough,NJ,USA
2000,Naseem Salem,Spring Valley,CA,USA
2001,Floyd Clark,Unknown,Unknown,Unknown
2002,Jeffrey Tunkel,Chicago,IL,USA
2003,Matt Keikoan,San Rafael,CA,USA
2004,Bjorn Glenne,Unknown,Unknown,Unknown
2005,Ryan Lawrence,Unknown,Unknown,Unknown
2006,Diego Cordovez,Las Vegas,NV,USA
2007,Dennis Perry,Unknown,Unknown,Unknown
2008,Brandon Adams,Pensacola,FL,USA
2009,Warren Karp,Lake Forest,CA,USA
2010,Ed De Haas,Unknown,Unknown,Unknown
2011,Billy Willis,Mount Pleasant,MI,USA
2012,Richard Murnick,Montclair,NJ,USA
2013,Leonard Pruzansky,Richmond,TX,USA
2014,Joshua Evans,Denton,TX,USA
2015,Willie Tann,London,Unknown,GB
2016,David Names,San Ramon,CA,USA
2017,Tommy Le,Tustin,CA,USA
2018,Niklas Heinecker,Hamburg,Unknown,DE
2019,Thierry van den Berg,Unknown,Unknown,Unknown
2020,Francis Cagney,Laguna Niguel,CA,USA
2021,Mark Ellerbe,Richmond,TX,USA
2022,David Wells,Toledo,OH,USA
2023,Justin Sadauskas,West Chicago,IL,USA
2024,Jeff Weiss,Davie,FL,USA
2025,John Bird,Unknown,Unknown,Unknown
2026,Francois Safieddine,Denver,CO,USA
2027,Cory Carroll,Las Vegas,NV,USA
2028,Charis Anastasiou,Unknown,Unknown,Unknown
2029,Mike Zinna,San Antonio,TX,USA
2030,Isaac Haxton,Las Vegas,NV,USA
2031,Kelly McGlothlin,Monrovia,CA,USA
2032,Chad Brown,Margate,FL,USA
2033,Alan Levin,Santa Monica,CA,USA
2034,Joe Shield,St Pete Beach,FL,USA
2035,Cody Slaubaugh,Henderson,NV,USA
2036,Peter de Best,Unknown,Unknown,Unknown
2037,Alan Keating,Brooklyn,MI,USA
2038,Brian Tracy,Saint Louis,MO,USA
2039,Richard Crowell,Unknown,Unknown,Unknown
2040,Zhoang Han,Unknown,Unknown,Unknown
2041,Travis Belles,Unknown,Unknown,Unknown
2042,Paul Spitzberg,Tenafly,NJ,USA
2043,Chris Lovelace,Brandon,MS,USA
2044,Andreas Krause,Heilbronn,Unknown,DE
2045,Andrew Gunderson,Unknown,Unknown,Unknown
2046,Ed Betlow,Unknown,Unknown,Unknown
2047,Bart Hanson,W Hollywood,CA,USA
2048,Zach Clark,Las Vegas,NV,USA
2049,Justin King,Unknown,Unknown,Unknown
2050,Matt Stout,Las Vegas,NV,USA
2051,Jonathan Moonves,Los Angeles,CA,USA
2052,Ang Pang Leng,Unknown,Unknown,Unknown
2053,David Levi,Las Vegas,NV,USA
2054,Sylvester Geoghegan,Unknown,Unknown,Unknown
2055,Rajesh Verma,Billingham,Unknown,GB
2056,Andrew Barnes,Unknown,Unknown,Unknown
2057,James Williams,Unknown,Unknown,Unknown
2058,James Kasputis Jr.,Rockford,IL,USA
2059,Patrick Huse,Unknown,Unknown,Unknown
2060,Tim Begley,Unknown,Unknown,Unknown
2061,Claude Cohen,Unknown,Unknown,FR
2062,Vadim Trincher,New York,NY,USA
2063,Bryan Swanson,Unknown,Unknown,Unknown
2064,Wolbert Bartlema,Pe Nieu W Beerta,Unknown,NL
2065,Greg Huffman,Warren,OH,USA
2066,Jay Franklin Benjamin,Unknown,Unknown,Unknown
2067,Michael Mills,Unknown,Unknown,Unknown
2068,Samuel Padgett,Unknown,Unknown,Unknown
2069,Phillip Liou,Urbana,IL,USA
2070,Martin Miller,Unknown,Unknown,Unknown
2071,Adam Weiss,Unknown,Unknown,Unknown
2072,Robert Nehorayan,Sherman Oaks,CA,USA
2073,Mark Muchnik,Henderson,NV,USA
2074,Alin Kapoport,Unknown,Unknown,Unknown
2075,Justin Rollo,Townsend,MA,USA
2076,Imran Ahmad,Arcadia,CA,USA
2077,Karim Vegas,Miami,FL,USA
2078,Marco Mills,East Greenwich,ON,CA
2079,Brent Catalano,Maybleton,GA,USA
2080,Ben Lamb,Las Vegas,NV,USA
2081,Daniel Elizondo,San Pedro Nl,Unknown,MX
2082,Sean Boles,Unknown,Unknown,Unknown
2083,Matt Brady,Upper Darby,PA,USA
2084,John Dutchak,Tampa,FL,USA
2085,Man Montgomery,Unknown,Unknown,Unknown
2086,Mark Kim,Unknown,Unknown,Unknown
2087,Tristan Wade,Boynton Beach,FL,USA
2088,Gonzalo Flores,Unknown,Unknown,Unknown
2089,Nick Binger,Las Vegas,NV,USA
2090,Clint Schafer,Baton Rouge,LA,USA
2091,Joe Brandenburg,Portland,OR,USA
2092,Kenny Rundh,Unknown,Unknown,Unknown
2093,Fernando Reyes,Unknown,Unknown,Unknown
2094,Yuval Friedman,Hertzelia Israel,IN,USA
2095,Brett Kimes,Irving,TX,USA
2096,Jerry Kane,The Villages,FL,USA
2097,Deb Balderas,Tucson,AZ,USA
2098,Donna Blevins,Floral City,FL,USA
2099,Alex Michaels,Edison,NJ,USA
2100,Joe Pharo,Unknown,Unknown,Unknown
2101,Henry Ma,Unknown,Unknown,Unknown
2102,Priyan de Mel,London,Unknown,GB
2103,Randal McLoughlin,Unknown,Unknown,Unknown
2104,Sven Abelsson,Unknown,Unknown,Unknown
2105,John Campbell,Baton Rouge,LA,USA
2106,Michael Souza,San Diego,CA,USA
2107,Robert Damiano,Unknown,Unknown,Unknown
2108,Richard Klein,Littleton,CO,USA
2109,David Cowan,Unknown,Unknown,Unknown
2110,Robert Starkey,Anderson,IN,USA
2111,Lauchlin McKinnon,Las Vegas,NV,USA
2112,Hal Lubarsky,North Las Vegas,NV,USA
2113,Troy O'Brien,Unknown,Unknown,Unknown
2114,Chris Overgard,Lone Tree,CO,USA
2115,Phi Tran,Stockton,CA,USA
2116,Jason Sell,Plymouth,MN,USA
2117,Kenneth Lawrence,Unknown,Unknown,Unknown
2118,Esfandiar Dara,New York,NY,USA
2119,Karga Holt,Atlanta,GA,USA
2120,Matthew Olim,Unknown,Unknown,Unknown
2121,Sorel Mizzi,Toronto,ON,CA
2122,Adam Noone,Unknown,Unknown,Unknown
2123,Ovenson Benoit,Las Vegas,NV,USA
2124,Bob Poole,Unknown,Unknown,Unknown
2125,Evan Marshall,Indianapolis,IN,USA
2126,Justin Sellers,Unknown,Unknown,Unknown
2127,Steve Austin,Unknown,Unknown,Unknown
2128,Richard Weisman,Las Vegas,NV,USA
2129,Stephen Ma,Rockville,MD,USA
2130,Antonio Arce,Unknown,Unknown,Unknown
2131,Tinten Oliver,Unknown,Unknown,Unknown
2132,Frank Schram,Redondo Beach,CA,USA
2133,Kenneth Stead,Reserve,NM,USA
2134,Jason Heidma,Unknown,Unknown,Unknown
2135,Jose Padilla,Unknown,Unknown,Unknown
2136,Steven Lynch,Unknown,Unknown,Unknown
2137,Steven Jacobs,New York,NY,USA
2138,Sebastian Zink,Unknown,Unknown,Unknown
2139,Matthew Cohen,Philadelphia,PA,USA
2140,Jeffrey Dambrosia,Las Vegas,NV,USA
2141,Steven Guiberson,Gig Harbor,WA,USA
2142,Matt Sterling,Brownstown,IN,USA
2143,Richard Munro,Las Vegas,NV,USA
2144,Mao Qiu,Omaha,NE,USA
2145,Cyrus Farzad,Los Angeles,CA,USA
2146,Roy Vandersluis,London,Unknown,GB
2147,Tim Debenport,Unknown,Unknown,Unknown
2148,Moritz Hopfner,Unknown,Unknown,Unknown
2149,Takash Takii,Unknown,Unknown,Unknown
2150,Rami Bookai,Unknown,Unknown,Unknown
2151,Guang Lu,Vancouver,BC,CA
2152,Brad Mills,Unknown,Unknown,Unknown
2153,Michael Yoshino,Pasadena,CA,USA
2154,Kristian Obbaarius,Unknown,Unknown,Unknown
2155,Noah Schwartz,Sunny Isles Beach,FL,USA
2156,Amanda Baker,Las Vegas,NV,USA
2157,Tor Helness,Unknown,Unknown,Unknown
2158,Brian Miller,Duluth,GA,USA
2159,Keith Ogren,Unknown,Unknown,Unknown
2160,Thomas Barnard,Lake Mary,FL,USA
2161,Christopher Lines,London,Unknown,GB
2162,Sang Kim,Mclean,VA,USA
2163,Rodney Knight,Henderson,NV,USA
2164,Bryan Curtis,Gilbert,AZ,USA
2165,Carter King,Unknown,Unknown,Unknown
2166,Dorman Atchison,Ardmore,OK,USA
2167,Randy Jacobson,Unknown,Unknown,Unknown
2168,Albert Riccobono,West Harrison,NY,USA
2169,John Matwey,Hoboken,NJ,USA
2170,Ketul Nathwani,London,Unknown,GB
2171,Qing Sun,Diamond Bar,CA,USA
2172,Kit Manuel,Unknown,Unknown,Unknown
2173,Jac Arama,London,Unknown,GB
2174,Gustav Ludholm,Unknown,Unknown,Unknown
2175,David O'Neil,Unknown,Unknown,Unknown
2176,Steve Crockett,Unknown,Unknown,Unknown
2177,Ut Nguyen,Bell Gardens,CA,USA
2178,Gregory Owen,Atlanta,GA,USA
2179,Kenneth Gacek,Unknown,Unknown,Unknown
2180,Jason Mellross,Unknown,Unknown,Unknown
2181,Daniel Melan,Unknown,Unknown,Unknown
2182,Craig Edwards,Unknown,Unknown,Unknown
2183,Gary Benson,Sydney,Unknown,AU
2184,Wayne Johnson,Unknown,Unknown,Unknown
2185,Danny Smith,Las Vegas,NV,USA
2186,Jason Peed,Topeka,KS,USA
2187,Mark Sanchez,Denver,CO,USA
2188,Alex Melinkow,Unknown,Unknown,Unknown
2189,Mitch Garshofsky,Las Vegas,NV,USA
2190,Steve Sung,Torrance,CA,USA
2191,Tobey Maguire,Unknown,Unknown,Unknown
2192,Kevin Howart,Unknown,Unknown,Unknown
2193,Petri Pollanen,Palkane,Unknown,FI
2194,Steve O'Dwyer,Unknown,Unknown,IE
2195,Christoph Stiehler,Unknown,Unknown,Unknown
2196,Bradley Wood,Sandy Ridge,NC,USA
2197,Robert Preston,New Castle,PA,USA
2198,Ira Mazie,Unknown,Unknown,Unknown
2199,Dave Terry,Alpharetta,GA,USA
2200,Jim Geary,Glendale,AZ,USA
2201,Ryan McLean,Unknown,Unknown,Unknown
2202,Alfred Megrabyan,Granada Hills,CA,USA
2203,Derek Thorpe,Unknown,Unknown,IE
2204,David Smart,San Antonio,TX,USA
2205,Nasser Hamedami,Unknown,Unknown,Unknown
2206,Lewis Pilkington,Sheffield,Unknown,GB
2207,Veronica Dabul,Buenos Aires,Unknown,AR
2208,Sverre Sundbo,Unknown,Unknown,Unknown
2209,Thithi Tran,Cerritos,CA,USA
2210,Jason Glass,Buffalo Grove,IL,USA
2211,Steven Miranda,Atherton,CA,USA
2212,David Flusfeder,Unknown,Unknown,Unknown
2213,Nicholas Botta,Unknown,Unknown,Unknown
2214,Abdul Fadeyi,Centennial,CO,USA
2215,Matthew Shepsky,Skokie,IL,USA
2216,Patrice McLean,Unknown,Unknown,Unknown
2217,Arthur Cole,Mission Viejo,CA,USA
2218,Sam Simon,Pacific Palisades,CA,USA
2219,Steven D'Argenio,Unknown,Unknown,Unknown
2220,Ken Dickenson,Cypress,TX,USA
2221,John Ecker,Unknown,Unknown,Unknown
2222,Salvatore Passariello,Unknown,Unknown,Unknown
2223,Peter Hill,Unknown,Unknown,Unknown
2224,Eddie Stutts,Unknown,Unknown,Unknown
2225,Daniel Schleben,Ten Mile,TN,USA
2226,Steven Prentky,Las Vegas,NV,USA
2227,Santiago Terraza,Unknown,Unknown,Unknown
2228,Simon Rossi,Unknown,Unknown,Unknown
2229,Camillo Calabrese,Las Vegas,NV,USA
2230,Thomas Burandt,Savage,MN,USA
2231,Brian Hearn,Unknown,Unknown,Unknown
2232,Steven Kuhn,Unknown,Unknown,Unknown
2233,Jose Severino,Panama City,Unknown,PA
2234,Jared Okun,Las Vegas,NV,USA
2235,Dennis Marcum,Texas City,TX,USA
2236,Wing Tso,Unknown,Unknown,Unknown
2237,John Doucet,Quaker Hill,CT,USA
2238,Alexander Johnoff,Phoenix,AZ,USA
2239,Kevin Chan,Toronto,ON,CA
2240,Christian Toth,Unknown,Unknown,Unknown
2241,George Ramsey,Pikeville,KY,USA
2242,Demetrios Arvanetes,Las Vegas,NV,USA
2243,Nils Ersson,Unknown,Unknown,Unknown
2244,Jesper Hougaard,Hassengrade,Unknown,DK
2245,Robert Mizrachi,Miami,FL,USA
2246,George Vazanellis,Crown Point,IN,USA
2247,Tommy Vinas,Houston,TX,USA
2248,Sam Ditson,Unknown,Unknown,Unknown
2249,Jamie Dawick,Oakville,ON,CA
2250,Pamela Brunson,Mission Viejo,CA,USA
2251,Darin Haddock,Lakeside,MT,USA
2252,Michael Lum,Unknown,Unknown,Unknown
2253,Kyu Cho,Kempner,TX,USA
2254,Weldon Johnson,Unknown,Unknown,Unknown
2255,Jonathan Goldberg,North Las Vegas,NV,USA
2256,Kathy Jamison,Unknown,Unknown,Unknown
2257,Brian Darmanin,Mission Viejo,CA,USA
2258,Keith Gipson,Las Vegas,NV,USA
2259,Brian Collins,Unknown,Unknown,Unknown
2260,Lee Biddulph,Unknown,Unknown,Unknown
2261,Franklin Welch,Unknown,Unknown,Unknown
2262,David Wilson,Unknown,Unknown,Unknown
2263,Ronald Philpott,Phoenix,AZ,USA
2264,Todd Philllips,Unknown,Unknown,Unknown
2265,Andrew Barton,Unknown,Unknown,Unknown
2266,William Davidson,Nesbit,MS,USA
2267,Gregg Jaffy,Unknown,Unknown,Unknown
2268,Charles Anderson,Tucson,AZ,USA
2269,Stuart Spear,Reno,NV,USA
2270,Dennis Lane,Corte Madera,CA,USA
2271,Michael Cooper,Stockbridge,GA,USA
2272,Daniel Goldstein,Unknown,Unknown,Unknown
2273,Andre Wagner,Aachem,Unknown,DE
2274,Brent Sheirbon,The Dalles,OR,USA
2275,Christopher Collins,Columbus,OH,USA
2276,Jong O,Unknown,Unknown,Unknown
2277,Greg Hobson,Portland,OR,USA
2278,Casey Childress,Unknown,Unknown,Unknown
2279,Oliver Maingay,Unknown,Unknown,Unknown
2280,Steven Ettenger,Unknown,Unknown,Unknown
2281,Jay Perkins,Austin,TX,USA
2282,Wenlong Jin,Shanghai,Unknown,CN
2283,Ed Fernandez,Unknown,Unknown,Unknown
2284,Davidi Kitai,Brussel,Unknown,BE
2285,Daniel Snowden,Unknown,Unknown,Unknown
2286,Marc Naalden,Antwerp,Unknown,BE
2287,Henry McMillan,Unknown,Unknown,Unknown
2288,Chip Jett,Henderson,NV,USA
2289,Gregory Liang,Sunnyvale,CA,USA
2290,Tobias Christensen,Unknown,Unknown,Unknown
2291,Brian Hollywood,Severn,MD,USA
2292,Nick Nicolaou,Unknown,Unknown,Unknown
2293,Michael Tureniec,Solna,Unknown,SE
2294,Robert Donnino,Unknown,Unknown,Unknown
2295,Eduardo Santi,Buenos Aires,Unknown,AR
2296,James Capone,Unknown,Unknown,Unknown
2297,Jeff James,Unknown,Unknown,Unknown
2298,Scott Epstein,Las Vegas,NV,USA
2299,Eugene Fouksman,Manalappan,NJ,USA
2300,Diana Hakopian,Unknown,Unknown,Unknown
2301,Fabrice Soulier,Paris,Unknown,FR
2302,Samir Khooeis,Unknown,Unknown,Unknown
2303,Christiane Klecz,Cologne,Unknown,DE
2304,Randy Lowery,Atlanta,GA,USA
2305,Ronald Stubing,New Rochelle,NY,USA
2306,Bradley Ellis,Midland,Unknown,USA
2307,Mathew Ciezki,Unknown,Unknown,Unknown
2308,Joseph Fallows,Broomall,PA,USA
2309,Robert Lipkin,Buffalo Grove,IL,USA
2310,Curtis Vangilder,Port Byron,IL,USA
2311,Huy Nguyen (AZ),Scottsdale,AZ,USA
2312,Tony Lee,Unknown,Unknown,Unknown
2313,Yuan Hsieh,Unknown,Unknown,Unknown
2314,William Orvis,Longmont,CO,USA
2315,Yueqi Zhu,Rowland Heights,CA,CH
2316,Louis Merola,Unknown,Unknown,Unknown
2317,Thomas Nielsen,Unknown,Unknown,Unknown
2318,Redmond Lee,London,Unknown,GB
2319,Robert Ford,Pittsburgh,PA,USA
2320,Le Hung,Unknown,Unknown,Unknown
2321,Hein Tran,Unknown,Unknown,Unknown
2322,Daniel Gelowitz,Lethbridge,AB,CA
2323,Cliff Josephy,Muttontown,NY,USA
2324,Gualter Salles,Rio De Janeiro,Unknown,BR
2325,Jonathan Kemsley,Kent,Unknown,GB
2326,Aditya Agarwal,Kolkata,Unknown,IN
2327,Wade Chow,San Francisco,CA,USA
2328,Nicholas Cunnane,Unknown,Unknown,Unknown
2329,Lance Allred,Toluca Lake,CA,USA
2330,Anthony Newman,Brooklyn,NY,USA
2331,Alan Hance,Bakersfield,CA,USA
2332,Eric Kurtzman,Las Vegas,NV,USA
2333,Ricardo Nuno,Vista,CA,USA
2334,Jeppe Nielson,Unknown,Unknown,Unknown
2335,Bryan Veach,Hyde Park,NY,USA
2336,Robby Rose,Unknown,Unknown,Unknown
2337,Shirley Williams,Fort Worth,TX,USA
2338,Andrew Grimason,Dublin,Unknown,IE
2339,Sarah Stohler,Unknown,Unknown,Unknown
2340,Mark Owens,Chicago,IL,USA
2341,Lloyd Rees,Bristol,Unknown,GB
2342,Brian Bruijn,Unknown,Unknown,Unknown
2343,Paul Nero,Unknown,Unknown,Unknown
2344,Phil Lifschitz,Livingston,NJ,USA
2345,Jason Tikijian,Unknown,Unknown,Unknown
2346,Vandy Krouch,Carrollton,TX,USA
2347,Sam Abueid,Chicago,IL,USA
2348,Eris Staton,Unknown,Unknown,Unknown
2349,Eugene Ji,Rego Park,NY,USA
2350,Nhut Tran,Unknown,Unknown,Unknown
2351,James Campbell,Warren,MI,USA
2352,Scott Yeates,Costa Mesa,CA,USA
2353,William Stocker,Unknown,Unknown,Unknown
2354,Joseph Reichenberger,Unknown,Unknown,Unknown
2355,Peter Valente,Unknown,Unknown,Unknown
2356,Robert Van Hsia,Unknown,Unknown,Unknown
2357,Lee Klosty,Unknown,Unknown,Unknown
2358,John Duthie,London,Unknown,GB
2359,William Cheeseman,East Lansing,MI,USA
2360,Shayan Salehi,Unknown,Unknown,Unknown
2361,Geoffrey Herzog,Jacksonville,FL,USA
2362,David Riley,Mansfield,TX,USA
2363,Irvin Hoffman,Nepean,ON,USA
2364,Jonathan Krela,Thunder Bay,ON,CA
2365,Nikzad Hooman,Unknown,Unknown,Unknown
2366,Jose Ignacio Barbero,Buenos Aires,Unknown,AR
2367,Danny Fisher,Unknown,Unknown,Unknown
2368,Amnon Filippi,New York,NY,USA
2369,Victor Rooney,Acocks Green,Unknown,GB
2370,Jeff Norman,Encinitas,CA,USA
2371,Terrence Magill,Unknown,Unknown,Unknown
2372,David Gurevich,Unknown,Unknown,Unknown
2373,Michael Ward,Unknown,Unknown,Unknown
2374,Weiyan Chan,Unknown,Unknown,Unknown
2375,Andrew Evans,Unknown,Unknown,Unknown
2376,Nicholas Carrillo,Sun Valley,CA,USA
2377,Leo Boxell,Nunawading Vic,Unknown,AU
2378,Joshua Bauer,Mesa,AZ,USA
2379,Steven Wilk,San Antonio,TX,USA
2380,Rahul Maitra,Webster,NY,USA
2381,Farrell Hinkle,Costa Mesa,CA,USA
2382,Richard Wild,Northwick,Unknown,GB
2383,Isaac Galazan,Sunny Isles Beach,FL,USA
2384,Ronald Todd Crosswell,Unknown,Unknown,Unknown
2385,Robert DeForge,Unknown,Unknown,Unknown
2386,Arthur Rhea,Indianapolis,IN,USA
2387,Daniel Palmer,Hampton,Unknown,GB
2388,Ten Bokkel,Unknown,Unknown,Unknown
2389,Blair Hinkle,Weatherby Lake,MO,USA
2390,Alan Davis,Unknown,Unknown,Unknown
2391,Ziad Alameddine,Miami,FL,USA
2392,Randall Brueckner,Las Vegas,NV,USA
2393,Howard Mann,Unknown,Unknown,Unknown
2394,Aaron Eckhart,Lake Havasu City,AZ,USA
2395,Robert Blaeser,Eden Prairie,MN,USA
2396,Gerald Kim,Irvine,CA,USA
2397,Russell Kamer,Katonah,NY,USA
2398,Wilson Tien,Las Vegas,NV,USA
2399,Ned Griffis,Unknown,Unknown,Unknown
2400,James Tolley,Unknown,Unknown,Unknown
2401,Daniel Attie,St Petersburg,Unknown,RU
2402,Jeffrey Nairin,Canoga Park,CA,USA
2403,Mitch Ivey,Knoxville,TN,USA
2404,Jules Dreamell,Unknown,Unknown,Unknown
2405,Christian Abele,Unknown,Unknown,Unknown
2406,Per Linus Johansson,Unknown,Unknown,Unknown
2407,Richard Marshall,Raleigh,NC,USA
2408,Kyle Morris,Las Vegas,NV,USA
2409,James Lewis,Calgary,AB,CA
2410,Kevan Casey,Houston,TX,USA
2411,Shawn Chang,Unknown,Unknown,Unknown
2412,Aaron Coulthard,Unknown,Unknown,Unknown
2413,Mathew Traudt,Oconomowoc,WI,USA
2414,Randall Ameil,Unknown,Unknown,Unknown
2415,Mike Puskarich,North Las Vegas,NV,USA
2416,Kenneth Webster,Unknown,Unknown,Unknown
2417,Tony Hachem,Northcote,Victoria,AU
2418,Joshua Van Dyke,Unknown,Unknown,Unknown
2419,Thomas Laviano,Glen Head,NY,USA
2420,Roger Brooks,Sparta,NJ,USA
2421,Randy Mckay,Finley,ND,USA
2422,Edson Esquio,Sao Paulo,Unknown,BR
2423,Dale Michael,La Quinta,CA,USA
2424,Rolf Slotboom,Amsterdam,Unknown,NL
2425,Tom McCormick,Fargo,ND,USA
2426,Dederic Senne,Unknown,Unknown,Unknown
2427,Ethan Steinberg,Unknown,Unknown,Unknown
2428,Kizirian Armenak,Unknown,Unknown,Unknown
2429,Patrik Peterson,Unknown,Unknown,Unknown
2430,Shawn Chaconas,Unknown,Unknown,Unknown
2431,Glen Questro,Unknown,Unknown,Unknown
2432,Jason Stern,San Jose,CA,USA
2433,Nicholas Elridge,Unknown,Unknown,Unknown
2434,Paul Kemp,Milton Keynes,Unknown,GB
2435,Bernard Strauss,Birmingham,AL,USA
2436,Benjamin Gold,Long Beach,CA,USA
2437,Nokolas Liakos,Unknown,Unknown,Unknown
2438,Bette Carswell,Unknown,Unknown,Unknown
2439,Kevin Lake,Unknown,Unknown,Unknown
2440,Richard Salle,Unknown,Unknown,Unknown
2441,Angela Giannino,Manchester,NH,USA
2442,Daren Woods,Unknown,Unknown,GB
2443,Kyle Wilson,Surrey,BC,CA
2444,Jeff Dumas,Mesa,AZ,USA
2445,Andrew Shepherd,Manchester,Unknown,GB
2446,Jonas Jerlstrom,Unknown,Unknown,Unknown
2447,Duane Van Keulen,Unknown,Unknown,Unknown
2448,Penh Lo,Unknown,Unknown,Unknown
2449,Wai Kei Liu,Unknown,Unknown,Unknown
2450,Chris Crilly,San Clemente,CA,USA
2451,Robert Daily,Unknown,Unknown,Unknown
2452,Johnathan Stanton,Saint Petersburg,FL,USA
2453,Eddie Gravalese,Revere,MA,USA
2454,Ryan Osborne,Bellevue,WA,USA
2455,Joe Graziano,Unknown,Unknown,Unknown
2456,Richard Barbino,Unknown,Unknown,Unknown
2457,Frank Holloway,Fairfield,CA,USA
2458,Mohammed Zahour,Unknown,Unknown,Unknown
2459,Joan Fernandez,Unknown,Unknown,Unknown
2460,Dean Hamrick,Plymouth,MI,USA
2461,Patrick Martensson,Unknown,Unknown,Unknown
2462,Michael Qvist,Unknown,Unknown,Unknown
2463,Jeremy Joseph,Winter Garden,FL,USA
2464,Lor Jhoun Tran,Unknown,Unknown,Unknown
2465,Richard Warburg,Unknown,Unknown,Unknown
2466,Ole Bergan,Unknown,Unknown,Unknown
2467,Jeffrey Lowenhar,Cherry Hill,NJ,USA
2468,George Dolofan,Miami Beach,FL,USA
2469,Taeko Oishi,Unknown,Unknown,Unknown
2470,Joseph Cutler,Bay Shore,NY,USA
2471,John Michael,Atherton,CA,USA
2472,Christopher Perry,Unknown,Unknown,Unknown
2473,Artur Szczupak,Rio De Janeiro,Unknown,BR
2474,Anders Solheim,Unknown,Unknown,Unknown
2475,Sheldon Saul,Thornhill,ON,CA
2476,Jimmy Tran,Las Vegas,NV,USA
2477,Kiarash Hamadani,Los Angeles,CA,USA
2478,Carsten Jacabsen,Unknown,Unknown,Unknown
2479,Brian Senie,New Orleans,LA,USA
2480,Jorge Albalat,Unknown,Unknown,Unknown
2481,Gregory Treger,Unknown,Unknown,Unknown
2482,Peter Eastgate,Odense,Unknown,DK
2483,Ivan Demidov,Moscow,Unknown,RU
2484,Dennis Phillips,Las Vegas,NV,USA
2485,Ylon Schwartz,Austin,TX,USA
2486,Scott Montgomery,Ottawa,ON,CA
2487,Craig Marquis,Arlington,TX,USA
2488,Joe Bishop,Cincinnati,OH,USA
2489,Chris Klodnicki,Philadelphia,PA,USA
2490,Nicholas Sliwinski,Las Vegas,NV,USA
2491,Gert Andersen,Herning,Unknown,DK
2492,Owen Crowe,Halifax,NS,CA
2493,Tony Scherer,Truckee,CA,USA
2494,Tiffany Michelle,Newhall,CA,USA
2495,Jason Riesenberg,Halbur,IA,USA
2496,Albert Kim,Staten Island,NY,USA
2497,Brandon Cantu,Ridgefield,WA,USA
2498,Paul Snead,Kings Park,NY,USA
2499,Tim Loecke,Unknown,Unknown,Unknown
2500,Toni Judet,Drumul Taberei,Unknown,RO
2501,Aaron Gordon,Sussex,Unknown,GB
2502,Michael Carroll,Las Vegas,NV,USA
2503,Nikolay Losev,Moscow,Unknown,RU
2504,Cristian Dragomir,Unknown,Unknown,Unknown
2505,Garrett Beckman,Gardner,KS,USA
2506,Jamal Kunbuz,Unknown,Unknown,Unknown
2507,Gregory Byard,Unknown,Unknown,USA
2508,Peter Neff,Las Vegas,NV,USA
2509,Andrew Rosskamm,Gates Mills,OH,USA
2510,Felix Osterland,Tuebingen,Unknown,DE
2511,Craig Stein,Unknown,Unknown,Unknown
2512,Mauro Lupo,Unknown,Unknown,Unknown
2513,Kido Pham,Garland,TX,USA
2514,Jonathan Plens,Toronto,ON,CA
2515,Dave Saab,Unknown,Unknown,AU
2516,Adam Levy,Coral Springs,FL,USA
2517,Aaron Keay,North Delta,WA,USA
2518,Allen Kennedy,Homerville,GA,USA
2519,Alfredo Fernandez,Unknown,Unknown,Unknown
2520,Mark Ketteringham,Las Vegas,NV,USA
2521,Alan Gould,Plantation,FL,USA
2522,Alex Outhred,Carmichael,CA,USA
2523,Rafael Caiaffa,Belo Horizonte,Unknown,BR
2524,Eric Bamer,Lacey,WA,USA
2525,Jeremy Gaubert,Lockport,LA,USA
2526,Thomas Keller,Chandler,AZ,USA
2527,Geert Jans,Unknown,Unknown,Unknown
2528,Brian Tatum,Lake Village,IN,USA
2529,Larry Wright (TX),Mc Queeney,TX,USA
2530,Christopher Zapf,Unknown,Unknown,Unknown
2531,Justin Scott,Redford Twp,MI,USA
2532,Suresh Prabhu,Atlanta,GA,USA
2533,Sean Davis,Las Vegas,NV,USA
2534,Terry Lade,Ormond Beach,FL,USA
2535,James McManus,Dublin,Unknown,IE
2536,Daniel Buzgon,Marlton,NJ,USA
2537,David Benefield,Arlington,TX,USA
2538,Jamal Sawaqdeh,Aurora,CO,USA
2539,Keith Hawkins,Stapleton,Unknown,GB
2540,Lisa Parsons,Las Vegas,NV,USA
2541,Matt Matros,Brooklyn,NY,USA
2542,Bob Whalen,Unknown,Unknown,Unknown
2543,Davor Lanini,Parma,Unknown,IT
2544,Stephen Kenna,Dunboyne,Unknown,IE
2545,Lonnie Heimowitz,Monticello,NY,USA
2546,Alexander Kostritsyn,Volzhsky,Unknown,RU
2547,Cedric Kolstad,Mesa,AZ,USA
2548,Santeri Valikoski,Espoo,Unknown,FI
2549,Jeff Papola,Monmouth Brach,NJ,USA
2550,Timothy Taylor,Unknown,Unknown,Unknown
2551,Robert Hwang,Barnegat,NJ,USA
2552,Yde Deutekom,Unknown,Unknown,Unknown
2553,Dwayne Stacey,Romesy,Unknown,GB
2554,Darren Grant,Toronto,ON,CA
2555,Cort Kibler-Melby,Edwardville,KS,USA
2556,Marc Podell,New York,NY,USA
2557,Vito Branciforte,Unknown,Unknown,IT
2558,Petteri Pirinen,Espoo,Unknown,FI
2559,Tri Nguyen,Westminster,CA,USA
2560,Kara Scott,Santa Barbara,CA,USA
2561,Stephane Hornet,Unknown,Unknown,Unknown
2562,Nathan Hays,Lincoln,NE,USA
2563,Nghia Le,Shakopee,MN,USA
2564,Greg DeBora,Toronto,ON,CA
2565,Reggie Lyons,Shankill,Unknown,IE
2566,Jeff Madsen,Los Angeles,CA,USA
2567,Adam York,Nailsea,Unknown,GB
2568,Kellen Hunter,Unknown,Unknown,Unknown
2569,Matthew Jensen,Unknown,Unknown,Unknown
2570,William Brewin,Unknown,Unknown,Unknown
2571,Jens Klaning,Aarhus,Unknown,DK
2572,Jeff Kimber,Newcastle,Unknown,GB
2573,Keith Ferrera,Las Vegas,NV,USA
2574,Brandon Becker,Loveland,OH,USA
2575,Raja Kattamuri,Irving,TX,USA
2576,Douglas Ashmore,Houston,TX,USA
2577,Dale Hoy,Norwich,Unknown,GB
2578,Andrew Teng,London,Unknown,GB
2579,Dan Assor,Unknown,Unknown,Unknown
2580,Brad Johnson,Madison,AL,USA
2581,Jeff Anderson,Unknown,Unknown,Unknown
2582,Anton Nikaj,Putnam Valley,NY,USA
2583,Alexander Tinsley,Wauconda,IL,USA
2584,Xiao Dong Deng,Edmonton,AB,CA
2585,Terry Stewart,Duluth,GA,USA
2586,Minna Ritakorpi,Unknown,Unknown,Unknown
2587,Pontus Khosravi,Gothenburg,Unknown,SE
2588,Karen Manfrede,Ladue,MO,USA
2589,Sylvain Coeur,Unknown,Unknown,Unknown
2590,Mikael Johansson,Kristianstad,Unknown,SE
2591,Andrew Schultz,Madison,WI,USA
2592,Keoni Schwartz,Unknown,Unknown,Unknown
2593,Matt Lessinger,Alameda,CA,USA
2594,Jeremiah Smith,Las Vegas,NV,USA
2595,Sarkis Akopyan,Moscow,Unknown,RU
2596,Jon Friedberg,Las Vegas,NV,USA
2597,Charalampos Tsaoussis,Starnberg,Unknown,DE
2598,Barry Leventhal,Brooklyn,NY,USA
2599,Justin St. John,Unknown,Unknown,Unknown
2600,Patrick Zamarian,Unknown,Unknown,Unknown
2601,Garth Paul,North Ridgeville,OH,USA
2602,Kyle Carlston,Las Vegas,NV,USA
2603,Joshua Freeman,Unknown,Unknown,Unknown
2604,Noah Kawashige,Honolulu,HI,USA
2605,Jerry Martin,Unknown,Unknown,Unknown
2606,Cory Albertson,Austin,TX,USA
2607,Robin Larsson,Unknown,Unknown,Unknown
2608,Francis Witek,Nevada City,CA,USA
2609,Evan Jarvis,Toronto,ON,CA
2610,Cornel Pazara,Sunnyvale,CA,USA
2611,Jesse McEuen,Jacksonville,FL,USA
2612,Helge Pederson,Gester,Unknown,DK
2613,William Purle,Unknown,Unknown,Unknown
2614,Lou Esposito,Unknown,Unknown,Unknown
2615,Thomas Cope,Unknown,Unknown,Unknown
2616,James Mills,Unknown,Unknown,Unknown
2617,Christopher Barrile,Marlborough,MA,USA
2618,Charles Dolan,Huntingtn Bch,CA,USA
2619,Joshua Norris,Toronto,ON,CA
2620,Bernie Koerner,Daytona Beach,FL,USA
2621,Diren Yildiz,Unknown,Unknown,DE
2622,Roy Carter,Carrollton,TX,USA
2623,Neil Sweeting,Ashtead,Unknown,GB
2624,Anthony Meeker,Rockville Centre,NY,USA
2625,Gerald Cusick,Aurora,CO,USA
2626,Hai Chu,Templestowe,Unknown,AU
2627,Anthony Clark,Unknown,Unknown,Unknown
2628,Peter Traply,Budapest,Unknown,HU
2629,George Rahme,Unknown,Unknown,Unknown
2630,Bayani Flores,Berkeley,CA,USA
2631,Edward Roger,Kent,Unknown,GB
2632,David Olson,Dallas,TX,USA
2633,Eric Bredmond,Unknown,Unknown,Unknown
2634,Robert Georato,Naples,FL,USA
2635,Andreas Berggren,Unknown,Unknown,Unknown
2636,Alexander Borteh,Delaware,OH,USA
2637,Edwin Aister,Unknown,Unknown,Unknown
2638,Steve Billirakis,Las Vegas,NV,USA
2639,Ronald Adams,Unknown,Unknown,Unknown
2640,Ross Smith,Unknown,Unknown,Unknown
2641,Jimmy Nickens,Willis,TX,USA
2642,Michael Graffeo,Fort Mill,SC,USA
2643,Anthony Zinno,Boston,MA,USA
2644,William Jordan-Soffin,Unknown,Unknown,Unknown
2645,Jose Baeza,Unknown,Unknown,Unknown
2646,Samir Shakhtoor,Unknown,Unknown,Unknown
2647,Alana Morin,Unknown,Unknown,Unknown
2648,Paulo Loureiro,Unknown,Unknown,Unknown
2649,Jeffrey Frye,Palestine,TX,USA
2650,Le Banh,Long Beach,CA,USA
2651,Daniel Fuhs,San Diego,CA,USA
2652,Joseph Ward,Revere,MA,USA
2653,Brent Roberts,Las Vegas,NV,USA
2654,Ryan Milisits,The Colony,TX,USA
2655,Manuel Bevand,Paris,Unknown,FR
2656,Justin Wald,Kirkland,WA,USA
2657,Jose Gomez,Cuenca,Unknown,ES
2658,Matthew Beisner,Friendswood,TX,USA
2659,Jon Turner,Las Vegas,NV,USA
2660,Clifton Allen,Camarillo,CA,USA
2661,Steve Landfish,New York City,NY,USA
2662,Joseph Bolnick,Los Angeles,CA,USA
2663,Edward Zane,Honolulu,HI,USA
2664,Damien Creurer,Unknown,Unknown,Unknown
2665,Kristian Obbarius,Unknown,Unknown,Unknown
2666,Bill Seber,Houston,TX,USA
2667,Dominick Kulicki,Unknown,Unknown,Unknown
2668,Mark Weil,Cincinnati,OH,USA
2669,Evelyn Ng,Las Vegas,NV,USA
2670,Tracey Nguyen,Anaheim,CA,USA
2671,Sigurd Eskeland,Oslo,Unknown,NO
2672,Michael Pedley,Churchlands,Unknown,AT
2673,Melvin Lowe,Unknown,Unknown,Unknown
2674,Olivier Busquet,Katonah,NY,USA
2675,Ziv Bachar,Ramat Gan,Unknown,IL
2676,Doran Malinasky,Unknown,Unknown,Unknown
2677,Greg Jamison,Las Vegas,NV,USA
2678,Tyron Krost,Sydney,Unknown,AU
2679,Van Nguyen,Bell Gardens,CA,USA
2680,Soren Petersen,Unknown,Unknown,Unknown
2681,"David ""Bakes"" Baker",Marina Del Rey,CA,USA
2682,Marc Fineman,Unknown,Unknown,Unknown
2683,Brad Hood,Oakdale,PA,USA
2684,Paul Lieu,Las Vegas,NV,USA
2685,Marco Marcon,Curitiba,Unknown,BR
2686,Thomas Cargill,Unknown,Unknown,Unknown
2687,Raul Paez,Barbara Del Valle,Unknown,ES
2688,Travis Cook,Las Vegas,NV,USA
2689,Leonardo Emperador,Caracas,Unknown,VE
2690,Andreas Martens,Bielefeld,Unknown,DE
2691,John Bowler,Canton,GA,USA
2692,Brian Eckstrom,Marlton,NJ,USA
2693,Eric Tom,San Jose,CA,USA
2694,Hannu Korva,Unknown,Unknown,Unknown
2695,Tab Thiptinnakon,Unknown,Unknown,Unknown
2696,John Peter,Unknown,Unknown,Unknown
2697,Shawn Pilot,Burbank,CA,USA
2698,Tino Lechich,Melbourne,Unknown,AU
2699,Peter Biebel,Unknown,Unknown,Unknown
2700,Nick Voyatzis,Los Angeles,CA,USA
2701,Michael Ortlieb,Sheboygan,WI,USA
2702,Mike Ngo,Los Angeles,CA,USA
2703,Dan Mitnick,Alpharetta,GA,USA
2704,Phidias Georgiou,Unknown,Unknown,Unknown
2705,Mark Radoja,Guelph,ON,CA
2706,Chau Do,Unknown,Unknown,Unknown
2707,Jeff Heyn,Unknown,Unknown,Unknown
2708,Aleksandar Rasic,New York,NY,USA
2709,Jiri Hlavaty,Unknown,Unknown,Unknown
2710,Paul Kristoffersson,Comma,Unknown,SE
2711,Bernard Brady,Unknown,Unknown,Unknown
2712,Alan Jaffray,Henderson,NV,USA
2713,Marcelo Dabus,Rio De Janeiro,Unknown,BR
2714,Theodore Harris,Mount Shasta,CA,USA
2715,Fredrik Halling,Vastenas,Unknown,SE
2716,Randy Benton,Unknown,Unknown,Unknown
2717,Shahram Rastegari,Unknown,Unknown,Unknown
2718,Steven Goosen,Abbotsford,BC,CA
2719,Aaron Lerner,Unknown,Unknown,Unknown
2720,Mike Purdy,Virginia Beach,VA,USA
2721,Peter Ling,Unknown,Unknown,Unknown
2722,Clayton Newman,San Diego,CA,USA
2723,Michelle Sainz,Mexico City,Unknown,MX
2724,Bruce Hyde,Unknown,Unknown,Unknown
2725,Michael Blocksidge,Rocky River,OH,USA
2726,Tony Basile,Toronto,ON,CA
2727,Kevin Lang,Raleigh,NC,USA
2728,Nichlas Mattsson,Solna,Unknown,SE
2729,Dragoslav Timarac,Unknown,Unknown,Unknown
2730,Thomas Schaffer,Unknown,Unknown,Unknown
2731,Andre Johnstone,Atlantic Beach- Cash Town,Unknown,LC
2732,John Gordon,Clearwater,FL,USA
2733,Ferdinand Quelle,Brandon,MB,CA
2734,Carmel Petresco,Unknown,Unknown,Unknown
2735,Thayer Rasmussen,Saint Petersburg,FL,USA
2736,Jani Vilmunen,Helsinki,Unknown,FI
2737,Michael Bertolini,Staten Island,NY,USA
2738,Kevin Schaffel,Coral Springs,FL,USA
2739,Mads Andersen,Hellerup,Unknown,DK
2740,Derek Buonano,Tolland,CT,USA
2741,Nick Rampone,Las Vegas,NV,USA
2742,Shane Pacheco,Garberville,CA,USA
2743,Joshua Chait,Beverly Hills,CA,USA
2744,Maya Gellar,Unknown,Unknown,Unknown
2745,Everett Carlton,Saint Paul,MN,USA
2746,William Blanda,Galveston,TX,USA
2747,Ed Godfrey,Unknown,Unknown,Unknown
2748,Mirza Nagji,New York,NY,USA
2749,Michael Spinasanta,Cave Creek,AZ,USA
2750,Andrew Armstrong,Mc Leansville,NC,USA
2751,Mitchell Smith,Palm Beach,FL,USA
2752,Tom Hanlon,Dublin,Unknown,IE
2753,Adam Zinn,Henderson,NV,USA
2754,Igor Ioffe,Twinsburg,OH,USA
2755,Jeremy Renz,Green Bay,WI,USA
2756,Stuart Hosen,Addison,TX,USA
2757,Jason Newburger,Vernon Hills,IL,USA
2758,Robert Wood,Shawnee,KS,USA
2759,Tai Nguyen,Fremont,CA,USA
2760,Mark Crocker,Hants,Unknown,GB
2761,Matt Calhoun,Unknown,Unknown,Unknown
2762,Joanne Monteavaro,New York,NY,USA
2763,Denny Lee,Los Angeles,CA,USA
2764,Paul Ridley,Unknown,Unknown,Unknown
2765,Trevor Reardon,Staffs,Unknown,GB
2766,Robert Cook,Oceanside,CA,USA
2767,Tomer Berda,Unknown,Unknown,IL
2768,Adam Schwartz,Plantation,FL,USA
2769,Marc Tschirch,Kuncizzjoni,Unknown,MT
2770,Russell Silva,Unknown,Unknown,Unknown
2771,Leonard Nicoletta,Gulfport,MS,USA
2772,Dylan Linde,Las Vegas,NV,USA
2773,Leo Wolpert,Fairfax,VA,USA
2774,Art Tanimoto,Unknown,Unknown,Unknown
2775,Bertrand Grospellier,Melun,Unknown,FR
2776,Hunter Frey,Houston,TX,USA
2777,Eric Kesselman,New York,NY,USA
2778,Evan McNiff,San Diego,CA,USA
2779,Frank Browne,Unknown,Unknown,Unknown
2780,Ryan Eber,Johannesburg,Unknown,ZA
2781,Mark Velloney,Chesterfield,MI,USA
2782,Kenneth Lee,El Sobrante,CA,USA
2783,Lawrence Jacobs,New York,NY,USA
2784,Israel Hodara,Unknown,Unknown,IL
2785,Herbert Morici,Irving,TX,USA
2786,Eric Thompkins,Sacramento,CA,USA
2787,gary Berbiglia,Lenexa,KS,USA
2788,Scott Landrem,Unknown,Unknown,Unknown
2789,Robert Fechser,Las Vegas,NV,USA
2790,Shaun Farley,Unknown,Unknown,Unknown
2791,John Reiss,Unknown,Unknown,Unknown
2792,Kim Moon,Unknown,Unknown,Unknown
2793,Frank Russo,Pompano Beach,FL,USA
2794,Jamie Rosen,Las Vegas,NV,USA
2795,Nicholas Keegan,Unknown,Unknown,Unknown
2796,Larry Scott Bernstein,Ramsey,NJ,USA
2797,Jaspar Lee,Unknown,Unknown,Unknown
2798,E Bullock,Plantation,FL,USA
2799,Andres Alvarez,Unknown,Unknown,Unknown
2800,Steven Giufre,Unknown,Unknown,Unknown
2801,Jolyne Thompson,Houston,TX,USA
2802,Thomas Cummins,Cincinnati,OH,USA
2803,Diogo Borges,Porto,Unknown,PT
2804,Martin Elkher,Copenhagen,Unknown,DK
2805,Salomon Sutton,Lomds,Unknown,MX
2806,Michael Schnabel,Unknown,Unknown,Unknown
2807,Pawel Andrzejewski,Des Plaines,IL,USA
2808,Paul Leckey,Ballymena,Unknown,IE
2809,Frank Chimienti,Unknown,Unknown,Unknown
2810,Richard Owens,Palmer,AK,USA
2811,Peter Wesselies,Unknown,Unknown,Unknown
2812,Kory Mitchell,Denver,CO,USA
2813,Patrick Ocallaghan,Unknown,Unknown,Unknown
2814,Billy Pilossoph,Presto,PA,USA
2815,Frankie O'Dell,Denver,CO,USA
2816,Tim West,Los Altos,CA,USA
2817,Steve Rosen,Armonk,NY,USA
2818,Dale Andrews,Unknown,Unknown,Unknown
2819,Craig Goodling,Naples,FL,USA
2820,Adam Schoenfeld,Las Vegas,NV,USA
2821,Peter Christensen,Saint Paul,MN,USA
2822,Raymond Saide,Las Vegas,NV,USA
2823,David Colclough,Birmingham,Unknown,GB
2824,Christopher Anzivino,Unknown,Unknown,Unknown
2825,James Dalessandro,Chicago,IL,USA
2826,David Naimark,Cardiff,CA,USA
2827,Gary Do,Englewood,CO,USA
2828,Maria Navarro,Unknown,Unknown,Unknown
2829,Eetu Vehilainen,Unknown,Unknown,Unknown
2830,James Washer,Unknown,Unknown,Unknown
2831,Bob Bright,Las Vegas,NV,USA
2832,Richard Lowe,Unknown,Unknown,Unknown
2833,Fokke Beukers,Noordwijk,Unknown,NL
2834,Alberto Fontrytzner,Unknown,Unknown,Unknown
2835,Jean-Robert Bellande,Las Vegas,NV,USA
2836,Scott Harris,Unknown,Unknown,Unknown
2837,Jason Young,Suffern,NY,USA
2838,Neville Robbeson,Unknown,Unknown,Unknown
2839,Haysam Chiniara,Montreal,QC,CA
2840,Darryl Ronconi,Naperville,IL,USA
2841,Morten Antonsen,Bodoe,NJ,NO
2842,Jason McCarty,Coconut Creek,FL,USA
2843,Evan Woodington,Unknown,Unknown,Unknown
2844,David Dao,Elizabethtown,KY,USA
2845,Steven Devries,Unknown,Unknown,Unknown
2846,Nathaniel Mullen,Daly City,CA,USA
2847,Brian Schaedlich,Unknown,Unknown,Unknown
2848,Denys Drobyna,Unknown,Unknown,UA
2849,Chase Madden,Unknown,Unknown,Unknown
2850,Christain Oman,Unknown,Unknown,Unknown
2851,Thamir Akrawi,Unknown,Unknown,Unknown
2852,Huyen Vo,Unknown,Unknown,Unknown
2853,David Ritter,Unknown,Unknown,Unknown
2854,Peter Aiello,Unknown,Unknown,Unknown
2855,Scott Hair,Unknown,Unknown,Unknown
2856,Zafar Aslam,Lankershire,Unknown,GB
2857,Hugo Navarrete,Miami Beach,FL,USA
2858,Mike Vanier,Lincoln,NE,USA
2859,David Kronick,Maple Grove,MN,USA
2860,Ken Holcombe,Cerritos,CA,USA
2861,Maxwell Troy,Los Angeles,CA,USA
2862,Scott Zakheim,Fort Lauderdale,FL,USA
2863,Greg Peters,Las Vegas,NV,USA
2864,Aaron Steury,Fort Wayne,IN,USA
2865,Leroy Spires,Las Cruces,NM,USA
2866,Roger Pruzansky,Richmond,TX,USA
2867,Ben Sprengers,Edmonton,FL,USA
2868,Jason House,Unknown,Unknown,Unknown
2869,Edmund Chan,Vancouver,BC,CA
2870,Daniel Barlin,New York,NY,USA
2871,Jeffrey Palarino,Pittsburgh,PA,USA
2872,Judy Raney,Unknown,Unknown,Unknown
2873,Edmond Mekertichian,Unknown,Unknown,Unknown
2874,Gary Herstein,Chicago,IL,USA
2875,Andreas Jorbeck,Unknown,Unknown,Unknown
2876,Ruben Juarez,Unknown,Unknown,Unknown
2877,Beisheng Chen,Unknown,Unknown,Unknown
2878,Daryn Firicano,Unknown,Unknown,Unknown
2879,Gerald Macleod,Leduc,AB,CA
2880,Sean Fennessey,Fife,Unknown,GB
2881,Howard German,Unknown,Unknown,Unknown
2882,Christophe Gross,Saarbrucken,Unknown,DE
2883,Lei Cai,Unknown,Unknown,Unknown
2884,Ron Jenkins,South El Monte,CA,USA
2885,Francesco de Vivo,Unknown,Unknown,IT
2886,David Silk,Unknown,Unknown,Unknown
2887,Joe McGowan,Las Vegas,NV,USA
2888,James Maltz,Brigantine,NJ,USA
2889,Luke Vrabel,West Hartford,CT,USA
2890,David Stucke,Henderson,NV,USA
2891,Bob Jarman,Las Vegas,NV,USA
2892,Michael Vonada,Shingle Springs,CA,USA
2893,David Gee,Gilbert,AZ,USA
2894,George Wedemeyer,Chicago,IL,USA
2895,Todd Pierce,Hoboken,NJ,USA
2896,James Eccles,Unknown,Unknown,Unknown
2897,William  Douglas Smith,Plano,TX,USA
2898,Hamid Jahangard,Marietta,GA,USA
2899,Serg Markarian,Unknown,Unknown,Unknown
2900,Asher Derei,Unknown,Unknown,Unknown
2901,David Sacks,Beverly Hills,CA,USA
2902,Michael Perez,Carlsbad,CA,USA
2903,Brian Montag,Florham Park,NJ,USA
2904,Vimy Ha,Richardson,TX,USA
2905,Wendell Olsen,American Fork,UT,USA
2906,Vlad Teposu,Unknown,Unknown,Unknown
2907,Wooka Kim,Osaka,Unknown,JP
2908,Gjorgji Chuchuk,Skopje,Unknown,MK
2909,Jason Kang,Marina Del Rey,CA,USA
2910,Rory Chinn,Unknown,Unknown,Unknown
2911,Dan Glimne,Gnesta,Unknown,SE
2912,Robert Kovar,Etobicoke,ON,CA
2913,Janne Runtti,Unknown,Unknown,Unknown
2914,Matthew Mezvinsky,New York,NY,USA
2915,Stephen Landrum,Irvine,CA,USA
2916,Rene Refsgaard,Unknown,Unknown,Unknown
2917,Eugenio Neto,Unknown,Unknown,Unknown
2918,Michael Johnson,Coquitlam,BC,CA
2919,Jesse Kremer,Columbus,OH,USA
2920,Soeren Knudson,Unknown,Unknown,Unknown
2921,Michael Offerman,Joliet,IL,USA
2922,Valdemar Kwaysser,Budapest,Unknown,HU
2923,Jay Ashley,Unknown,Unknown,Unknown
2924,Andreas Torbergsen,Skuervoy,Unknown,NO
2925,Stephen Austin,Palm Desert,CA,USA
2926,Henning Granstad,Unknown,Unknown,Unknown
2927,Ernesto Margolis,Recife,Unknown,BR
2928,Adam Grovenstein,Dallas,TX,USA
2929,Zelong Dong,Vestavia,AL,USA
2930,John Kapovich,South Holland,IL,USA
2931,Alex Smith,Highland Park,NJ,USA
2932,Henrik Thuesen,Frederiksberg,Unknown,DK
2933,Gary Hamilton,Unknown,Unknown,Unknown
2934,Si Vo,Norcross,GA,USA
2935,Jody Garaventa,Youngsville,NC,USA
2936,James Lowe,Unknown,Unknown,Unknown
2937,Michael Grassmugg,Unknown,Unknown,Unknown
2938,Robert Crawford,Unknown,Unknown,Unknown
2939,Yonghui Jiang,Greenville,KY,USA
2940,Rickey Welch,Bartow,FL,USA
2941,Karen Mengden,Glen Mills,PA,USA
2942,Kermit Mallette,Knoxville,TN,USA
2943,Brian Brubaker,Manhattan Beach,CA,USA
2944,Steven Levy,Unknown,Unknown,Unknown
2945,Va shon Watkins,Woodridge,IL,USA
2946,Jason Nadeau,Surrey,BC,CA
2947,Jerome Mercado,Unknown,Unknown,Unknown
2948,Martyn Sands,Unknown,Unknown,Unknown
2949,Brett Houghton,Unknown,Unknown,Unknown
2950,David Rosenbloom,Los Angeles,CA,USA
2951,Thomas Culberson,Ellisville,MS,USA
2952,Pierre Marceau,Unknown,Unknown,Unknown
2953,Robert Anderson,Great Bend,KS,USA
2954,Jeremy Symington,Portland,OR,USA
2955,Jan Heitmann,Munich,Unknown,DE
2956,Nathan Doudney,Rockwall,TX,USA
2957,Izakron Young,Shoham,Unknown,IL
2958,Olivier DeCamps,Saint Gaudens,Unknown,FR
2959,Bijan Shahbaz,North York,ON,CA
2960,Jesper Anderberg,Unknown,Unknown,Unknown
2961,Brandon Foster,Lincoln,NE,USA
2962,Rubens Bicalho,Unknown,Unknown,Unknown
2963,Daniel Marchand,Unknown,Unknown,Unknown
2964,Age Spets,Oslo,Unknown,NO
2965,Matthew Kennedy,Mcallen,TX,USA
2966,Rasmus Vogt,Copenhagen,Unknown,DK
2967,Wilbur Futhey,Crossville,TN,Unknown
2968,Benjamin Zamani,Boca Raton,FL,USA
2969,Magnus Persson,Gothenburg,Unknown,SE
2970,Johan Slutter,Enschede,Unknown,NL
2971,Sharon Levine,Unknown,Unknown,Unknown
2972,Darren Nelson,Las Vegas,NV,USA
2973,Ryan Monastyrski,Unknown,Unknown,Unknown
2974,Matthew Bucaric,Brentwood,TN,USA
2975,Weiwan Liang,Unknown,Unknown,Unknown
2976,Emad Tahtouh,Unknown,Unknown,Unknown
2977,Berk Aydin,Unknown,Unknown,Unknown
2978,Jeff Hakim,Beirut,Unknown,LB
2979,Alioscia Oliva,Rome,Unknown,IT
2980,Cuong Nguyen,Houston,TX,USA
2981,Milan Andrejkovics,Budapest,Unknown,HU
2982,Francis Rusnak,Las Vegas,NV,USA
2983,John Henck,Unknown,Unknown,Unknown
2984,Allen Bari,West Orange,NJ,USA
2985,Jose Santos,Canyon Cntry,CA,USA
2986,Nadav Benjosef,Kfar Sava,Unknown,IL
2987,Adam Richardson,Poway,CA,USA
2988,Vanessa Rousso,Hobe Sound,FL,USA
2989,Ryan Jones,Unknown,Unknown,Unknown
2990,Les Jesudason,Unknown,Unknown,Unknown
2991,Todd Jatras,Brooklyn,NY,USA
2992,Mats Clavell,Unknown,Unknown,Unknown
2993,Julian Meer,Santa Barbara,CA,USA
2994,Nick Goodall,Unknown,Unknown,Unknown
2995,Nathaniel Eaton,Unknown,Unknown,Unknown
2996,David Trinh,Unknown,Unknown,Unknown
2997,Jason Gray,Unknown,Unknown,GB
2998,Brian Pinkus,Covina,CA,USA
2999,Michel Leibgorin,Paris,Unknown,FR
3000,Shan Jing,Arcadia,CA,USA
3001,Michael Berra,St Louis,MO,USA
3002,Douglas Janney,Fredericksbrg,VA,USA
3003,Claudio Rinaldi,Rancate,Unknown,CH
3004,Messaoud Bouchaib,Unknown,Unknown,Unknown
3005,Walter Bizzarro,Unknown,Unknown,Unknown
3006,Pat Pezzin,Concord,ON,CA
3007,Kenneth McKusick,Baltimore,MD,USA
3008,Rui Cao,Paris,Unknown,FR
3009,Juan Hernandez,S Plainfield,NJ,USA
3010,Bryan Tiffin,Unknown,Unknown,Unknown
3011,Carl Restifo,New Rochelle,NY,USA
3012,Pascal Guerillot,Unknown,Unknown,Unknown
3013,Matthew Clark,Glen Allen,VA,USA
3014,Tam Gourlay,Unknown,Unknown,Unknown
3015,Fernando Gordo,San Pedro,Unknown,AE
3016,Sasha Stancic,Unknown,Unknown,Unknown
3017,David Gallis,Unknown,Unknown,Unknown
3018,Robert Parkin,Croydon,Unknown,GB
3019,Robert Melnyk,Hopewell Junction,NY,USA
3020,Lorenz Roder,Unknown,Unknown,Unknown
3021,Dale Sing,Unknown,Unknown,Unknown
3022,Tommy Brown,Unknown,Unknown,Unknown
3023,Henrik Abrahamson,Unknown,Unknown,Unknown
3024,Justin Phillips,Houston,TX,USA
3025,Joe Conti,Unknown,Unknown,Unknown
3026,Joe Cada,Shelby Township,MI,USA
3027,Darvin Moon,Oakland,MD,USA
3028,Antoine Saout,Paris,Unknown,FR
3029,Steven Begleiter,Chappaqua,NY,USA
3030,James Akenhead,London,Unknown,GB
3031,Jordan Smith,Tool,TX,USA
3032,Jamie Robbins,Lake Tahoe,CA,USA
3033,Billy Kopp,Erlanger,KY,USA
3034,James Calderaro,Venice,FL,USA
3035,Nick Maimone,Rutherfordton,NC,USA
3036,Ludovic Lacay,Cornebarrieu,Unknown,FR
3037,Ian Tavelli,Unknown,Unknown,Unknown
3038,Andrew Lichtenberger,Las Vegas,NV,USA
3039,Tommy Vedes,Las Vegas,NV,USA
3040,George Caragiorgas,Laval,QC,CA
3041,Jonathan Tamayo,Humble,TX,USA
3042,Warren Zackey,Johannesburg,Unknown,ZA
3043,Marco Mattes,Unknown,Unknown,Unknown
3044,Antonio Esfandiari,Las Vegas,NV,USA
3045,Francois Balmigere,Toulouse,Unknown,FR
3046,Jesse Haabak,Mcville,ND,USA
3047,Leo Margets,Barcelona,Unknown,ES
3048,Luis Nargentino,Floral Park,NY,USA
3049,Marc-Etienne McLaughlin,Brossard,QC,CA
3050,Ryan Fair,Miami,FL,USA
3051,Scott Sitron,Glendale,WI,USA
3052,Jason Brice,Houston,TX,USA
3053,Grayson Ramage,Austin,TX,USA
3054,Chris Bach,Las Vegas,NV,USA
3055,Martin Lapostolle,Saint-Jerome,QC,CA
3056,Gabriel Vezina,Unknown,Unknown,Unknown
3057,Eugene Katchalov,Kiev,Unknown,UA
3058,Scott Cook,Westerville,OH,USA
3059,Jeff Duvall,Greenville,TX,USA
3060,Corrado Montagna,Unknown,Unknown,Unknown
3061,Hung Pham,Unknown,Unknown,Unknown
3062,Adam Bilzerian,Unknown,Unknown,Unknown
3063,Hieu Luu,Riverside,CA,USA
3064,Craig Bradley,Unknown,Unknown,Unknown
3065,Thai K Tran,Unknown,Unknown,Unknown
3066,Charlie Elias,Unknown,Unknown,Unknown
3067,Steve Sanders,Tulsa,OK,USA
3068,Craig Boyd,Manchester,MO,USA
3069,Joe Sebok,Rancho Palos Verdes,CA,USA
3070,John Martin,Henderson,NV,USA
3071,Miika Puumalainen,Kuopio,Unknown,FI
3072,Benjamin Jensen,Golden,CO,USA
3073,Mark Ader,Novi,MI,USA
3074,Michael Jansen,Unknown,Unknown,Unknown
3075,George Saca,Sacramento,CA,USA
3076,Brian Powell,Louisville,KY,USA
3077,Hamid Nourafchan,Unknown,Unknown,Unknown
3078,Rifat Palevic,Loddckopinge,Unknown,SE
3079,Reed Hensel,Denver,CO,USA
3080,Andreas Flakstad,Unknown,Unknown,Unknown
3081,Jake Abdalla,Las Vegas,NV,USA
3082,Daniel Neilson,Sydney,Unknown,AU
3083,Tim Kahlmeyer,Heide,Unknown,DE
3084,Nichoel Peppe,Long Beach,CA,USA
3085,Kent Goulding,Potomac,MD,USA
3086,Matt Affleck,Mill Creek,WA,USA
3087,Alex Jalali,Unknown,Unknown,Unknown
3088,Elad Magidov,Bet Shearim,Unknown,IL
3089,Alper Sar,Unknown,Unknown,Unknown
3090,Loic Degrou,Unknown,Unknown,Unknown
3091,Wesley Ismay,Tempe,AZ,USA
3092,Jamie Brown,Unknown,Unknown,Unknown
3093,Brennan Hanson,Unknown,Unknown,Unknown
3094,Kaspar Cordes,Unknown,Unknown,Unknown
3095,Tian Shou,Unknown,Unknown,Unknown
3096,Noah Boeken,Amsterdam,Unknown,NL
3097,Julian Brecard,Unknown,Unknown,Unknown
3098,Hac Dang,Unknown,Unknown,Unknown
3099,Ryan Hart,Unknown,Unknown,Unknown
3100,Bernhard Perner,Unterach,Unknown,AT
3101,Royal Wiseman,Waco,TX,USA
3102,David Benyamine,Unknown,Unknown,FR
3103,Alex Gurevich,Sausalito,CA,USA
3104,Rob Whalen,Unknown,Unknown,Unknown
3105,Joel Patchell,Woodstock,GA,USA
3106,Randy Propson,North Las Vegas,NV,USA
3107,Cristian Tardea,Unknown,Unknown,RO
3108,Karl Mahrenholz,London,Unknown,GB
3109,Charles Clark,London,Unknown,GB
3110,David Diaz,Memphis,TN,USA
3111,Roy Vazquez,Unknown,Unknown,Unknown
3112,Ryan Gafford,Denham Springs,LA,USA
3113,Dag Palovic,Bratislava,Unknown,SK
3114,Mihail Stykov,Unknown,Unknown,Unknown
3115,Joe Luht,Unknown,Unknown,Unknown
3116,Eric Cloutier,Mont-Laurier,QB,CA
3117,Theo Tran,Las Vegas,NV,USA
3118,Michael Casella,Irvine,CA,USA
3119,Ebrahim Mourshaki,Irvine,CA,USA
3120,Mark Abrantes,Unknown,Unknown,Unknown
3121,Eli John Adler,New York,NY,USA
3122,Don Tran,Unknown,Unknown,Unknown
3123,Igor Sharaskin,Nizhniy Novgorod,Unknown,RU
3124,Jim Hartley,Unknown,Unknown,Unknown
3125,Edward Teems,Las Vegas,NV,USA
3126,Bolivar Palacios,Santiago,Unknown,PA
3127,Nasr Doe,Berlin,Unknown,DE
3128,Herbert Gelman,Las Angeles,CA,USA
3129,Robert Allen,Unknown,Unknown,Unknown
3130,Ian Woodley,London,Unknown,GB
3131,Alex Prendes,Miami,FL,USA
3132,Joe Serock,Las Vegas,NV,USA
3133,Joey Lawrence,Double Bay,Unknown,AT
3134,Paul Johnson,Louisville,KY,USA
3135,Michael Comer,Huntington,Unknown,AU
3136,Maurizio Saieva,Unknown,Unknown,Unknown
3137,Greg Thompson,New Hope,MN,USA
3138,Eracles Panayiotou,Toms River,NJ,USA
3139,Scott Blackman,Webster,NY,USA
3140,John Monnette,Palmdale,CA,USA
3141,Salvatore Bonavena,Cessaniti,Unknown,IT
3142,Bryan Kerr,Unknown,Unknown,Unknown
3143,Cary Katz,Las Vegas,NV,USA
3144,Carter Swidler,Westmount,QC,CA
3145,Vesa Leikos,Unknown,Unknown,Unknown
3146,Cole South,Washington,DC,USA
3147,Adam Latimer,Unknown,Unknown,Unknown
3148,Marty Zabib,Las Vegas,NV,USA
3149,Taher Alisheik,Unknown,Unknown,Unknown
3150,Christian Heich,Salzburg,Unknown,AT
3151,Seth Thomsen,Unknown,Unknown,Unknown
3152,Bob Riley,Unknown,Unknown,Unknown
3153,William McMahon,Las Vegas,NV,USA
3154,Michael Greco,London,Unknown,GB
3155,Paul Baron,Unknown,Unknown,Unknown
3156,Michael Merichko,Unknown,Unknown,Unknown
3157,Jordan Morgan,Tulsa,OK,USA
3158,Tony McGlone,Unknown,Unknown,Unknown
3159,Leonard Greer,Unknown,Unknown,Unknown
3160,Alessandro Longobardi,Napoli,Unknown,IT
3161,Ludovic Lachance,Unknown,Unknown,Unknown
3162,Scott Eskenazi,Mercer Island,WA,USA
3163,Harry Kazazian,Los Angeles,CA,USA
3164,Dan Bilzerian,Unknown,Unknown,Unknown
3165,Jamin Stokes,Grand Rapids,MI,USA
3166,Viet Nguyen,Unknown,Unknown,Unknown
3167,Mike Minetti,Las Vegas,NV,USA
3168,Lou Diamond Phillips,Unknown,Unknown,Unknown
3169,Huub Verdonschot,Unknown,Unknown,Unknown
3170,Corey Hochman,Phoenix,AZ,USA
3171,Michael Linn,La Jolla,CA,USA
3172,Adam Sanders,Brookline,MA,USA
3173,Adam Croffut,Bellingham,WA,USA
3174,Charles Wood,The Hills,TX,USA
3175,Dave Fox,Coram,NY,USA
3176,Daryl Jace,Saugus,MA,USA
3177,Eric Cohen,New York,NY,USA
3178,Jaroslaw Jaskiewicz,Kamloops,BC,CA
3179,Zsolt Ilosvay,Unknown,Unknown,Unknown
3180,Kevin Jenkin,Kent,Unknown,GB
3181,Steven Doebler,Omaha,NE,USA
3182,Hans Joachim Hein,Sehnde,Unknown,DE
3183,Estelle Denis,Unknown,Unknown,Unknown
3184,Nick Schulman,Las Vegas,NV,USA
3185,Tyler Patterson,Scottsdale,AZ,USA
3186,Joe Baldwin,University Place,WA,USA
3187,Mark Fisher,Woodmere,NY,USA
3188,Benjamin Kramer,Terre Haute,IN,USA
3189,Thomas Lutz,Las Vegas,NV,USA
3190,Claudio Baptista,Unknown,Unknown,Unknown
3191,Oliver Klatt,Unknown,Unknown,Unknown
3192,Richard Washinsky,Las Vegas,NV,USA
3193,Carl Johnson,Liberty,MO,USA
3194,Donald Crabtree,Mount Juliet,TN,USA
3195,Patrick O'Malley,Upland,CA,USA
3196,Saar Wilf,Tel Aviv,Unknown,IL
3197,Alfio Battisti,Unknown,Unknown,Unknown
3198,Wayne Lewis,Galloway,NJ,USA
3199,Amir Lehavot,Unknown,Unknown,IL
3200,Patrick Hanoteau,Chauconin,Unknown,FR
3201,Pedro Fernandez,San Pedro Garza Garcia,Unknown,MX
3202,Tony Cavezza,Unknown,Unknown,Unknown
3203,Eddie Jr. Perry,Beachwood,OH,USA
3204,David Russell,Flemington,NJ,USA
3205,David Patent,Las Vegas,NV,USA
3206,Justin Henry,Venice,CA,USA
3207,Michael Castaldo,Unknown,Unknown,Unknown
3208,Todd Hunter,Unknown,Unknown,Unknown
3209,Samuel Edwards,Berkeley,CA,USA
3210,Ashley Cheung,Unknown,Unknown,Unknown
3211,Will Haydon,San Francisco,CA,USA
3212,Vijayan Nagarajan,Kuala Lumpar,Unknown,MY
3213,Benjamin Kang,Koln,Unknown,DE
3214,Jonathan Wertheim,Unknown,Unknown,Unknown
3215,Bruce Perry,Unknown,Unknown,Unknown
3216,Luis Silva,Unknown,Unknown,Unknown
3217,Sean Nolan,Austin,TX,USA
3218,Casey Sobczewski,Unknown,Unknown,Unknown
3219,Chad Awerbuch,Sydney,Unknown,AT
3220,Maxim Semisoshenko,St. Petersburg,Unknown,RU
3221,Scott Baumstein,New York,NY,USA
3222,Rainer Meyer,Bielfield,Unknown,DE
3223,Keith Lehr,Bossier City,LA,USA
3224,Craig Ivey,Adelaide,Unknown,AU
3225,Gordon Eng,Cliffside Park,NJ,USA
3226,Sean Lew,Unknown,Unknown,Unknown
3227,Andrew Li,Oak Hill,VA,USA
3228,Francesco Lomanno,Medina,OH,USA
3229,Jesse Chinni,Ellicott City,MD,USA
3230,Ken Harbaugh,Destin,FL,USA
3231,Brendan Taylor,Pasadena,CA,USA
3232,Steve Phung,San Francisco,CA,USA
3233,Vincent Mack,Palm Bay,FL,USA
3234,Sven Mol,Unknown,Unknown,Unknown
3235,Michael Shvartsman,Los Angeles,CA,USA
3236,Matthew Schwarmann,Orlando,FL,USA
3237,Pete Kremenliev,Unknown,Unknown,Unknown
3238,Osmin Dardon,West Covina,CA,USA
3239,Jeremy Wien,Mount Kisco,NY,USA
3240,Joshua Tieman,Chicago,IL,USA
3241,Jeff Cuccurullo,Unknown,Unknown,Unknown
3242,Jacob Avital,Unknown,Unknown,Unknown
3243,Henrik Warn,Unknown,Unknown,Unknown
3244,Jeremy Maher,Warren,NJ,USA
3245,Rebecca Campbell,Baton Rouge,LA,USA
3246,Mauro Corsetti,Rome,Unknown,IT
3247,Matthew Kurtz,North Brunswick,NJ,USA
3248,James Keys,Bury St Edmunds Suffolk,Unknown,GB
3249,Lasse Nielsen,Unknown,Unknown,Unknown
3250,Kirk Banks,Naples,FL,USA
3251,Adam Knepp,Cleveland,OH,USA
3252,Fabian Ortiz,Chaco,Unknown,AR
3253,Nick Niergarth,Milwaukee,WI,USA
3254,Scott Buller,Lincoln,NE,USA
3255,Jason Ramirez,Round Rock,TX,USA
3256,Patrick Stemper,Unknown,Unknown,Unknown
3257,Jamie Shaevel,Santa Monica,CA,USA
3258,Quentin Lae,Unknown,Unknown,Unknown
3259,Kevin Saul,Warrenville,IL,USA
3260,Kenny Hsiung,Henderson,NV,USA
3261,Cornel Cimpan,Sacramento,CA,USA
3262,Zhehao Zhang,Unknown,Unknown,Unknown
3263,Paul Houston,Unknown,Unknown,Unknown
3264,Niclas Elfstedt,Unknown,Unknown,Unknown
3265,Roger Goa,Unknown,Unknown,Unknown
3266,David Wickman,Unknown,Unknown,Unknown
3267,Craig Zotter,Unknown,Unknown,Unknown
3268,Kyriacos Dionysiou,Grantham,Unknown,GB
3269,Jose Paz-Gutierrez,Santa Cruz,Unknown,BO
3270,Zachary Walker,Lancaster,PA,USA
3271,Stan Jablonski,Bullhead City,AZ,USA
3272,Andrew Tuttle,Unknown,Unknown,Unknown
3273,Brian Taylor,Haddonfield,NJ,USA
3274,Vincent Bartello,Las Vegas,NV,USA
3275,Mikael Ay,Unknown,Unknown,Unknown
3276,Antoine Dugast,Unknown,Unknown,Unknown
3277,Thomas Eggers,Unknown,Unknown,Unknown
3278,Coba Huynh Cao,Unknown,Unknown,Unknown
3279,Tome Cardoso,Unknown,Unknown,Unknown
3280,Benjamin Eilers,Raleigh,NC,USA
3281,Jaime Roberts,Unknown,Unknown,Unknown
3282,Joshua Mancuso,Baton Rouge,LA,USA
3283,David Lovelace,Unknown,Unknown,Unknown
3284,Ron Amos,Quincy,IL,USA
3285,Jared Bluestein,Cresskill,NJ,USA
3286,Rudy Carson,Unknown,Unknown,Unknown
3287,Dieter Albrecht,Unknown,Unknown,Unknown
3288,Sander Lylloff,Unknown,Unknown,Unknown
3289,Remy Biechel,Bois,Unknown,FR
3290,Nicholas Power,Mcdonough,GA,USA
3291,David Pacheco,Fall River,MA,USA
3292,Michael Brooks,Greensboro,NC,USA
3293,Richard Harrington,Unknown,Unknown,Unknown
3294,Thuyen Doan,Wiilliamsburg,VA,USA
3295,Richard Toth,Miskolc,Unknown,HU
3296,Jeremy Kottler,Santa Monica,CA,USA
3297,Mohamed Hammoud,Unknown,Unknown,Unknown
3298,Eugene Castro,Henderson,NV,USA
3299,Matt Molinari,New York,NY,USA
3300,David Whalen,Whitman,MA,USA
3301,Marla Schwartz,West Lake Village,CA,USA
3302,Michael Reed,Pittsburgh,PA,USA
3303,Charles Chrysostomou,Unknown,Unknown,Unknown
3304,Tyson Marks,Missoula,MT,USA
3305,Soutchay Chansombath,Unknown,Unknown,Unknown
3306,Mike Bisutti,Unknown,Unknown,Unknown
3307,Jon Eaton,Las Vegas,NV,USA
3308,John Bunch,Las Vegas,NV,USA
3309,Arjan Vanbavel,Unknown,Unknown,Unknown
3310,Rellie Sigua,San Bruno,CA,USA
3311,Fergal Nealon,Sligo,Unknown,IE
3312,Brian Kennedy,El Paso,TX,USA
3313,Nick Brancato,Jersey City,NJ,USA
3314,James Bayer,Unknown,Unknown,Unknown
3315,Dariusz Paszkiewicz,Wojska,Unknown,PL
3316,Thadd Wolff,Omaha,NE,USA
3317,Christopher Adlesh,N Hollywood,CA,USA
3318,Raymond Debruyn,Richmond,BC,CA
3319,David Blatte,Nevada City,CA,USA
3320,Amir Esfandiary,Unknown,Unknown,Unknown
3321,Daniel Rudd,Unknown,Unknown,Unknown
3322,Vincents Curry,Unknown,Unknown,Unknown
3323,Todd Lundwall,Scottsdale,AZ,USA
3324,William Robertie,Unknown,Unknown,Unknown
3325,Peter DeBaene,Unknown,Unknown,Unknown
3326,Matt Waxman,Fort Lauderdale,FL,USA
3327,Mallor Ross,Unknown,Unknown,Unknown
3328,Jarrod Holmes,London,Unknown,GB
3329,Isidro Martinez,Bakersfield,CA,USA
3330,Emma Grace,Unknown,Unknown,Unknown
3331,Keith Burt,Choctaw,OK,USA
3332,Joseph Michael,Austin,TX,USA
3333,Leo Labbe,Las Vegas,NV,USA
3334,Tom West,Los Altos,CA,USA
3335,Antoine Amourette,Pontivy,Unknown,FR
3336,Victor Greeley,Unknown,Unknown,Unknown
3337,Paulus Valkenburg,Prague,Unknown,NL
3338,Julian Parmann,Las Vegas,NV,USA
3339,Fredrik Hellstrom,Unknown,Unknown,Unknown
3340,Robert Ching,Fremont,CA,USA
3341,Kenneth Kessler,Spring,TX,USA
3342,Mark Lisinsky,Unknown,Unknown,Unknown
3343,Lance Gettler,Des Moines,IA,USA
3344,Mathieu Jacqmin,St.Maur,Unknown,FR
3345,Michael Hibler,Springfield,MO,USA
3346,Stan Sinclair,Douglas,GA,USA
3347,Craig Mcconville,Wheaton,IL,USA
3348,Ramzi Jelassi,Stockholm,Unknown,SE
3349,Marcello Cabrera,Bakersfield,CA,USA
3350,Raul Mestre,Valencia,Unknown,ES
3351,Patrick Bruel,Paris,Unknown,FR
3352,Norman Gautron,Winnipeg,MB,CA
3353,David Ottosen,Unknown,Unknown,Unknown
3354,Luis Leyvacastro,Unknown,Unknown,Unknown
3355,Vadim Gruzglin,Unknown,Unknown,Unknown
3356,Carter King,Las Vegas,NV,USA
3357,Nick Eisel,Unknown,Unknown,Unknown
3358,Jeff Carris,Las Vegas,NV,USA
3359,Rene Freymann,Lich,Unknown,DE
3360,Christopher McCoy,Unknown,Unknown,Unknown
3361,Clark Curry,Unknown,Unknown,USA
3362,Jason Tremblay,Unknown,Unknown,Unknown
3363,Justin Bonomo,Las Vegas,NV,USA
3364,Josh Kay,West Bloomfield,MI,USA
3365,jason Maxwell,Unknown,Unknown,Unknown
3366,Jeff Patrik Carlsson,Unknown,Unknown,Unknown
3367,Edward Harris,New Rochelle,NY,USA
3368,Randy Armitage,Unknown,Unknown,Unknown
3369,Jim Rumptz,Collierville,TN,USA
3370,Michael Tucci,Redford,MI,USA
3371,Phil Mader,Grand Island,NE,USA
3372,Ryan Franklin (AB),Jacksonville,FL,USA
3373,Shayne Heine,Turlock,CA,USA
3374,Mike Krescanko,Phoenix,AZ,USA
3375,Karec Terrell,Brownstown,IN,USA
3376,Julius Malzanini,Saarbruechen,Unknown,DE
3377,Dino Brivati,London,Unknown,GB
3378,Jerry Connor,Unknown,Unknown,Unknown
3379,Dario Tosin,Unknown,Unknown,Unknown
3380,Maxwell Kirkpatrick,Swift Current,SK,CA
3381,Richard Sinclair,Unknown,Unknown,Unknown
3382,Sean Dorn,Unknown,Unknown,Unknown
3383,Frank Szabo,Charlotte,NC,USA
3384,Dan Carter,Cheltenham,Unknown,GB
3385,George Medina,Denver,CO,USA
3386,Henry Mlekoday,Minneapolis,MN,USA
3387,Kyle Brossia,Findlay,OH,USA
3388,Steven Feren,Unknown,Unknown,Unknown
3389,Radek Chvala,Unknown,Unknown,Unknown
3390,Martins Adeniya,London,Unknown,GB
3391,Bryan Pimlott,Phoenix,AZ,USA
3392,Douglas Campbell,Highland,IL,USA
3393,Robert Campbell,Miami,FL,USA
3394,Daniel Vorbeck,Unknown,Unknown,Unknown
3395,Mohamed Azam Razab Sekh,Rotterdam,Unknown,NL
3396,Jason Melnick,Brooklyn,NY,USA
3397,Michael Graydon,Moody,AL,USA
3398,Daniel Lococo,Niagara Falls,NY,USA
3399,Carlos Oliveira,Unknown,Unknown,Unknown
3400,George Lusby,Georgetown,KY,USA
3401,Fabrizio La Spada,Unknown,Unknown,Unknown
3402,Lennart Konst,Vynen,Unknown,DE
3403,Mathias Kuerschner,Dusseldorf,Unknown,DE
3404,Adrian Moreno,Ontario,CA,USA
3405,John Myung,Dunn Loring,VA,USA
3406,Stephen Buchanan,Fullerton,CA,USA
3407,Leo Kam,Unknown,Unknown,Unknown
3408,Ron Lee,Unknown,Unknown,Unknown
3409,Ryan Brauer,Pretoria,Unknown,LC
3410,Anders Taylor,Las Vegas,NV,USA
3411,Sarah Cook,Las Vegas,Nevada,USA
3412,Jean-Claude Moussa,Unknown,Unknown,Unknown
3413,John Hammer,Unknown,Unknown,Unknown
3414,Luka Gojcaj,Unknown,Unknown,Unknown
3415,Jason Adler,Greenwich,CT,USA
3416,Paren Arzoomanian,Unknown,Unknown,Unknown
3417,Marc Goldman,Newport Beach,CA,USA
3418,Christopher Brammer,Southampton,Unknown,GB
3419,Peter Jetten,Toronto,ON,CA
3420,Bingian Wu,Unknown,Unknown,Unknown
3421,Steven van Zadelhoff,Geldermalsen,Unknown,NL
3422,Colin Tang,Unknown,Unknown,Unknown
3423,Philippe Castella,Fribourg,Unknown,CH
3424,Thomas Tyszkiewicz,Ahus,Unknown,SE
3425,Daniel Makowsky,Las Vegas,NV,USA
3426,Armando Munoz-Calero,Madrid,Unknown,ES
3427,Andrew Schneider,Unknown,Unknown,Unknown
3428,Dumitru Filipescu,Las Vegas,NV,USA
3429,Bryan Swift,Unknown,Unknown,Unknown
3430,Rob Perelman,Austin,TX,USA
3431,George Mazelis,Memphis,TN,USA
3432,Robert McLaughlin,Washington,DC,USA
3433,Terry Garner,Hattiesburg,MS,USA
3434,Raymond Muster,Dublin,Unknown,IE
3435,Nelson Dantas,Unknown,Unknown,Unknown
3436,Charlie Chang,Unknown,Unknown,Unknown
3437,Mark Sykes,Hamden,CT,USA
3438,Balazs Botond,Budapest,Unknown,HU
3439,Mark Gregorich,Las Vegas,NV,USA
3440,Romica Mihailov,Kervegant,Unknown,FR
3441,Brian Shapiro,Unknown,Unknown,Unknown
3442,Ron Wasiel,Unknown,Unknown,Unknown
3443,Ronald Cook,Unknown,Unknown,Unknown
3444,Bjorn Wiesler,Unknown,Unknown,Unknown
3445,Alexander Roos,Unknown,Unknown,Unknown
3446,Gylbert Drolet,Saint-Nicolas,QC,CA
3447,Nikhil Persaud,London,Unknown,GB
3448,Joas Mudde,Unknown,Unknown,Unknown
3449,Terry McKerchie,Unknown,Unknown,Unknown
3450,David Rohm,Las Vegas,NV,USA
3451,Clyde Nooris,Unknown,Unknown,Unknown
3452,Claus Vallo,Vanlose,Unknown,DK
3453,Nuno Goncalves,Unknown,Unknown,Unknown
3454,Dennis Drescher,Glencoe,IL,USA
3455,Farshad Fardad,Westlake Village,CA,USA
3456,Chris Verkerk,Unknown,Unknown,Unknown
3457,Dean Petersson,Unknown,Unknown,Unknown
3458,Keith Wintermans,North Vancouver,BC,CA
3459,Edwin Muller,Unknown,Unknown,Unknown
3460,Christopher Giannell,Unknown,Unknown,Unknown
3461,Robert Mobley,Acworth,GA,USA
3462,Steve Chung,Unknown,Unknown,Unknown
3463,Kyle Brown,Ft Lauderdale,FL,USA
3464,Michael Mayhood,Unknown,Unknown,Unknown
3465,Brian Brunner,Carmel,IN,USA
3466,Joao Delima,Unknown,Unknown,Unknown
3467,Edward Riordan,Unknown,Unknown,Unknown
3468,David Postar,Unknown,Unknown,Unknown
3469,Mike Terhaar,Unknown,Unknown,Unknown
3470,Uffe Holm,Holte,Unknown,DK
3471,Kevin Dean,Unknown,Unknown,Unknown
3472,John Scarpaci,Unknown,Unknown,Unknown
3473,David Schnettler,San Diego,CA,USA
3474,Jason Sackler,Orlando,FL,USA
3475,Clarence Willingham,Unknown,Unknown,Unknown
3476,Gavin Emrich,Unknown,Unknown,Unknown
3477,Kevin Allen,Unknown,Unknown,Unknown
3478,Mike Kinney,Sandpoint,ID,USA
3479,David Sapery,Elmsford,NY,USA
3480,Kristy Gazes,North Hollywood,CA,USA
3481,Preben Norup,Unknown,Unknown,Unknown
3482,Lee Pope,Unknown,Unknown,Unknown
3483,David Williams,Valparaiso,IN,USA
3484,Luc Viry,Unknown,Unknown,Unknown
3485,Farukh Tach,Rotterdam,Unknown,NL
3486,Anthony Roux,Londres,Unknown,FR
3487,Frederick Kennedy,Unknown,Unknown,Unknown
3488,James Cain,Unknown,Unknown,Unknown
3489,Christina Renz,Unknown,Unknown,Unknown
3490,Mike Nye,Unknown,Unknown,Unknown
3491,Matthew Lawrence,Tulsa,OK,USA
3492,Richard Kane,Brandon,FL,USA
3493,Ben Tang,Mesa,AZ,USA
3494,Matthew Casterella,Unknown,Unknown,Unknown
3495,Jason Lademan,Okemos,MI,USA
3496,David Black,Unknown,Unknown,Unknown
3497,Brian Hodhod,Montreal,QC,CA
3498,Melanie Banfield,Las Vegas,NV,USA
3499,Dana Kellstrom,Stevenson Ranch,CA,USA
3500,Amir Marmar,Las Vegas,NV,USA
3501,Stuart Schrenzel,Unknown,Unknown,Unknown
3502,Morten Erlandsen,Unknown,Unknown,Unknown
3503,Carson Nunez,Unknown,Unknown,Unknown
3504,Paulo Gomes,Ludlow,MA,USA
3505,Andrew Sayegh,Yonkers,NY,USA
3506,James Massar,Berkeley,CA,USA
3507,Eric D. Wilson,Unknown,Unknown,Unknown
3508,Miguel Gutierrez,Santa Ynez,CA,USA
3509,Max Casal,Burbank,CA,USA
3510,Matthew Lubawski,Brookfield,IL,USA
3511,Todd Fletcher,Surrey,BC,CA
3512,Trond Eidsvig,Unknown,Unknown,Unknown
3513,John Olds,Unknown,Unknown,Unknown
3514,Joseph Gordon,Robinsonville,MS,USA
3515,Jaroslaw Osinski,North Arlington,NJ,USA
3516,Scott Rosenfekld,Unknown,Unknown,Unknown
3517,Trevor Savage,Thorofare,NJ,USA
3518,Greg Merson,Laurel,MD,USA
3519,Max Greenwood,Toronto,ON,CA
3520,Gabriel Vallejos,Unknown,Unknown,Unknown
3521,Magnus Meltzer,Unknown,Unknown,Unknown
3522,Edward Jones,Unknown,Unknown,Unknown
3523,Robert Roos,Unknown,Unknown,Unknown
3524,Matthias de Meulder,Antwerpen,Unknown,BE
3525,Robert Hauke,Unknown,Unknown,Unknown
3526,Staffan Fagelberg,Unknown,Unknown,Unknown
3527,Jay Chase,Irving,TX,USA
3528,Jonathan Duhamel,Boucherville,QC,CA
3529,John Racener,Tampa,FL,USA
3530,Joseph Cheong,La Mirada,CA,USA
3531,Filippo Candio,Cagliari,Unknown,IT
3532,John Dolan,Bonita Springs,FL,USA
3533,Jason Senti,St. Louis Park,MN,USA
3534,Matt Jarvis,Vancouver,BC,CA
3535,Soi Nguyen,Santa Ana,CA,USA
3536,Brandon Steven,Wichita,KS,USA
3537,Pascal LeFrancois,Rosemere,QC,CA
3538,Duy Le,San Francisco,CA,USA
3539,Ben Statz,Brooklyn,NY,USA
3540,"David ""ODB"" Baker",Las Vegas,NV,USA
3541,Michiel Sijpkens,Rotterdam,Unknown,NL
3542,Patrick Eskandar,Las Vegas,NV,USA
3543,William Thorson,Varberg,Unknown,SE
3544,Rob Pisano,Las Vegas,NV,USA
3545,Ronnie Bardah,Brockton,MA,USA
3546,Mads Wissing,Copenhagen,Unknown,DK
3547,Johnny Lodden,Jorpeland,Unknown,NO
3548,Bryn Kenney,Long Beach,NY,USA
3549,Gianni Direnzo,Unknown,Unknown,IT
3550,Theo Jorgensen,Greve,Unknown,DK
3551,Michael Skender,Pluderhausen,Unknown,DE
3552,Eduardo Parra,Trondheim,Unknown,BR
3553,Corey Emery,Simi Valley,CA,USA
3554,Eddie Ochana,Elgin,IL,USA
3555,Gabe Costner,Biloxi,MS,USA
3556,Michal Wywrot,Brampton,ON,CA
3557,Nicolas Babel,Paris,Unknown,FR
3558,Jonathan Driscoll,Blainville,QC,CA
3559,Jakob Toestesen,Odense,Unknown,DK
3560,Damien Luis,Feyzin,Unknown,FR
3561,Jerry Payne,Centerville,OH,USA
3562,Matt Berkey,Las Vegas,NV,USA
3563,David Assouline,Hampstead,QC,CA
3564,Sergey Rybachenko,Moscow,Unknown,RU
3565,Evan Lamprea,Woodstock,ON,CA
3566,Evgeny Shnayder,Chelyabinsk,Unknown,RU
3567,James Fennell,Dublin,Unknown,IE
3568,Jacobo Fernandez,Bronx,NY,USA
3569,James Manning,Waco,TX,USA
3570,Christopher Bolt,Murfreesboro,TN,USA
3571,Josh Brikis,Pittsburgh,PA,USA
3572,Jared Ingles,Dallas,TX,USA
3573,Matt Harris,Stratford Upon Avon,Unknown,GB
3574,Eric Baldwin,Las Vegas,NV,USA
3575,Bill Melvin,Huntsville,AL,USA
3576,Rudy Miller,Norco,CA,USA
3577,Gary Dishongh,Houston,TX,USA
3578,Denis Pisarev,Moscow,Unknown,RU
3579,Ismail Erkenov,Moscow,Unknown,RU
3580,Meenaskshi Subramaniam,Muscat,Unknown,OM
3581,Niklas Toorell,Gothenburg,Unknown,SE
3582,Marcel Cole,Aurora,CO,USA
3583,Pierre Canali,Aix-En-Provence,Unknown,FR
3584,Richard Morgan,Columbus,OH,USA
3585,Habib Khanis,San Diego,CA,USA
3586,Gabriel Nassif,Paris,Unknown,FR
3587,Brock Bourne,Naples,FL,USA
3588,Mark Meloche,Richmond,BC,CA
3589,Adam Etter,Dalllas,TX,USA
3590,Manuel Davidian,Morton Grove,IL,USA
3591,Gabriel Alarie,Montreal,QC,CA
3592,Randy Dorfman,Las Vegas,NV,USA
3593,Jacob Tyler,Hoover,AL,USA
3594,Ian Gordon,Missoula,MT,USA
3595,Gary Kostiuk,Grande Prairie,AB,CA
3596,Todd Witteles,Las Vegas,NV,USA
3597,Matthew Reed,Kenton,OH,USA
3598,Javier Martinez,Madrid,Unknown,ES
3599,Brian Jensen,Aars,Unknown,DK
3600,Jeffrey Fielder,West Des Moines,IA,USA
3601,Jean-Paul Pasqualini,San Martino Di Lota,Unknown,FR
3602,Flavio Ferrari Zumbini,Rome,Unknown,IT
3603,James Carroll,Henderson,NV,USA
3604,Josue Sauvageau,Quebec City,QC,CA
3605,Arie Kliper,Zichron-Yaakov,Unknown,IL
3606,Christian Harder,Annapolis,MD,USA
3607,Getty Mattingsley,Las Vegas,NV,USA
3608,Martijn Schirp,Amsterdam,Unknown,NL
3609,Daniel Chamberlain,Las Vegas,NV,USA
3610,Dan Lu,Murrieta,CA,USA
3611,Nicholas Rainey,Las Vegas,NV,USA
3612,Matthew Schreiber,Laguna Niguel,CA,USA
3613,Benjamin Straate,Milwaukee,WI,USA
3614,JP Kelly,Buckinghamshire,Unknown,GB
3615,Jose Nadal,Mexico City,Unknown,MX
3616,Pavel Milanov,Concord,CA,USA
3617,Michael Pettit,Highland Park,TX,USA
3618,Sebastian Panny,Unknown,Unknown,AT
3619,Breeze Zuckerman,Moorpark,CA,USA
3620,Matt Guan,Holmdel,NJ,USA
3621,Justin Tazelaar,London,Unknown,GB
3622,Binh (LV) Nguyen,Las Vegas,NV,USA
3623,Olivier Daeninckx,Unknown,Unknown,FR
3624,Chris George (NY),Croton On Hudson,NY,USA
3625,Kevin Stani,Stavanger,Unknown,NO
3626,Luis Ubierna,Madrid,Unknown,ES
3627,Ryan Eriquezzo,Danbury,CT,USA
3628,Vern Keller,Scottsbluff,NE,USA
3629,Charles Norris,Fayetteville,NC,USA
3630,Todd Brick,Scarsdale,NY,USA
3631,David Peters,Toledo,OH,USA
3632,Michael Maitre,Gradignan,Unknown,FR
3633,Matthew Pearson,Cumberland Park,Unknown,AU
3634,Mike Ferguson,Orinda,CA,USA
3635,Vazgen Terpogosyan,Encino,CA,USA
3636,Phil Galfond,New York,NY,USA
3637,Patrick Hartnett,Flushing,NY,USA
3638,Bryan Pellegrino,Danbury,NH,USA
3639,Chad Wutke,Port Alberni,BC,CA
3640,Marius Arnesen,Gergen,Unknown,NO
3641,Javed Abrahams,London,Unknown,GB
3642,Thomas Denny,Wintersville,OH,USA
3643,Neil Tyler,San Diego,CA,USA
3644,Joel Benzinou,Waterloo,Unknown,BE
3645,Craig Savage,Plano,TX,USA
3646,Steven Norden,Princeton,NJ,USA
3647,David Liux,Rancho Santa Fe,CA,USA
3648,Trevor Roberts,Sandy,UT,USA
3649,Randall Tagawa,Broomfield,CO,USA
3650,Vladislav Varlashin,Krasnodar,Unknown,RU
3651,Evan Dahl,Truckee,CA,USA
3652,Lauri Eramaja,Espoo,Unknown,FI
3653,Alan Neubauer,Asheville,NC,USA
3654,Bojan Gledovic,Belgrade,Unknown,RS
3655,Guy Thomas,Wallingford,PA,USA
3656,Francois Binette,Victoriaville,QC,CA
3657,Nicolo Calia,Rome,Unknown,IT
3658,Derek Gibb,Oakville,ON,CA
3659,Paul Evans,Mount Shasta,CA,USA
3660,Adam Kagin,Henderson,NV,USA
3661,Paulo Figueiredo,Belem,Unknown,BR
3662,John May,Newington,CT,USA
3663,Manig Loeser,Bad Homburg,Unknown,DE
3664,Jamie Brown,Birchington,Unknown,GB
3665,Jameson Singer,Hoboken,NJ,USA
3666,Tony Bracy,W. Sacramento,CA,USA
3667,Dragan Galic,Schneverdingen,Unknown,DE
3668,Greg Schaefer,Chicago,IL,USA
3669,Brian Horton,Sachse,TX,USA
3670,Henrik Tollefsen,Trondheim,Unknown,NO
3671,Rafael Sansrodrigo,Palma De Mallorca,Unknown,ES
3672,Blake Kelso,Las Vegas,NV,USA
3673,Imari Love,Chicago,IL,USA
3674,Scott Desveaux,Napanee,ON,CA
3675,Joshua Seigel,Newport Beach,CA,USA
3676,Claudio Baptista,Balneario Camboriu,Unknown,BR
3677,Kristijonas Andrulis,Kedainiai,Unknown,LT
3678,David Villiard,Round Lake Beach,IL,USA
3679,Gianluca Speranza,Unknown,Unknown,IT
3680,Alex Dovzhenko,Kiev,Unknown,UA
3681,Juliocesar Saavedra,Jesus Maria,Unknown,AR
3682,Andrey Danilyuk,Moscow,Unknown,RU
3683,Paul Dlugozima,St. Petersburg,FL,USA
3684,David Emmons,Houston,TX,USA
3685,Eric Carr,Plano,TX,USA
3686,Ludovic Lachance,Boucherville,QC,CA
3687,Mikhail Shalamov,Pervouralsle,Unknown,RU
3688,Jon Jiles,Las Vegas,NV,USA
3689,Eric Blair,Las Vegas,NV,USA
3690,Kevin Boudreau,Colorado Springs,CO,USA
3691,Benjamin Blair,Grand Forks,ND,USA
3692,Dmitrii Valouev,Wilsonville,OR,USA
3693,Jeffrey Chu,Richmond,BC,CA
3694,Ted Ely,Brooklyn,NY,USA
3695,Benjamin Koepfler,Toledo,OH,USA
3696,Laurentius Sloot,Harderwijk,Unknown,NL
3697,Sam Haddad,Westwood,MA,USA
3698,Garrett Adelstein,Tucson,AZ,USA
3699,James Schafer,Birmingham,MI,USA
3700,Serge Didisheim,Mont,Unknown,CH
3701,Ryan Young,Torrance,CA,USA
3702,Jacob Petersen,Baton Rouge,LA,USA
3703,Ernesto Jimenez,Fuengirola,Unknown,ES
3704,Shawn Rice,Lubbock,TX,USA
3705,Larry Karambis,Houston,TX,USA
3706,Andrew Shack,Los Angeles,CA,USA
3707,Richard Ellis,Sidmouth,Unknown,GB
3708,Andrew Powderly,Reisterstown,MD,USA
3709,Elia Ahmadian,Chantilly,VA,USA
3710,Steven Tabb,Newton,MA,USA
3711,Dalton Mills,Jacksonville,FL,USA
3712,Dwyen Ringbauer,Henderson,NV,USA
3713,Mark Teltscher,London,Unknown,GB
3714,Praz Bansi,London,Unknown,GB
3715,Neil McFayden,London,Unknown,GB
3716,James Anderson,Wooster,OH,USA
3717,Martin Hanitz,Nordfjordeid,Unknown,NO
3718,Samuel Oberlin,East Grand Rapids,MI,USA
3719,Mark Leonard,Irving,TX,USA
3720,Patrick Dekoster,Oegstgeest,Unknown,NL
3721,Steven Pares,Massapequa,NY,USA
3722,Arne Riedberger,Oberweningen,Unknown,CH
3723,Joseph Gossweiler,Florham Park,NJ,USA
3724,Dash Dudley,Lansing,MI,USA
3725,Steven Mcloughlin,Las Vegas,NV,USA
3726,Joshua Weizer,Philadelphia,PA,USA
3727,Vincent Chahley,Calgary,AB,CA
3728,Jan Boye,Harrow,Unknown,GB
3729,Walter Davis,Las Vegas,NV,USA
3730,Rodney Sherry,Sinajana,Unknown,GU
3731,Stuart Breakstone,Memphis,TN,USA
3732,Rory Monahan,Carbondale,IL,USA
3733,Ilari Tahkokallio,Espoo,Unknown,FI
3734,Alexander Purk,Loeningen,Unknown,DE
3735,Alex Moore,Athens,GA,USA
3736,Ryan Dodge,Austin,TX,USA
3737,Thomas Declerck,Gent,Unknown,BE
3738,Max Gurevich,Staten Island,NY,USA
3739,Dorothy VonSachsen,Las Vegas,NV,USA
3740,Jason DeWitt,San Diego,CA,USA
3741,Paul Paris,Moosup,CT,USA
3742,Brent Hanks,Las Vegas,NV,USA
3743,Terrance Eischens,Shakopee,MN,USA
3744,Kenneth Hofmann,Rye Brook,NY,USA
3745,Alper Sar,Istanbul,Unknown,TR
3746,John Kabbaj,Bushey,Unknown,GB
3747,Nii Attoh,Brampton,ON,CA
3748,Mikhail Timoshin,Schenectady,NY,USA
3749,Joshua Sisak,Barnegat,NJ,USA
3750,Tomas Macnamara,New Castle,TYNE-WEAR,GB
3751,Shane Rose,Los Angeles,CA,USA
3752,Giovanni Rizzo,Parma,Unknown,IT
3753,Daniel Harkenrider,Lakewood,OH,USA
3754,Carlos Sanchez-Vegas,Isla Margarita,Unknown,VE
3755,Paul Varano,Olympia,WA,USA
3756,Kelly Johnson,Sherwood,OR,USA
3757,Richard Rosales,Las Vegas,NV,USA
3758,Daniel Klodowski,Washington,DC,USA
3759,Brett Puffer,Conneaut,OH,USA
3760,Thomas Huigsloot,Alphen Aan Den Rijn,Unknown,HN
3761,Russell Blattberg,Las Vegas,NV,USA
3762,Robert Merulla,New York,NY,USA
3763,Marlon Shirley,Las Vegas,NV,USA
3764,Kevin Mcgowan,Las Vegas,NV,USA
3765,Tam Nguyen,Yakima,WA,USA
3766,Kevin Pionkowski,San Diego,CA,USA
3767,Dominykas Karmazinas,Vilnuis,Unknown,LT
3768,Andre Coimbra,Coimbra,Unknown,PT
3769,Eric Morris,Atlanta,GA,USA
3770,Matthew Brown,Hoboken,NJ,USA
3771,Brendan Terrana,Alpharetta,GA,USA
3772,Akio Ishige,New York,NY,USA
3773,Lior Barlev,Tel Aviv,Unknown,IL
3774,Konrad Molitor,Falmer,Unknown,GB
3775,Charles Hook,Philadelphia,PA,USA
3776,Stephen Gerber,Cresskill,NJ,USA
3777,Michael Shelton,Guilford,CT,USA
3778,Ryan Schmidt,Las Vegas,NV,USA
3779,Roman Suarez Rodriguez,Buenos Aires,Unknown,AR
3780,Arkadiy Tsinis,Sunny Isles Beach,FL,UA
3781,Justin Goss,Antioch,CA,USA
3782,Hugo Franca,Brasilia,Unknown,BR
3783,Paul Scaturro,Old Bridge,NJ,USA
3784,Susan Nordsen,Great Coates,Unknown,GB
3785,Mark Tyson,Philadelphia,PA,USA
3786,Mark Ninyo,San Diego,CA,USA
3787,Joseph Parrish,Riverview,FL,USA
3788,Jesse Steinberg,Del Mar,CA,USA
3789,Ingo Paulus,Schmelz,Unknown,DE
3790,Andras Koroknai,Debrecen,Unknown,HU
3791,Robert Miller,Colchester,VT,USA
3792,Sergey Serafimov,Varna,Unknown,BG
3793,Daniel Miller,Northants,Unknown,GB
3794,Mark Burford,Shreveport,LA,USA
3795,Daniel Mizrachi,Hollywood,FL,USA
3796,Thomas Hunt,Las Vegas,NV,USA
3797,Eric Liu,San Francisco,CA,USA
3798,Allie Prescott,Las Vegas,NV,USA
3799,Paolo Giovanetti,Bergamo,Unknown,IT
3800,Zsolt Soros,Palma De Mallorca,Unknown,ES
3801,Thomas Demaria,Ventron,Unknown,FR
3802,Scott Kovach,Northfield,OH,USA
3803,Joseph Ressler,North Potomac,MD,USA
3804,Gerasimos Deres,Helsingborg,Unknown,SE
3805,Arnold Spee,Las Vegas,NV,USA
3806,Michael Bunin,Las Vegas,NV,USA
3807,Eric Capra,San Jose,Unknown,CR
3808,Antoine Berube,Quebec City,QC,CA
3809,Steven Burkholder,Plantation,FL,USA
3810,Panu Miettinen,Turku,Unknown,FI
3811,Damian Artt,Mesa,AZ,USA
3812,Renato Almeida,Porto,Unknown,PT
3813,Frederik Brink,Copenhagen,Unknown,DK
3814,Giovanni Guzzo,Lorette,CA,USA
3815,Ben Blackmore,Liverpool,Unknown,GB
3816,Bart Verbanck,Gent,Unknown,BE
3817,Damien Rony,Avignon,Unknown,FR
3818,Jens Weigel,Rodenbach,Unknown,DE
3819,Raymond Muzyka,Edmonton,AB,CA
3820,Pablo Ubierna,Madrid,Unknown,ES
3821,Nate Meyvis,Medford,MA,USA
3822,Javier Tazon,Santander,Unknown,ES
3823,Bartolome Gomilaromero,Palma De Mallorca,Unknown,ES
3824,Erik Van Den Berg,Eindhoven,Unknown,NL
3825,Robert Mercer,Markham,ON,CA
3826,Douglas Messner,Ventura,CA,USA
3827,Fabien Dunlop,London,Unknown,GB
3828,Cory Bath,Ottawa,ON,CA
3829,Karla Leduc,Burnaby,BC,CA
3830,Taylor McFarland,Seattle,WA,USA
3831,Keith Love,Denver,CO,USA
3832,Mark Dalimore,Totton,Unknown,GB
3833,Alex Jacob,Las Vegas,NV,USA
3834,Daniel Moorman,Chicago,IL,USA
3835,Gregory Fishberg,Willow Grove,PA,USA
3836,Patrick O'Malley,Kiirtland,OH,USA
3837,Robert Hart,Owls Head,NY,USA
3838,Danny Steinberg,Fairfield,IA,USA
3839,Alex Luneau,Paris,Unknown,FR
3840,Simon Watt,North Shore City,Unknown,NZ
3841,Rafal Michalowski,Huntington,NY,USA
3842,Robert Kim,Las Vegas,NV,USA
3843,Antonio Palma,Evora,Unknown,PT
3844,Fred Bell,Charlotte,NC,USA
3845,Mark Gallagher,Kingwood,TX,USA
3846,Hwang Kim,Toronto,ON,CA
3847,Kevin MacPhee,Coeur D Alene,ID,USA
3848,Olivier Matillo,Salon De Provence,Unknown,FR
3849,Bangalore Subbarao,Ashland,KY,USA
3850,Steven Hartstein,Beachwood,OH,USA
3851,Linh Le,Orange,CA,USA
3852,Anthony Utnage,Bloomington,IN,USA
3853,Jason Kolpin,Henderson,NV,USA
3854,Dwyte Pilgrim,Brooklyn,NY,USA
3855,Ali Aljenabi,Des Moines,IA,USA
3856,Antony Lellouche,Paris,Unknown,FR
3857,Nicolas Chappuis,Chevreuse,Unknown,FR
3858,Isaac Baron,Menlo Park,CA,USA
3859,Theodore Mclean,Biloxi,MS,USA
3860,Todd Keikoan,Pinole,CA,USA
3861,Richard Sinclair,Armadale,Unknown,GB
3862,James Sileo,Burbank,CA,USA
3863,Jason Somerville,Stony Brook,NY,USA
3864,Louis Barlow,Oklahoma City,OK,USA
3865,Pim Van Wieringen,Barneveld,Unknown,NL
3866,Jackie Glazier,Wantirna,Unknown,AU
3867,Joe DeGeorge,Branchport,NY,USA
3868,Aaron Kaiser,Silver Spring,MD,USA
3869,Anton Hirsch,St. Charles,IL,USA
3870,Jon Lactaoen,Las Vegas,NV,USA
3871,Maikel Van Leeuwen,Waddinxveen,Unknown,NL
3872,Ilya Sheyn,Los Angeles,CA,USA
3873,Michael Woo,Hacienda Heights,CA,USA
3874,Geoffrey Dombrowski,Jacksonville,FL,USA
3875,Edward Hansen,Santa Ana,CA,USA
3876,Brad Libson,Annapolis,MD,USA
3877,Scott Lipshutz,Dallas,TX,USA
3878,Andre Dyonisio,Mission Viejo,CA,USA
3879,Scott Veitzer,Omaha,NE,USA
3880,Joseph Sallese,Joliet,IL,USA
3881,Richard Taylor,Raeford,NC,USA
3882,Jonathan Karamalikis,Adelaide,Unknown,AU
3883,Jeremy Cate,Dallas,TX,USA
3884,Gregory Ronaldson,Johannesburg,Unknown,ZA
3885,Thomas Carman,Berkeley,CA,USA
3886,Jin Kim,Colorado Springs,CO,USA
3887,Batsuren Tserendorj,Ulaanbaatar,Unknown,MN
3888,Edward Clark,Mt Clanchard,OH,USA
3889,Frank Jordan,Franklin,TN,USA
3890,Ricardo Palacios,Helotes,TX,USA
3891,Larry Winter,Scottsdale,AZ,USA
3892,Hien Nguyen,Garland,TX,USA
3893,Jason Mercier,Davie,FL,USA
3894,David Anderson,Saskatoon,SK,CA
3895,Charles Sylvestre,Saint-Bruno,QC,CA
3896,Danilo Sahione,Rio De Janeiro,Unknown,BR
3897,Kevin Gates,Murray,UT,USA
3898,Iurii Korsunskyi,Mexico City,Unknown,MX
3899,Ricardo Fasanaro,Sao Paulo,Unknown,BR
3900,Dennis Cronin,Honey Brook,PA,USA
3901,Brian Johnson,Edmonton,AB,CA
3902,John Hall,Las Vegas,NV,USA
3903,Nicholas Decktor-Korn,Seattle,WA,USA
3904,William Schweinebraten,Rolling Meadows,IL,USA
3905,Vanessa Selbst,Las Vegas,NV,USA
3906,Gareth Hamilton,Derry City,Unknown,USA
3907,Bruce Buffer,Marina Del Rey,CA,USA
3908,Gregory Gokey,Duluth,GA,USA
3909,Bjornar Thomassen,Oslo,Unknown,NO
3910,Vince Van Patten,Malibu,CA,USA
3911,Scott Mcmorran,Burnaby,BC,CA
3912,Carter Phillips,Las Vegas,NV,USA
3913,Nicolas Fierro,Santiago,Unknown,CL
3914,Mikkel Bennedsen,Aarhus,Unknown,DK
3915,Nick Filippopoulos,Unknown,Unknown,AU
3916,Marc Lome,Eden Prairie,MN,USA
3917,Tina Bergstrom,Las Vegas,NV,USA
3918,Brian Fite,Arlington,TX,USA
3919,Ken Kao,Santa Clara,CA,USA
3920,David Cossio-Ruiz,Oswego,NY,MX
3921,David Roper,Alpharetta,GA,USA
3922,Zuhdi Mansour,Tampa,FL,USA
3923,Fabian Geisel,Bischberg,Unknown,DE
3924,Larry Lipman,Fort Meyers,FL,USA
3925,Daniel Bohnett,Las Vegas,NV,USA
3926,Derek Young,Pittsburg,KS,USA
3927,Rory Rees Brennan,Dublin,Unknown,IE
3928,Victor Heffesse,Dallas,TX,USA
3929,Georges Tohme,London,Unknown,GB
3930,Ovidiu Costache,Bucharest,Unknown,RO
3931,Christian Iacobellis,Rye,NY,USA
3932,Roger Ahn,Forest Hills,NY,USA
3933,Thomas Muehloecker,Vienna,Unknown,AT
3934,Brian Saltzman,Montclair,NJ,USA
3935,Jerry Connor,Tifton,GA,USA
3936,Eric Schwartz,Boulder,CO,USA
3937,Karina Jett,Henderson,NV,USA
3938,Isaac Krantz,Mexico City,Unknown,MX
3939,Lucas Wheeler,Brooklyn,NY,USA
3940,Marco Baldini,Livorno,Unknown,IT
3941,James Riggs,Maysville,NC,USA
3942,Eric Schneeberger,Alexandria,VA,USA
3943,Jamie McCarrel,Lafayette,CA,USA
3944,Frank Guerra,Mc Kees Rocks,PA,USA
3945,Evan Wrenn,Wesley Chapel,FL,USA
3946,Kenneth Nay,Westminster,CO,USA
3947,Jan Wilhelm,Fulda,Unknown,DE
3948,Craig Issod,San Francisco,CA,USA
3949,Barbara Martinez,St Gratien,Unknown,FR
3950,Dimitri Rassam,Paris,Unknown,FR
3951,Dennis Scott,Midland,MI,USA
3952,Evgeniy Zaytsev,Moscow,Unknown,RU
3953,Mathieu Sauriol,Laval,QC,CA
3954,Steven Prater,Austin,TX,USA
3955,Danny Estes,Tyler,TX,USA
3956,Terry Stuhldreher,St. Charles,MO,USA
3957,Brian Rast,Las Vegas,NV,USA
3958,Vasilios Hrisafinis,Brick,NJ,USA
3959,Paul Weiner,Greenville,SC,USA
3960,Alessandro Pompei,Agropoli,Unknown,IT
3961,Matthew Ireland,Edinburgh,Unknown,IR
3962,Gary Haimon,Hallandale Beach,NJ,USA
3963,Christopher Chambers,Canton,GA,USA
3964,Nathan Schoo,Oakville,ON,CA
3965,George Kalaitzis,Brockton,MA,USA
3966,Narinder Singh Khasria,Milton,ON,CA
3967,Paul Mitchell,Wellsburg,WV,USA
3968,Stanley Quinn,Costa Mesa,CA,USA
3969,Daniel Collins,Dallas,TX,USA
3970,Gil Varon,Santa Barbara,CA,USA
3971,Clayton Bates,Livingston,TX,USA
3972,Frederick Adams,South Elgin,IL,USA
3973,Darren Woods,Lincolshire,Unknown,GB
3974,Yevgeniy Timoshenko,Seattle,WA,USA
3975,Carlos Marques,Rio De Janeiro,Unknown,BR
3976,Vinh Huynh,Grand Prarie,TX,USA
3977,Usama Al Naib,Mississauga,ON,CA
3978,Michael Adamo,Providenciales,Unknown,CA
3979,Lauren Kling,Las Vegas,NV,USA
3980,Salim Zakhem,Houston,TX,USA
3981,Matthew Pearl,Los Angeles,CA,USA
3982,Andrew Jeter,Del Mar,CA,USA
3983,Mikael Oestreicher,Metz,Unknown,FR
3984,Tore Lagerborg,Oslo,Unknown,NO
3985,Simon Taylor,Hampshire,Unknown,GB
3986,James Gaffney,Longmont,CO,USA
3987,Peter Bronstein,Miami Beach,FL,USA
3988,John Kim,Las Vegas,NV,USA
3989,Amerigo Santoro,Martina Franca,Unknown,IT
3990,Phillip Faux,Milton,Unknown,AU
3991,Michael Stembera,San Antonio,TX,USA
3992,Frederico Dabus,Unknown,Unknown,BR
3993,Justin Calderaro,Shelton,CT,USA
3994,David Hrdlicka,Bratislava,Unknown,SK
3995,Jeff Fenech,Sydney,Unknown,AU
3996,Jim Collopy,Washington,MD,USA
3997,John Dolmayan,Las Vegas,NV,USA
3998,Dave Williams,Sykesville,MD,USA
3999,Heinz Kamutzki,Absam,Unknown,AT
4000,Gareth Teatum,Doncaster,Unknown,GB
4001,Dominico Villalpando,North Aurora,IL,USA
4002,Rocky Boustani,Dallas,TX,USA
4003,Darrell Ticehurst,Hillsborough,CA,USA
4004,Anthony Harb,Canton,MI,USA
4005,Kristoffer Thorsson,Linkoping,Unknown,SE
4006,Ville Haavisto,Kotka,Unknown,FI
4007,Igoris Kuklis,Vilnius,Unknown,LT
4008,Steven Belleville,Lake Orion,MI,USA
4009,Germain Gillard,Vannes,Unknown,FR
4010,Patrik Antonius,Unknown,Unknown,FI
4011,Spencer Hudson,Austin,TX,USA
4012,Ethan Ruby,Cold Spring,NY,USA
4013,David Burn,Guilsborough,Unknown,GB
4014,Michael Marion,Guelph,ON,CA
4015,Julien Langvan,Saint-Julien-Molin-Molette,Unknown,FR
4016,Christopher Andler,Skovde,Unknown,SE
4017,Randy Lorensen,Austin,TX,USA
4018,Garrett Utt,Las Vegas,NV,USA
4019,Ciorteanu Virgil Marius,Bacau,Unknown,RO
4020,Jay Houston,Orlando,FL,USA
4021,Steven Wiggins,Douglas,GA,USA
4022,Lawrence Lakatosh,Red Lion,PA,USA
4023,Ray Santoli,Panama City,FL,USA
4024,Thomas Kalaway,Arlington Heights,IL,USA
4025,Alan Sternberg,North Bellmore,NY,USA
4026,Darren Kennedy,Langley,BC,CA
4027,Kristoffer Vadsmo,Stockholm,Unknown,SE
4028,Kenny Shih,Unknown,Unknown,TW
4029,Mike Dentale,Brooklyn,NY,USA
4030,Alexander Amundsen,Fjell,Unknown,NO
4031,James Coca,Ft Collins,CO,USA
4032,Michael Fryett,Lake Stevens,WA,USA
4033,Adrien Allain,Rennes,Unknown,FR
4034,Tamas Lendvai,Fot,Unknown,HU
4035,Omid Azadpeyma,Toronto,ON,CA
4036,Frank Tenuta,Berwyn,IL,USA
4037,Adilson Moraes,Coconut Creek,FL,USA
4038,Bradley Marsh,Mississauga,ON,CA
4039,Jolmer Meelis,Leiden,Unknown,NL
4040,Marius Olsvik,Las Vegas,NV,USA
4041,Kenneth Mcgovern,Douglas,GA,USA
4042,John Michalak,Cleveland,OH,USA
4043,Thomas Kazemieh Aghdam,Hamburg,Unknown,DE
4044,Thomas Konopasek,Chicago,IL,USA
4045,David Frazee,Menlo Park,CA,USA
4046,Itay Rokni,Paris,Unknown,FR
4047,Alexander Beeckx,Antwerp,Unknown,BE
4048,Brandon Garrity,Las Vegas,NV,USA
4049,Andrew Robbins,Cincinnati,OH,USA
4050,Steven Curran,Redondo Beach,CA,USA
4051,Paul Hoppe,New York,NY,USA
4052,Gregory Howard,Manchester,Unknown,GB
4053,Petter Northug,Mosvik,Unknown,NO
4054,Alexander Luber,Munich,Unknown,DE
4055,Steve Kuzmich,Highland Village,TX,USA
4056,Ward Streeter,Grand Rapids,MI,USA
4057,William Morrissey,Santa Ana,CA,USA
4058,Steven Curtin,Indian Trail,NC,USA
4059,Pierre Neuville,Knokke-Heist,Unknown,BE
4060,Erik Ekerot,Sollentuna,Unknown,SE
4061,Jannick Wrang,Copenhagen,Unknown,DK
4062,Sam Greenwood,Toronto,ON,CA
4063,Georgy Kurdin,New York,NY,USA
4064,Julian Rembert,Raleigh,NC,USA
4065,Bastiaan Faessen,Almere,Unknown,NL
4066,Brendan Reid,Toronto,ON,CA
4067,Ronald Minnis,San Jose,CA,USA
4068,Frank Kassela,Chicago,IL,USA
4069,Thomas Duong,Fremont,CA,USA
4070,Court Harrington,Cornelius,NC,USA
4071,Sylvain Biard,Paris,Unknown,FR
4072,Fabrizio Gonzalez,Montevideo,Unknown,UY
4073,John Coletta,Cincinnatti,OH,USA
4074,Michael Mercaldo,Hoboken,NJ,USA
4075,David Theodosopoulos,Tarzana,CA,USA
4076,Tim Pollard,London,Unknown,GB
4077,Paul Magriel,Las Vegas,NV,USA
4078,Jay Rosenkrantz,Commack,NY,USA
4079,Hans Englund,Lulea,Unknown,SE
4080,Eric Siegel,Melville,NY,USA
4081,Joshua Appleby,San Antonio,TX,USA
4082,Philip Nguyen,Colts Neck,NJ,USA
4083,Raymond Coburn,Jackson,NJ,USA
4084,David Orr,Carlsbad,CA,USA
4085,Khamsy Bowles,Weed,CA,USA
4086,Sylvain Mazza,Antibes,Unknown,FR
4087,Julien Brahic,Avignon,Unknown,FR
4088,Jeffrey Mahoney,London,ON,CA
4089,Christopher Hauxwell,Crook,Unknown,GB
4090,Lejdin Fazlibegu,Manalapan,NJ,USA
4091,Gil Morgensztern,Sao Paulo,Unknown,BR
4092,Jack Kashishian,Unknown,Unknown,AM
4093,Charles Hanson,Sioux Falls,SD,USA
4094,Randy Burstein,Aventura,FL,USA
4095,Nicholas Olivares,San Antonio,TX,USA
4096,Marc Bariller,Monte Jean,Unknown,FR
4097,Thomas Lieb,Augusta,GA,USA
4098,Antony Stroud,Brandon,Unknown,GB
4099,Patrick McDaniel,Cheyenne,WY,USA
4100,Anthony Rivera,Henderson,NV,USA
4101,Judson Joplin,Mc Kinney,TX,USA
4102,Thomas Bina,Chicago,IL,USA
4103,Todd Barlow,Scottsdale,AZ,USA
4104,Eric Mizrachi,Las Vegas,NV,USA
4105,Simon Ravnsbaek,Aarhus,Unknown,DK
4106,Blake Bohn,Shakopee,MN,USA
4107,William Klevitz,New York,NY,USA
4108,Victoria Arzola,San Antonio,TX,USA
4109,Don Himpele,Mahwah,NJ,USA
4110,Jonathan Stamm,Glenview,IL,USA
4111,Robert Flowers,Macomb Township,MI,USA
4112,Jesse James Herron,Alpharetta,GA,USA
4113,Stephen Ekin,Vero Beach,FL,USA
4114,Chris Chapman,Houston,TX,USA
4115,Boulos Estafanous,Chicago,IL,USA
4116,Anders Jespersen,Aarhus,Unknown,DK
4117,Timothy Batow,Tulsa,OK,USA
4118,John Boylan,Santa Monica,CA,USA
4119,Paul Mccann,Ramsey,Unknown,GB
4120,Amit Makhija,Brookfield,WI,USA
4121,Mathias Karweta,Giessen,Unknown,DE
4122,Mark Brockington,Edmonton,AB,CA
4123,Roberto Stamerra,Pesaro,Unknown,IT
4124,Christopher Petrick,Hudsonville,MI,USA
4125,Ross Myers,Cuy Falls,OH,USA
4126,Pius Heinz,Cologne,Unknown,DE
4127,Martin Staszko,Trinec,Unknown,CZ
4128,Phil Collins,Las Vegas,NV,USA
4129,Eoghan O'Dea,Dublin,Unknown,IE
4130,Bob Bounahra,Belize City,Unknown,BZ
4131,Anton Makiievskyi,Dnipropetrovsk,Unknown,UA
4132,Sam Holden,Sussex,Unknown,GB
4133,John Hewitt,San Jose,Unknown,CR
4134,Khoa Nguyen,Calgary,AB,CA
4135,Bryan Devonshire,Henderson,NV,USA
4136,Konstantinos Mamaliadis,Durban,Unknown,ZA
4137,Scott Schwalich,Beavercreek,OH,USA
4138,Andrey Pateychuk,Moscow,Unknown,RU
4139,Ryan Lenaghan,Mobile,AL,USA
4140,Sam Barnhart,Little Rock,AR,USA
4141,Aleksandr Mozhnyakov,Himki,Unknown,RU
4142,Gionni Demers,Jackson,NJ,USA
4143,Chris Moore,Countryside,IL,USA
4144,Andrew Hinrichsen,Melbourne,Victoria,AU
4145,Gregory Kaplan,Deerfield,IL,USA
4146,Jerry Van Strydonck,Fairport,NY,USA
4147,Kyle Johnson,Edmonton,AB,CA
4148,Philipp Gruissem,Unknown,Unknown,DE
4149,Erika Sands,Easton,CT,USA
4150,David Sands,Las Vegas,NV,USA
4151,Steve Brecher,Reno,NV,USA
4152,Charles Nelson Robinson,Charlotte,NC,USA
4153,Guillaume Darcourt,Paris,Unknown,FR
4154,Hilton Laborda,Manaus,Unknown,BR
4155,Frank Sinopoli,Hollywood,FL,USA
4156,Mario Silvestri,Colleyville,TX,USA
4157,James Page,Jacksonville,FL,USA
4158,Tri Huynh,Burnaby,BC,CA
4159,Fabio Sousa,Rio De Janeiro,Unknown,BR
4160,Erick Lindgren,Henderson,NV,USA
4161,Ruben Visser,Amsterdam,Unknown,NL
4162,David Bach,Athens,GA,USA
4163,Stephane Albertini,Bastia,Unknown,FR
4164,Stuart Tuvey,Los Altos,CA,USA
4165,Matthew Kay,Waterloo,ON,CA
4166,Stefan Huber,Schlieren,Unknown,CH
4167,Jody Howe,Delta,BC,CA
4168,Zo Karim,Orlando,FL,USA
4169,Sebastian Ruthenberg,Hamburg,Unknown,DE
4170,Per Linde,Motala,Unknown,SE
4171,Brian Yoon,Las Vegas,NV,USA
4172,Thomas Grey,Lake Ronkonkoma,NY,USA
4173,Tyler Bonkowski,Regina,SK,CA
4174,Chris DeMaci,Stanton,CA,USA
4175,Amanda Musumeci,Philadelphia,PA,USA
4176,Marc-Andre Ladouceur,Mont-Saint-Hilaire,QC,CA
4177,Guy Gorelik,Hadera,Unknown,IL
4178,Jake Bazeley,Cincinnati,OH,USA
4179,Peter Gelencser,Budapest,Unknown,HU
4180,Bryan Follain,Fremont,CA,USA
4181,Matt Salsberg,Studio City,CA,USA
4182,Mitchell Cogert,Mill Valley,CA,USA
4183,Niall Charlton,Cardiff,Unknown,GB
4184,Jared Vengrin,Austin,TX,USA
4185,Aaron Ruppert,Norman,OK,USA
4186,Benjamin Mintz,New Orleans,LA,USA
4187,Hoi Lee,Great Manchester,Unknown,GB
4188,Mike DeGilio,Port St Lucie,FL,USA
4189,Fred Berger,Las Vegas,NV,USA
4190,David Barter,Compton,QC,CA
4191,Robin Jens Colbin,Lidkoping,Unknown,SE
4192,Claudia Crawford,Brookhaven,MS,USA
4193,Jonathan Seelbach,Gregory,MI,USA
4194,Frank Calo,Syracuse,NY,USA
4195,Julian Stuer,Rosenheim,Unknown,DE
4196,Mars Callahan,Los Angeles,CA,USA
4197,Harold Wasson,Corona,CA,USA
4198,Tahsyn Mekani,West Bloomfield,MI,USA
4199,Chamath Palihapitiya,Palo Alto,CA,USA
4200,Aaron Jones,Indianapolis,IN,USA
4201,Thomas Pedersen,Varde,Unknown,DK
4202,Robert Peltekci,Valencia,CA,USA
4203,Vladimir Geshkenbein,Zurich,Unknown,CH
4204,Lance Steinberg,New York,NY,USA
4205,Duane Alexander,San Antonio,TX,USA
4206,Massimiliano Martinez,Rome,Unknown,IT
4207,Sami Kelopuro,Helsinki,Unknown,FI
4208,Jens Kyllonen,Helsinki,Unknown,FI
4209,Steve Rawle,Dartmouth,Unknown,GB
4210,Wai Cheng,Randolph,NJ,USA
4211,Bryan Colin,Short Hills,NJ,USA
4212,Guerfi Mesbah,Paris,Unknown,FR
4213,Matthew Wantman,Stoneham,MA,USA
4214,Mathew Frankland,London,Unknown,GB
4215,Ryan Jaconetti,Las Vegas,NV,USA
4216,Seth Davies,Bend,OR,USA
4217,Chris Bonita,Winthrop,MA,USA
4218,Marton Czuczor,Budapest,Unknown,HU
4219,Thomas Oldcroft,O Fallon,MO,USA
4220,Jonathan Pinx,Winnipeg,MB,CA
4221,Cortland Mcjannet,Edmonton,AB,CA
4222,Vasily Tsapko,Moscow,Unknown,RU
4223,Rupert Elder,Bury St Edmunds,Unknown,GB
4224,Jeff Becker,Tucson,AZ,USA
4225,Giuseppe Pastura,Guidizzolo,Unknown,IT
4226,Patrick McNamara,Sherbrooke,QC,CA
4227,Alexander Debus,Lorsch,Unknown,DE
4228,Jimmie Guinther,Bethlehem,NH,USA
4229,Marius Maciukas,Jonava,Unknown,LT
4230,Timothy Adams,Burlington,ON,CA
4231,James Ruszkiewicz,Mukwonago,WI,USA
4232,Ben Tollerene,Fort Worth,TX,USA
4233,Sven Mol,Groningen,Unknown,NL
4234,Koen Schiepers,Dilsen,Unknown,BE
4235,Joseph Johno,O'fallon,IL,USA
4236,Tim Faro,Glen Burnie,MD,USA
4237,George Secara,Brasov,Unknown,RO
4238,Anthony Miller,Alexandria,VA,USA
4239,Chris Kwon,Palisades Park,NJ,USA
4240,Max Heinzelmann,Heubach,Unknown,DE
4241,Robert Kolbe,Karlsruhe,Unknown,DE
4242,Jeet Shetty,Pelham,NY,USA
4243,Daniel Retallick,Morrisville,PA,USA
4244,Andy Ferguson,Edinburgh,Unknown,GB
4245,Greg Moore,Sutton,Unknown,GB
4246,Casey Diener,Las Vegas,NV,USA
4247,James Hopkins,St Louis,MO,USA
4248,David Labchuk,Calgary,AB,CA
4249,Nils Deknijff,Stockholm,Unknown,SE
4250,Michael Bena,Steamboat Springs,CO,USA
4251,Mark Maletic,Canton,MI,USA
4252,Ruslan Gazaev,Moscow,Unknown,RU
4253,Tod Holley,Denver,CO,USA
4254,Timothy Miles,Miami Beach,FL,USA
4255,Pavel Perfilov,Sunnyvale,CA,USA
4256,Patrick Coughlin,Los Angeles,CA,USA
4257,Garry Gates,Henderson,NV,USA
4258,Ralph Robinson,Stone Mountain,GA,USA
4259,Chee Kian Chan,Richmond Hill,ON,CA
4260,Spencer Cossette,Ancaster,ON,CA
4261,Andrew Webking,Pasadena,CA,USA
4262,Adolfo Monreal,Gilbert,AZ,USA
4263,Mazin Khoury,Durham,NC,USA
4264,Donald Depew,Saint Petersburg,FL,USA
4265,Fernando Brito,Unknown,Unknown,PT
4266,Mark Newhouse,Las Vegas,NV,USA
4267,Andrew Jenkins,Monterey,CA,USA
4268,Stephen Bokor,Astoria,OR,USA
4269,Joe Tehan,Las Vegas,NV,USA
4270,Blaise D'Sylva,Mckinney,TX,USA
4271,Aadam Daya,Mississauga,ON,CA
4272,Manoj Viswanathan,Brooklyn,NY,USA
4273,Paul Volpe,West Chester,PA,USA
4274,Sam Silverman,Las Vegas,NV,USA
4275,Kelsey Hendriks,Chico,CA,USA
4276,Umberto Caloro,Glacus,Unknown,CH
4277,Yordan Mitrentsov,Varna,Unknown,BG
4278,Bill Scheer,Melville,NY,USA
4279,Sergey Tikhonov,Moscow,Unknown,RU
4280,Patrick Poirier,Tupper Lake,NY,USA
4281,Stewart Kaplan,Malden,MA,USA
4282,Nikolaus Kovacs,Vienna,Unknown,AT
4283,Janet Callaway,Edmonton,AB,CA
4284,Adrian Passfield,Littlehampton,Unknown,GB
4285,Conrad Coetzer,Johannesburg,Unknown,ZA
4286,Jeff Siegal,Daly City,CA,USA
4287,Philippe Dauteuil,Quebec City,QC,CA
4288,James Hoffman,Cincinnati,OH,USA
4289,Shawn Hattem,Blainville,QC,CA
4290,Jonathan Garneau,Sherbrooke,ON,CA
4291,Hoai Pham,Unknown,Unknown,VN
4292,Mark Goshidigian,Atlanta,GA,USA
4293,Jonathan Depa,Chicago,IL,USA
4294,Wilfried Harig,Hamburg,Unknown,DE
4295,Justin Cereste,River Edge,NJ,USA
4296,Murry Oleson,Sweetwater,TX,USA
4297,Kim Chee,Miramar,FL,USA
4298,Michael Wasserman,Woodland Hills,CA,USA
4299,Philipp Harti,Bremen,Unknown,DE
4300,Richard Lyndaker,Chaumont,NY,USA
4301,Robert Damelian,Gold Coast,Unknown,AU
4302,Matt Livingston,North Las Vegas,NV,USA
4303,Simon Deadman,Nottingham,Unknown,GB
4304,Nicholas Kamen,Scarsdale,NY,USA
4305,Alexandros Karnaos,Niagara Falls,ON,CA
4306,Ross Tesser,Long Beach,CA,USA
4307,Greg Ostrander,Webster,NY,USA
4308,Jonathan Frey,Cordova,TN,USA
4309,Philipp Hochhuth,Lubeck,Unknown,DE
4310,Giuseppe Zarbo,Antibes,Unknown,FR
4311,Nelson Dantas,Netaroi,Unknown,BR
4312,Lee Goldman,Seattle,WA,USA
4313,Joseph Milukas,Darien,CT,USA
4314,Paul Chauderson,Rosemead,CA,USA
4315,Brian Park,Los Altos,CA,USA
4316,Jonathan Shah,Rochester,NY,USA
4317,Austin Schaff,Jackson,MI,USA
4318,David Chase,Alameda,CA,USA
4319,David Wilhoit,Las Vegas,NV,USA
4320,Russell Thomas,Hartford,CT,USA
4321,Jason Mann,Burnaby,BC,CA
4322,Stephen Giufre,Huntington Beach,CA,USA
4323,Shinwon Kim,Santa Monica,CA,USA
4324,Andrew Pierce,Atlanta,GA,USA
4325,Matthew Goldman,Plantation,FL,USA
4326,Narendra Banwari,Charlotte,NC,USA
4327,Satoshi Isomae,Chuo Ku,Unknown,JP
4328,John Moore,Columbia,MD,USA
4329,Scott Augustine,Chicago,IL,USA
4330,Walter Ferrero,Brindisi,Unknown,IT
4331,Collin Moshman,Las Vegas,NV,USA
4332,Samuel Ngai,Edmonton,AB,CA
4333,Marvin Rettenmaier,Leonberg,Unknown,DE
4334,Rufus Nagel,Denver,CO,USA
4335,David Vamplew,Fife,Unknown,GB
4336,Frank Cerminara Sr.,Kenosha,WI,USA
4337,Guillermo Ramirez,Bucaramarga,Unknown,CO
4338,Sunny Chattha,London,Unknown,GB
4339,Nicholas Newport,Bridgetown,Unknown,IE
4340,Jonathan Godfrey,Manchester,Unknown,GB
4341,Robert Mcgreevy-Iler,New York,NY,USA
4342,Bryan Fortin,Santa Maria,CA,USA
4343,Joseph Whittaker,Watford,Unknown,GB
4344,Terry Hobbs,Saint-Lazare,QC,CA
4345,Ariel Albilia,Syosset,NY,USA
4346,Dmitry Savelyev,San Bruno,CA,USA
4347,Joshua Lehrer,Philadelphia,PA,USA
4348,Per Strom,Skultuna,Unknown,SE
4349,Taha Maruf,Bronx,NY,USA
4350,Joseph Lacarrubba,Manhasset,NY,USA
4351,Bryan Porter,Wilmington,NC,USA
4352,Jared Jaffee,Brooklyn,NY,USA
4353,Tuan Vo,Pleasantville,NJ,USA
4354,Micheal Youssef,Toronto,ON,CA
4355,Laurence Houghton,London,Unknown,GB
4356,Kenichi Takaki,Tokyo,Unknown,JP
4357,Robert Matos,Middle Village,NY,USA
4358,Omar Saeed,New York,NY,USA
4359,Marshall Schultz,Boise,ID,USA
4360,Francis Anderson,Poughkeepsie,NY,USA
4361,Joshua Hillock,Coconut Creek,FL,USA
4362,Michele Koerner,Coquitlam,BC,CA
4363,David Earnest,Chicago,IL,USA
4364,Ray Dehkharghani,Leawood,KS,USA
4365,Josh Pollock,Las Vegas,NV,USA
4366,Tyler Sumrall,Unknown,Unknown,USA
4367,Andrew Gilmore,Raleigh,NC,USA
4368,David Inselberg,Long Beach,NY,USA
4369,Stephan Keil,Berlin,Unknown,DE
4370,Michael Aron,Palm Beach Gardens,FL,USA
4371,Mimi Luu,San Jose,CA,USA
4372,Samuel Golbuff,Albuquerque,NM,USA
4373,Ilia Lekach,Fort Lauderdale,FL,USA
4374,Alex Kamberis,Round Lake,IL,USA
4375,Brett Flood,Churchville,PA,USA
4376,Nachman Berlin,Brooklyn,NY,USA
4377,Ilan Boubli,Unknown,Unknown,FR
4378,David Cloutier,Brampton,ON,CA
4379,Douglas Gord,Lexington,KY,USA
4380,Samuel Murphy,Cedar Hill,TX,USA
4381,Michael Castaldo,Palisades,NY,USA
4382,Aaron Schaff,East Brunswick,NJ,USA
4383,Tom Braband,Las Vegas,NV,USA
4384,Michael Ium,Toronto,ON,CA
4385,Dan Sztenderowicz,Philadelphia,PA,USA
4386,Arthur Walker,Hampstead,QC,CA
4387,Bjorn Li,Hong Kong,Unknown,HK
4388,Randy Hanley,San Diego,CA,USA
4389,Hayden Fortini,Vero Beach,FL,USA
4390,John Nixon,Toronto,ON,CA
4391,Kenn Pluard,Happy Valley,OR,USA
4392,Nathan Goldstein,Rosemont,PA,USA
4393,Salatore Sproviero,Cosenza,Unknown,IT
4394,Amitabh Mehra,Fort Collins,CO,USA
4395,Martin Dietrich,Lena,Unknown,DE
4396,Andreas Kauffeldt,Wolfurt,Unknown,DE
4397,Sergey Altbregin,St Petersburg,Unknown,RU
4398,David Rounick,Penn Valley,PA,USA
4399,John Cernuto,Las Vegas,NV,USA
4400,Peter Murphy,Silverbridge,Unknown,IE
4401,Philip Green,Frinton On Sea Essex,Unknown,GB
4402,Shane Douglas,Priest River,ID,USA
4403,Bobby Poe,Las Vegas,NV,USA
4404,Martin Ross,Frankfurt,Unknown,DE
4405,Tom Luce,Tipton,IN,USA
4406,David Mccaig,Lethbridge,AB,CA
4407,Jo Krautwald,Wedel,Unknown,DE
4408,Scott Davies,Vancouver,BC,CA
4409,Guy Cicconi,Las Vegas,NV,USA
4410,Matthew Leecy,Ottawa,KS,USA
4411,Yu Shen,Beijing,Unknown,CN
4412,Kristopher Bradshaw,Scottville,MI,USA
4413,James Randolph,Sparta,TN,USA
4414,Maxime Nault,Unknown,Unknown,RU
4415,Gaetan Balleur,St Quentin,Unknown,FR
4416,David Lenz,Brandenburg,Unknown,DE
4417,Shane Sigsbee,Mckinney,TX,USA
4418,Mike Ellis,London,Unknown,GB
4419,Christopher MacFarland,Dallas,TX,USA
4420,Daniel Skolovy,Fort Moody,BC,CA
4421,Andrey Saenko,Moscow,Unknown,RU
4422,John Hines,North River,NS,CA
4423,James Bergen,Columbia,MD,USA
4424,Roger Hairabedian,Grasse,Unknown,FR
4425,Riekushein Wijermars,Groningen,Unknown,NL
4426,Joseph Couden,Coconut Creek,FL,USA
4427,Dmitry Kuzmin,Moscow,Unknown,RU
4428,Manuel Cuberos,Barcelona,Unknown,ES
4429,Robert Weekes,Gallup,NM,USA
4430,Barry Werthmann,Beverly Hills,MI,USA
4431,Morten Mortensen,Copenhagen,Unknown,DK
4432,Darren Kramer,Cape Town,Unknown,ZA
4433,Vasile Buboi,Anaheim,Unknown,USA
4434,Helbek Tamas,Unknown,Unknown,HU
4435,Sandra Naujoks,Berlin,Unknown,DE
4436,Andras Kovacs,Budapest,Unknown,HU
4437,Quoc Nguyen,Nereto,Unknown,IT
4438,Jonathan Hilland,Austin,TX,USA
4439,Giuseppe Iadisernia,Unknown,Unknown,VE
4440,Coralie Renaud,Unknown,Unknown,FR
4441,Mark Kroon,Madison,WI,USA
4442,Brian Zeid,Cleveland,OH,USA
4443,Eric Stocz,West Bloomfield,MI,USA
4444,David Meagher,Monkton,MD,USA
4445,Sargis Sargsian,Las Vegas,NV,USA
4446,Noah Garden,New York,NY,USA
4447,Raul Pino Arza,Panama City,Unknown,PA
4448,Dietrich Kuhlmann,Buffalo,NY,USA
4449,Thomas Fuller,Boulder,CO,USA
4450,Garrett Gruener,Berkeley,CA,USA
4451,Christoph Lovett,Moorestown,NJ,USA
4452,Marc Le Campion,Paris,Unknown,FR
4453,Stanislav Alekhin,Moscow,Unknown,RU
4454,Robert Wisiak,Atlantic City,NJ,USA
4455,Patrick Sacrispeyre,Paris,Unknown,FR
4456,Devyn March,Henderson,NV,USA
4457,Trevor Hebert,Langley,BC,CA
4458,David Docherty,Coatbridge,Unknown,GB
4459,Michael Meredith,Hoboken,NJ,USA
4460,Viacheslav Zhukov,Stary Oskol,Unknown,RU
4461,Anton Ionel,Bucharest,Unknown,RO
4462,Terrence Valenzuela,Sacramento,CA,USA
4463,Troy Gamble,Rockford,OH,USA
4464,Dmitry Podkopaev,Stary Oskol,Unknown,RU
4465,Thomas Dean,Johnston,NV,USA
4466,Sung Yi,Los Angeles,CA,USA
4467,Christopher Mccutchen,Perkins,OK,USA
4468,Karl Erik Arvidsson,Skelleftea,Unknown,SE
4469,Michael Rozakis,San Diego,CA,USA
4470,Anthony Zeichick,Las Vegas,NV,USA
4471,Honore Taranto,New Orleans,LA,USA
4472,Randy Pfeifer,Lancaster,NY,USA
4473,Dennis Bejedal,Stockholm,Unknown,SE
4474,Blake Barousse,Lafayette,LA,USA
4475,Paul Baron,Huntington Beach,CA,USA
4476,Nikolai Senninger,Unknown,Unknown,DE
4477,Matic Markus,Podgorje,Unknown,SI
4478,Michael Grizzle,Cushing,OK,USA
4479,Timothy Joseph,Los Angeles,CA,USA
4480,Fouad Eladli,San Pedro,CA,USA
4481,Jeff Blenkarn,Rockford,MI,USA
4482,Nicholas Verkaik,Toronto,ON,CA
4483,Peter Mendelsohn,College Point,NY,USA
4484,Dong Wang,San Gabriel,CA,USA
4485,Eric Haddad,Grand Rapids,MI,USA
4486,Leo Whitt,Louisville,KY,USA
4487,Brian England,Unknown,Unknown,USA
4488,Patrick Shepherd,Eagle River,AK,USA
4489,Ismael Arribas,Madrid,Unknown,ES
4490,Doug Kellams,Bedford,IN,USA
4491,Stefan Kopylciw,Oshawa,ON,CA
4492,Christopher Moutzouris,Syndney,Unknown,AU
4493,Burton Ritchie,Pensacola,FL,USA
4494,Justin Zaki,Tampa,FL,USA
4495,David Colin,Chennevieres,Unknown,FR
4496,David Fuss,Washington,DC,USA
4497,Hai Le,Huntington Beach,CA,USA
4498,Carlos Oliveira,Porto,Unknown,PT
4499,Jeff Cohen,Parkland,FL,USA
4500,Walan Kite,Brownwood,TX,USA
4501,Gregory Bastin,Austin,TX,USA
4502,Ronald Paolucci,Kent,OH,USA
4503,Rupom Pal,Essex,Unknown,GB
4504,James Griffin,Seatac,WA,USA
4505,Travis Erdman,Burlingame,CA,USA
4506,Per Jonatan Soederstroem,Goteborg,Unknown,SE
4507,Steven Maurouard,Paris,Unknown,FR
4508,Markus Lehmann,Mauren,Unknown,DE
4509,Hernan Crespin,Buenos Aires,Unknown,AR
4510,Arthur Lim,Glen Rock,NJ,USA
4511,Tay Nguyen,Elk Grove,CA,USA
4512,Randel Brown,Little Rock,AR,USA
4513,Kriston Cudmore,London,Unknown,GB
4514,Bill Mullins,North Las Vegas,NV,USA
4515,Lasell King,Darmstadt,Unknown,DE
4516,Sebastien Bergot,Toulouse,Unknown,FR
4517,Alexander Wilson,Medford,MA,USA
4518,Joseph Ehler,Glendale Heights,IL,USA
4519,Lukas Baeumer,Nrw,Unknown,DE
4520,Samuel Phillips,Columbus,OH,USA
4521,Dmitrijs Meless,Salaspils,Unknown,LV
4522,John Renzi,Marcus Hook,PA,USA
4523,Maynerd Little,Chuckey,TN,USA
4524,Christos Arvanitis,Saint-Laurent,QC,CA
4525,Dominic Ricciardi,Las Vegas,NV,USA
4526,Takaaki Nakayama,Osaka,Unknown,JP
4527,Jose Reyes,Maspeth,NY,USA
4528,John Horten,Atlanta,GA,USA
4529,Yohan Zaoui,Pantin,Unknown,FR
4530,Primoz Cimerman,Liubljana,Unknown,SI
4531,Warren Fund,Myrtle Beach,SC,USA
4532,Khai Nguyen,Mentor,OH,USA
4533,Ryan Hall (CA),Hamilton,ON,CA
4534,Mark Fleddermann,Las Vegas,NV,USA
4535,Cherish Andrews,Chambersburg,PA,USA
4536,Bobby Oboodi,Morris Plains,NJ,USA
4537,German Teitelbaoum,Marina Dl Rey,CA,USA
4538,Jamie Burland,London,Unknown,GB
4539,Mohammad Arani,Plano,TX,USA
4540,Jason Doherty,Hollywood,CA,USA
4541,Christopher Giddings,Spring,TX,USA
4542,Martin Hruby,Celakovice,Unknown,CZ
4543,Chris Furbert,Warwick,RI,USA
4544,Tracy Blackwell,Monticello,MN,USA
4545,Thomas Pires-Trigo,Parmain,Unknown,FR
4546,Matthew Huey,Las Vegas,NV,USA
4547,Fabian Reyes,New York,NY,USA
4548,Bradley Soshea,Houston,TX,USA
4549,Alexander Kuzmin,Moscow,Unknown,RU
4550,Pierre Sikias,Geneva,Unknown,CH
4551,Adriano Santa Ana,Santos,Unknown,BR
4552,Ruben Velasco-Merino,Burgos,Unknown,ES
4553,Armando Marquez,Unknown,Unknown,ES
4554,Graeme Ladd,Orpington,Unknown,GB
4555,Robert Redman,Liberty,MO,USA
4556,David Stimper,Oberursel,Unknown,DE
4557,Glenn Martinez,Santa Rosa,CA,USA
4558,Patrick Devlin,Chestermere,AB,CA
4559,Shawn Keller,Chandler,AZ,USA
4560,Jonathan Jaffe,Longmeadow,MA,USA
4561,Danny Hannawa,Farmington Hills,MI,USA
4562,William Heger,Union City,NJ,USA
4563,Eric Perez,Goodyear,AZ,USA
4564,Janeike Wilken,Unknown,Unknown,DE
4565,Jimmy Ostensson,Nacka,Unknown,SE
4566,Tiago Lopes,Porto,Unknown,PT
4567,Lawrence Scholl,Palatine,IL,USA
4568,Kirkor Tekneci,Flushing,NY,USA
4569,Robert Lofaso,Staten Island,NY,USA
4570,John Beauprez,Arvada,CO,USA
4571,Ryan Mattson,Clintonville,WI,USA
4572,John Graves,Ellington,CT,USA
4573,Ryan Daniel,Norman,OK,USA
4574,Jay Carter,Dennison,OH,USA
4575,Chung Ho,Las Vegas,NV,USA
4576,Fried Meulders,Leuven,Unknown,BE
4577,Jeffrey Rydz,Chicago,IL,USA
4578,Ian Palomo,San Antonio,TX,USA
4579,Julien Rouxel,Coat Neal,Unknown,FR
4580,Patrick Blye,Aurora,ON,CA
4581,Alexey Golodyaev,Cheljabinsk,Unknown,RU
4582,Martin Kabrhel,Prague,Unknown,CZ
4583,Ardavan Yazdi,Los Angeles,CA,USA
4584,Peter Pensa,Union City,CA,USA
4585,Romain Kowalczyk,Verquigneul,Unknown,FR
4586,Stuart Krasney,Las Vegas,NV,USA
4587,John Courtney,Knoxville,TN,USA
4588,Blake Cahail,Kansas City,MO,USA
4589,Francis Fulmer,Georgetown,DE,USA
4590,Jamie Kerstetter,Monroe Township,NJ,USA
4591,Michael Flesch,Manassas,VA,USA
4592,Doug Polk,Las Vegas,NV,USA
4593,Steve Gross,Las Vegas,NV,USA
4594,Chris Bolek,Boca Raton,FL,USA
4595,Sergio Coutinho,Rio Tinto,Unknown,PT
4596,Chris Gillam,Waco,TX,USA
4597,Matthias Much,Berlin,Unknown,DE
4598,Ramin Henke,Kornwesteim,Unknown,DE
4599,Michael Cua,Torrance,CA,USA
4600,Stephen Rose,Bald Knob,AR,USA
4601,Nikita Nikolaev,St Petersburg,Unknown,RU
4602,Andrew Rose,Las Vegas,NV,USA
4603,Richard Alati,Phoenix,AZ,USA
4604,Colin Walker,San Ramon,CA,USA
4605,Dmitry Orlik,Moscow,Unknown,RU
4606,Michael Hallen,Tampa,FL,USA
4607,Robert Gallaugher,Stettler,AB,CA
4608,Paul Kerr,Bothwell,Unknown,GB
4609,Pratyush Buddiga,Colorado Springs,CO,USA
4610,Jose Tavares,Commerce,CA,USA
4611,Selwyn Rivkind,Plano,TX,USA
4612,Scott Shelley,London,Unknown,GB
4613,Matan Krakow,Jerusalem,Unknown,IL
4614,David Marshall,Los Angeles,CA,USA
4615,Andrea Vezzani,Romcolo,Unknown,IT
4616,Adam Junglen,Stow,OH,USA
4617,Christophe Benzimra,Unknown,Unknown,FR
4618,Justin Conley,Prestonburg,KY,USA
4619,Ryan Olisar,Naperville,IL,USA
4620,Craig Sweden,London,Unknown,GB
4621,Marco Petrelluzzi,Unknown,Unknown,BR
4622,Gerald Paskert,Caseyville,IL,USA
4623,Kyle Lodes,Moraga,CA,USA
4624,Eric Ladny,Trenton,NJ,USA
4625,Tim Mcelhannon,Visalia,CA,USA
4626,Jeff Frerichs,Henderson,NV,USA
4627,Klaus Pautrot,Reunion,Unknown,FR
4628,Piotr Pietrzak,Seoul,Unknown,KR
4629,Bjorn Nyman,Jakobstad,Unknown,FI
4630,Jun Ishii,Port Moody,BC,CA
4631,Yehuda Cohen,Rozvadov,Unknown,IL
4632,Jasper Wetemans,Amsterdam,Unknown,NL
4633,Jake Cody,Rochdale,Unknown,GB
4634,Patryk Hopner,Darmstadt,Unknown,DE
4635,Christian Kruel,Rio De Janeiro,Unknown,BR
4636,Sasa Stancic,Etobicoke,ON,CA
4637,Naoya Kihara,Tokyo,Unknown,JP
4638,Satrya Teja,Jakarta,Unknown,ID
4639,Eric Jackson,Menlo Park,CA,USA
4640,Daniel Toffel,Banstead,Unknown,GB
4641,Vinny Pahuja,Hicksville,NY,USA
4642,Jason Koon,Unknown,Unknown,USA
4643,Curtis Johnson,Rockwall,TX,USA
4644,Pim de Goede,Reims,Unknown,NL
4645,Philip Meulyzer,Antwerp,Unknown,BE
4646,Greg Byard,San Francisco,CA,USA
4647,Ray Sumon,Boca Raton,FL,USA
4648,Raj Vohra,Lake Worth,FL,USA
4649,Andrejs Maslencenko,Riga,Unknown,LV
4650,Bingjian Ren,Bobigny,Unknown,FR
4651,Christopher Brauch,Ponte Vedra Beach,FL,USA
4652,Konstantin Maslak,Volgograd,Unknown,RU
4653,Yury Gulyy,Moscow,Unknown,RU
4654,Christopher Way,Broadbeach,Unknown,AU
4655,Biagio Morciano,Triease,Unknown,IT
4656,Mark Herm,Royersford,PA,USA
4657,Denilson Menezes,Sao Paulo,Unknown,BR
4658,Hugo Marialva Felix,Porto,Unknown,PT
4659,Zaher Samaan,Rowland Heights,CA,USA
4660,Yaron Reuven,New York,NY,USA
4661,Anselmo Villarreal,Greenfield,WI,USA
4662,Jared Zito,Roselle,IL,USA
4663,"Kenny ""SuperTuan"" Nguyen",Deland,FL,USA
4664,David Haiman,Bronx,NY,USA
4665,Kyle Frey,Saint Thomas,PA,USA
4666,Kaied Barkho,West Bloomfield,MI,USA
4667,Arnaud Esquevin,Blandy Les Tours,Unknown,FR
4668,Christian Bonde,Oslo,Unknown,NO
4669,Daniel Close,Yakima,WA,USA
4670,Keanu Tabali,Las Vegas,NV,USA
4671,Serefdursun Anar,Unknown,Unknown,TR
4672,Joshua Mullen,Peabody,MA,USA
4673,John George,Grosse Pointe Woods,MI,USA
4674,Jesse Sylvia,Las Vegas,NV,USA
4675,Jake Balsiger,Tempe,AZ,USA
4676,Jeremy Ausmus,Las Vegas,NV,USA
4677,Robert Salaburu,San Antonio,TX,USA
4678,Steve Gee,Sacramento,CA,USA
4679,Gaelle Baumann,Unknown,Unknown,FR
4680,Elisabeth Hille,Bergen,Unknown,NO
4681,Scott Abrams,Henderson,NV,USA
4682,Danny Wong,Las Vegas,NV,USA
4683,Percy Mahatan,Rockville,MD,USA
4684,Bob Buckenmayer,Henderson,NV,USA
4685,David Balkin,Sydney,Unknown,AU
4686,Robert Corcione,Bellingham,MA,USA
4687,Cylus Watson,Madbury,NH,USA
4688,Yuval Bronshtein,Tel Aviv,Unknown,IL
4689,Daniel Strelitz,Torrance,CA,USA
4690,Nicco Maag,Karlsruhe,Unknown,DE
4691,Erik Hellman,Linkoping,Unknown,SE
4692,Jordan Batt,Northbrook,IL,USA
4693,Niels van Alphen,Westkapelle,Unknown,NL
4694,Shahriar Assareh,Leesburg,VA,USA
4695,Tomas Samol,Zilina,Unknown,SK
4696,Taylor Paur,San Diego,CA,USA
4697,Charles Coultas,Seattle,WA,USA
4698,Jonathan Schoder,Weston,FL,USA
4699,Kyle Keranen,Las Vegas,NV,USA
4700,Lasell King,Baben Hausen,Unknown,DE
4701,Paul Siem,Clearwater,FL,USA
4702,Jordi Martinez,Barcelona,Unknown,ES
4703,Gwennael Grandmougin,Paris,Unknown,FR
4704,Tristan Clemencon,Lacepede,Unknown,FR
4705,Jean-Yves Malherbe,Court St Etienne,Unknown,BE
4706,Amit Zulkowitz,Tel Aviv,Unknown,IL
4707,Scott Anderson,Candor,NC,USA
4708,Richard Pyne,Philadelphia,PA,USA
4709,Casey Yontz,Columbus,OH,USA
4710,Helge Stjernvang,Kolsas,Unknown,NO
4711,Alban Juen,Lyon,Unknown,FR
4712,Eric Legoff,Brest,Unknown,FR
4713,Eric Pratt,Kennewick,WA,USA
4714,Dave D'Alesandro,Wenonah,NJ,USA
4715,David Kluchman,Lexington,MA,USA
4716,Takashi Ogura,Tokyo,Unknown,JP
4717,Nicholas Cushman,Saginaw,MI,USA
4718,A.J. Jejelowo,Houston,TX,USA
4719,Felipe Quijano,Fremont,CA,USA
4720,Mohammad Siddiqui,Pembroke Pines,FL,USA
4721,Marcee Topp,Desert Hot Springs,CA,USA
4722,Nick DiVella,Las Vegas,NV,USA
4723,Andrew Flaherty,Overland Park,KS,USA
4724,Max Ovseyevitz,Mexico City,Unknown,MX
4725,Nicolau Villa Lobos,Unknown,Unknown,USA
4726,Andrew Dean,Feeding Hills,MA,USA
4727,Josh Neufeld,Los Angeles,CA,USA
4728,Alfred Firova,Victoria,TX,USA
4729,Sam Soverel,West Palm Beach,FL,USA
4730,Roman Valerstein,Newtown,PA,USA
4731,Lawrie Gibson,Perth,Unknown,AU
4732,Erik Cajelais,Terrebonne,QC,CA
4733,Stephane Bisson,Ottawa,ON,CA
4734,Ben Greenberg,Longmont,CO,USA
4735,Susie Zhao,Sterling Hills,MI,USA
4736,Manos Foudoulakis,Unknown,Unknown,GR
4737,David Randall,Westerville,OH,USA
4738,William Hefflefinger,Las Vegas,NV,USA
4739,David Warady,Fountain Valley,CA,USA
4740,Frederick Vogt,Jackson,MO,USA
4741,Kirill Rabtsov,Moscow,Unknown,RU
4742,Timothy Chang,Woodbury,NY,USA
4743,Michael Moreno,Boca Raton,FL,USA
4744,David Peters (CA),Rancho Santa Fe,CA,USA
4745,Balint Barta,Clifton,NJ,USA
4746,Adel Jo,Miami,FL,USA
4747,Bruno Kawauti,Sao Paulo,Unknown,BR
4748,Ricky Markowitz,Thousand Oaks,CA,USA
4749,David Funkhouser,Las Vegas,NV,USA
4750,Mark Clement,Erial,NJ,USA
4751,Lasse Soerensen,Unknown,Unknown,DK
4752,Michael Gable,Henderson,NV,USA
4753,Gregory Milliron,Phoenix,AZ,USA
4754,Raphael Ayani,Siegen,Unknown,DE
4755,Mihai Manole,Bucharest,Unknown,RO
4756,Vladimir Mefodichev,Korolyov,Unknown,RU
4757,Daniel Deveau,Henderson,NV,USA
4758,Nico Behling,Jena,Unknown,DE
4759,Antonio Garcia,Dallas,TX,USA
4760,Timothy Kilpatrick,Benson,AZ,USA
4761,Zsolt Vizsnyiczai,Szeged,Unknown,HU
4762,Sachin Modi,Belmont,CA,USA
4763,Kevin Pollak,West Hollywood,CA,USA
4764,John Duley,Arnold,MD,USA
4765,Steve Merrifield,Las Vegas,NV,USA
4766,Steffen Retterholt,Unknown,Unknown,NO
4767,Rodrick Kennedy,Austin,TX,USA
4768,Michael Swimelar,Austin,TX,USA
4769,Ronny Kaiser,Bern,Unknown,CH
4770,James Burns,Smyrna,TN,USA
4771,Andrew Lee,Ocean,NJ,USA
4772,Julio de la Rosa,Santo Domingo,Unknown,DO
4773,Mathias Maasberg,Wardenburg,Unknown,DE
4774,Michael Ferrell,Bowling Green,OH,USA
4775,Chanracy Khun,Laval,QC,CA
4776,John Phan,Tustin,CA,USA
4777,Niall Farrell,Glasgow,Unknown,GB
4778,Stephane Blouin,Unknown,Unknown,CA
4779,Matt Marafioti,Toronto,ON,CA
4780,Patrick Halter,Penn Valley,PA,USA
4781,Chance Kornuth,Las Vegas,NV,USA
4782,Ruggeri Marco,Rome,Unknown,IT
4783,Peter Malkoun,Brookhaven,PA,USA
4784,Nick Abou Risk,Dublin,Unknown,IE
4785,John O'Shea,Churchtown,Unknown,IE
4786,Luke Brereton,Unknown,Unknown,GB
4787,Kyle Knecht,Cincinnati,OH,USA
4788,Dennis Montogomery,Burnaby,Unknown,CA
4789,Joel Bullock,Calgary,AB,CA
4790,Daniel Schacher,Lisle,IL,USA
4791,Eduardo Trulli,Unknown,Unknown,USA
4792,Jarrett Nash,Fort Worth,TX,USA
4793,Craig McCorkell,West Sussex,Unknown,GB
4794,Wayne Peterson,Holliston,MA,USA
4795,Francois Tosques,Sanary Sur Mer,Unknown,FR
4796,Will Souther,Biloxi,MS,USA
4797,Andrew Moreno,Las Vegas,NV,USA
4798,William Katona,Riverside,CA,USA
4799,John Owen,Roswell,GA,USA
4800,Zaher Sayegh,Northridge,CA,USA
4801,Derek Chisholm,Berwickshire,Unknown,GB
4802,Ryan Pochedly,Mantua,OH,USA
4803,Jeffrey Finkelstein,Las Vegas,NV,USA
4804,AP Phahurat,Rogers,AR,USA
4805,Gregory Brewer,Mc Intyre,GA,USA
4806,Mikhail Aleksandrov,Yarsoslavl,Unknown,RU
4807,Yuji Masaki,Hiroshima,Unknown,JP
4808,Bobby Bresner,New York,NY,USA
4809,Chris Kolla,Wuppertal,Unknown,DE
4810,Joseph Marchal,Appelton,WI,USA
4811,Mohammed Jaafar,Miami,FL,USA
4812,Bryan Paris,Laguna Beach,CA,USA
4813,Randy Haddox,Kingwood,TX,USA
4814,Eugene Du Plessis,Stellenbosch,Unknown,ZA
4815,Tot Opie,Fair Haven,NJ,USA
4816,Ronny Schenk,Unknown,Unknown,CH
4817,Morten Ahrensbach,Unknown,Unknown,DK
4818,Daniel Dizenzo,Sussex,NJ,USA
4819,Bryan Vanrijsbergen,Unknown,Unknown,MT
4820,Keith Johnson,Nottingham,Unknown,GB
4821,Vincent Maglio,Revere,MA,USA
4822,Svyatoslav Belyaev,Tallinn,Unknown,EE
4823,Jonathan Fountain,Oviedo,FL,USA
4824,Daniel Sauva,London,Unknown,GB
4825,Brian Meinders,Jackson,NJ,USA
4826,Matthew Ezrol,Coconut Creek,FL,USA
4827,Henry Tran,Vaughn,ON,CA
4828,Oscar Kemps,Amsterdam,Unknown,NL
4829,Sean Giesbrecht,Vancouver,BC,CA
4830,Craigory Thames,Collins,MS,USA
4831,Mikhail Rudoy,Unknown,Unknown,RU
4832,An Van Tran,Las Vegas,NV,USA
4833,Matthew Wolf,Huntington Station,NY,USA
4834,Roman Duiunov,Unknown,Unknown,RU
4835,Hye Park,Edgewater,NJ,USA
4836,Jeff Gross,Ann Arbor,MI,USA
4837,Massimo Mosele,Torino,Unknown,IT
4838,Jeffrey Schobert,Lenexa,KS,USA
4839,Adam Lawler,Rayleigh,Unknown,GB
4840,Anthony Thambynayagam,Renton,WA,USA
4841,Erkut Yilmaz,Fair Oaks,CA,USA
4842,Andrey Zaichenko,Moscow,Unknown,RU
4843,Gilbert Diaz,Baltimore,MD,USA
4844,Timothy Odell,Longwood,FL,USA
4845,Barry Wiedemann,Holly Springs,NC,USA
4846,Thanh Tran,Las Vegas,NV,USA
4847,Mikhail Lakhitov,Moscow,Unknown,RU
4848,Jan Kasten,Unknown,Unknown,DE
4849,James Brodie,Southsea,Unknown,GB
4850,Metin Antar,Unknown,Unknown,SE
4851,Logan Trindade,Los Angeles,CA,USA
4852,Loren Klein,Verdi,NV,USA
4853,Philip Sternheimer,San Francisco,CA,USA
4854,Alan Curl,Belle Fourche,SD,USA
4855,Sebastien Clot,Paris,Unknown,FR
4856,Wes Gauthier,Shreveport,LA,USA
4857,Julien Chamoun,Clifton,NJ,USA
4858,Joshua Rotenberg,West Bloomfield,MI,USA
4859,Remy Cucak,La Saline Des Bains,Unknown,FR
4860,Derek Chin,Wellesley,MA,USA
4861,David Debue,Lille,Unknown,FR
4862,Peter Schneider,Piedmont,CA,USA
4863,Farhan Madhani,Chicago,IL,USA
4864,Stephen Cesaro,Smithfield,RI,USA
4865,Paul Soukthavone,San Diego,CA,USA
4866,Michael Kaufman,Northborough,MA,USA
4867,Joel Micka,Everett,WA,USA
4868,Corey Thompson,Winter Park,FL,USA
4869,Maurice Hawkins,West Palm Beach,FL,USA
4870,Matthew Silberzweig,Elmont,NY,USA
4871,Ben Hamnett,Holbrook,PA,USA
4872,Dennis Frederick,Upper Darby,PA,USA
4873,Robert Brown,Milford,NH,USA
4874,Derek Mymko,Any,MB,CA
4875,Patrick Khayat,Paris,Unknown,FR
4876,Alessio Isaia,Roccabruna Cuneo,Unknown,IT
4877,Salman Behbehani,Unknown,Unknown,GB
4878,Neil Blumenfield,San Francisco,CA,USA
4879,Ercan Olgun,Ankara,Unknown,TR
4880,Michael Neuber,Ajax,ON,CA
4881,Alexander Berdichevsky,Huntingdon Valley,PA,USA
4882,Joseph Goott,Midvale,UT,USA
4883,Davide Catalano,Unknown,Unknown,IT
4884,Benjamin Alcober,Chino Hills,CA,USA
4885,Steve Yea,Seoul,Unknown,KR
4886,Anton Wigg,Stockholm,Unknown,SE
4887,Neil Beckerman,Dallas,TX,USA
4888,Stephan Ibs,Steinhausen,Unknown,CH
4889,Jae Pak,Unknown,Unknown,USA
4890,Cameron Somsky,Sugar Creek,MO,USA
4891,Fabrice Humbert,Unknown,Unknown,FR
4892,Griffin Benger,Toronto,ON,CA
4893,Ferit Gabriellson,Huddinge,Unknown,SE
4894,Michael Pesek,Carol Stream,IL,USA
4895,Mark Demirdjian,Unknown,Unknown,CA
4896,Jamie Sill,Burlington,Unknown,GB
4897,Jerry Wong,Davie,FL,USA
4898,David Stroj,Newport Beach,CA,USA
4899,Alan Wasserberger,Chicago,IL,USA
4900,Fabrice Bachellez,Frouzins,Unknown,FR
4901,Vincent Wille,Boca Raton,FL,USA
4902,Assani Fisher,Nyack,NY,USA
4903,Bryan Zindrick,Chicago,IL,USA
4904,Shaun Deeb,Las Vegas,NV,USA
4905,Laurens De Smet,Erpe,Unknown,BE
4906,Kenny Hallaert,Hansbeke,Unknown,BE
4907,Guido Tauriello,Bern,Unknown,CH
4908,Jimmy Dowda,Groveland,FL,USA
4909,Sean Rice,Cherry Hill,NJ,USA
4910,Todd Breyfogle,Hopkins,MN,USA
4911,Robert Layne,Jackson,NJ,USA
4912,Chun Chen,Unknown,Unknown,CN
4913,Louis Crispino,Amityville,NY,USA
4914,Cristiano Guerra,Rome,Unknown,IT
4915,Robert Kelepouris,Las Vegas,NV,USA
4916,Nicholas Augustino,Weston,FL,USA
4917,Johan Guilbert,Sarreguemines,Unknown,FR
4918,Frank Marro,Atlanta,GA,USA
4919,Jermy Renz,De Pere,WI,USA
4920,Orjan Skommo,Trondheim,Unknown,NO
4921,Raj Singh,Las Vegas,NV,USA
4922,Meikat Siu,New York,NY,USA
4923,Eric Brix,Little Canada,MN,USA
4924,Shawn Quillin,Charlotte,NC,USA
4925,Trevor Vanderveen,Bellingham,WA,USA
4926,William Wellborne,Houston,TX,USA
4927,Peter Bosen,Cologne,Unknown,DE
4928,Simeon Naydenov,Sofia,Unknown,BG
4929,Olivier Chubilleua,Paris,Unknown,FR
4930,Michael Kamran,Los Angeles,CA,USA
4931,Amir Sonsino,Unknown,Unknown,IL
4932,Chris Moorman,Benfleet,Unknown,GB
4933,Dan Murariu,Bacau,Unknown,RO
4934,Christina Lindley,Las Vegas,NV,USA
4935,Kunal Patel,Friendswood,TX,USA
4936,Rodrigo Navarro,Mexico City,Unknown,MX
4937,Paul McTaggart,Unknown,Unknown,GB
4938,Melvin Dukes,Marietta,GA,USA
4939,Justin Shih,Vancouver,BC,CA
4940,Leon Piso,Utnecltr,Unknown,NL
4941,Darin Thompson,Tampa,FL,USA
4942,Debbie Haigh,Calgary,AB,CA
4943,Daniel Arfin,New City,NY,USA
4944,Alexander Beck,Happy Valley,OR,USA
4945,Karim Jomeen,London,Unknown,GB
4946,Pacome Chavignon,Vitry Sur Seine,Unknown,FR
4947,Ankush Mandavia,Richmond,Unknown,USA
4948,Thomas Blizniak,Las Vegas,NV,USA
4949,Marc Karam,Ottawa,ON,CA
4950,Jeremy Allen,Jeffersonville,IN,USA
4951,Zachary Fahmie,Las Vegas,NV,USA
4952,Charlie Lacause,San Antonio,TX,USA
4953,Anthony Mar,North Vancouver,BC,CA
4954,Daniel Hirleman,Chandler,AZ,USA
4955,Mike McDonald,Waterloo,ON,CA
4956,Barakeh Fadi,Unknown,Unknown,LB
4957,Teddy Sheringham,London,Unknown,GB
4958,Filipp Khavin,Saint Petersburg,FL,USA
4959,Alejandro Vargas,Unknown,Unknown,IT
4960,Marc Wright,Unknown,Unknown,GB
4961,Romik Vartzar,Glendale,CA,USA
4962,Antonio Ribeiro,Naugatuck,CT,USA
4963,Dmitry Kataev,Kirov,Unknown,RU
4964,Daniel Ospina,Unknown,Unknown,CO
4965,Devin Looney,Pacifica,CA,USA
4966,Kosei Ichinose,Unknown,Unknown,JP
4967,John Murray,Mansfield,MA,USA
4968,A Ram Hong,Seoul,Unknown,KR
4969,Adrian Apmann,Unknown,Unknown,DE
4970,Shawn Buchanan,Abbotsford,BC,CA
4971,William Dawson,Pagosa Springs,CO,USA
4972,John Lavorato,Calgary,Unknown,CA
4973,Michael Vik,Vermillion,SD,USA
4974,Micah Raskin,Bayside,NY,USA
4975,Terrence Chan,Vancouver,BC,CA
4976,Kyle Julius,Naperville,IL,USA
4977,Nazim Guillaud,Ronchin,Unknown,FR
4978,David Scherzer,Unknown,Unknown,DE
4979,Felix Funk,Unknown,Unknown,DE
4980,Joseph Pergola,Henderson,NV,USA
4981,Iain Somers,Mouten,Unknown,NL
4982,Jeffery Mcalister,Corpus Christi,TX,USA
4983,Fabio Luongo,Unknown,Unknown,CA
4984,Samuel Blankenship,Bristol,TN,USA
4985,Luke Nettles,Los Olivos,CA,USA
4986,Justin Ouimette,Amherstburg,ON,CA
4987,Filip Verboven,Herentals,Unknown,BE
4988,Christian Rasmussen,Copenhagen,MA,DK
4989,Vivek Rajkumar,Seattle,WA,USA
4990,Larry Barbetta,Wayzata,MN,USA
4991,Roberto Riva,Unknown,Unknown,USA
4992,Grant Hinkle,Overland Park,KS,USA
4993,Michael Song,Las Vegas,NV,USA
4994,Justin Young,Henderson,NV,USA
4995,Ezra Abu Gazal,Woodland Hills,CA,USA
4996,Raymond Wu,Chicago,IL,USA
4997,John Leathart,Herndon,VA,USA
4998,Lennart Winnemuller,Unknown,Unknown,MT
4999,Guillaume Gignac,Saint-Lambert,QC,CA
5000,Philip Macdonald,Winnipeg,MB,CA
5001,Rhys Jones,Fareham,Unknown,GB
5002,Yuri Ishida,Unknown,Unknown,JP
5003,Zachary Fritz,Las Vegas,NV,USA
5004,Daniel Johnson,Honolulu,HI,USA
5005,Edgars Augstkalns,Unknown,Unknown,LV
5006,Carl Maddy,Moseley,VA,USA
5007,Philip Peters,London,Unknown,GB
5008,Yik Chiu,Hong Kong,Unknown,HK
5009,Stefano Fiore,Unknown,Unknown,IT
5010,Anders Rasmussen,Aarhus,Unknown,DK
5011,Katie Dozier,Las Vegas,NV,USA
5012,Steve Foutty,Las Vegas,NV,USA
5013,Michael Hickman,Media,PA,USA
5014,Marc Bariller,Montjean,Unknown,FR
5015,Maxence Dupont,Ruelle Sur Touvre,Unknown,FR
5016,Armando Fernandez,Miami,FL,USA
5017,Thomas Swensen,Oslo,Unknown,NO
5018,Jordan Lewis,Scottsdale,AZ,USA
5019,Robert Deppe,Lima,OH,USA
5020,Sandeep Pulusani,Los Angeles,CA,USA
5021,Duykhanh Le,Houston,TX,USA
5022,Curtis Householder,Wheaton,IL,USA
5023,Alin Rapoport,Norwich,Unknown,GB
5024,Richard Jeffrey,Calgary,AB,CA
5025,Kory Kilpatrick,Athens,GA,USA
5026,Bruno Lopes,Courbevoie,Unknown,FR
5027,Gerardo Lubas,Unknown,Unknown,PH
5028,Michael Hack,Manassas,VA,USA
5029,Ajay Gnanasambanthan,Phoenix,AZ,USA
5030,Eddie Blumenthal,Stoughton,WI,USA
5031,David Kaleel,Mendota,IL,USA
5032,Kelvin Gates,Holladay,UT,USA
5033,Michael Lipman,Augusta,ME,USA
5034,Joshua Gilliam,Mckinney,TX,USA
5035,Daniel Hicks,Valrico,FL,USA
5036,Kenneth Dobbs,Wichita,KS,USA
5037,Simon Taberham,Brisbane,ON,CA
5038,Keith Block,Pomona,NY,USA
5039,Jeffrey Stewart,Ventura,CA,USA
5040,Zhi Pan,Richmond,BC,CA
5041,Marc Goldman,Easton,PA,USA
5042,Jean Moussa,Brighton,MA,USA
5043,Mario Juste,Unknown,Unknown,FR
5044,Dani Stern,New York,NY,USA
5045,Adam Johnson,Kansas City,MO,USA
5046,Edouard Mignot,Paris,Unknown,FR
5047,David Corsello,Agoura Hills,CA,USA
5048,Brian Kim,Walnut,CA,USA
5049,William Choi,San Mateo,CA,USA
5050,Scott Hall,Fayetteville,AR,USA
5051,Roy Duleba,N. Las Vegas,NV,USA
5052,Tyler Hancock,Scottsdale,AZ,USA
5053,Ernst Schmejkal,Kassel,Unknown,DE
5054,James Mitchell,Wimbledon,Unknown,GB
5055,Adam Latimer,Oxford,Unknown,GB
5056,Jordan Oathes,La Jolla,CA,USA
5057,Darren Sinnaeve,Gwinn,MI,USA
5058,Noeung Troeung,Montreal,QC,CA
5059,Michael Nasserazad,Atlanta,GA,USA
5060,Joseph Conroy,Unknown,Unknown,USA
5061,Zachary Korik,New York,NY,USA
5062,Paul Isom,Astoria,OR,USA
5063,Stephan Schreitl,Valkenburg,Unknown,NL
5064,Michael Mcadam,Portola Valley,CA,USA
5065,Barry Rives,Philadelphia,PA,USA
5066,Michael Wright,Paradise,CA,USA
5067,Sallie Avino,Snellville,GA,USA
5068,John Wrona,Templeton,CA,USA
5069,Daniel Rudd,Essex,Unknown,GB
5070,Christopher Day,Naples,FL,USA
5071,Rudolf Schwartz,Maple Ridge,BC,CA
5072,Martin May,Plantation,FL,USA
5073,Erik Scheidt,Rostock,Unknown,DE
5074,Robert Schulz,Vienna,Unknown,AT
5075,Dominik Bosnjak,Unknown,Unknown,AT
5076,Matthias Nilsson,Fjard Hundra,Unknown,SE
5077,David Briegs,Hillsborough,NJ,USA
5078,Konstantin Streletskiy,Moscow,Unknown,RU
5079,Daniel Alacahan,Buenos Aires,Unknown,AR
5080,Wayne Hoovestol,Council Bluffs,IA,USA
5081,Alejandro Anaya,Los Cabos,Unknown,MX
5082,Roberto Betbese,Torredembarra,Unknown,ES
5083,Dennis Booze,Midvale,UT,USA
5084,Justin Shelton,Raleigh,NC,USA
5085,Andres Ibarguen,Unknown,Unknown,GB
5086,Jason Potter,Tulsa,OK,USA
5087,Marc Negron,Paris,Unknown,FR
5088,Richard Whitebrook,Miami Beach,FL,USA
5089,Gary Hurst,Washington,Unknown,GB
5090,Vitalii Minakov,Unknown,Unknown,GB
5091,Henry Strasser,Toronto,ON,CA
5092,Keith Morgan,Ellensburg,WA,USA
5093,Marvin Lee,Solihull,Unknown,GB
5094,Stephane Benadiba,Paris,Unknown,FR
5095,Kevin Williams,Leyton Stone,Unknown,GB
5096,Patrick Renkers,Amersfoort,Unknown,NL
5097,Tuan Le,Los Angeles,CA,USA
5098,Omar Zazay,Richardson,TX,USA
5099,Ian Feller,Tampa,FL,USA
5100,Phung Ngo,Commerce Township,MI,USA
5101,Marco Bognanni,Sliema,Unknown,IT
5102,Thibaud Guenegou,Annemasse,Unknown,FR
5103,Gary Dunn,Lexington,KY,USA
5104,Jason Gigliotti,West Vancouver,BC,CA
5105,Xiu Deng,Las Vegas,NV,USA
5106,Ramlal Basdeo,San Fernando,Unknown,TT
5107,David Corwin,Pittsford,NY,USA
5108,Larry Powell,Texico,NM,USA
5109,Clinton Baker,Katy,TX,USA
5110,Micah Smith,Jupiter,FL,USA
5111,Robert Cecich,Tinley Park,IL,USA
5112,Ernest Smith,Shepherdsville,KY,USA
5113,Carter Newhof,Mercer Island,WA,USA
5114,Paul Birman,St Kilda,Unknown,AU
5115,Paul Spiteri,Warwick,Unknown,AU
5116,Jason Terry,Noblesville,IN,USA
5117,Kevin Tiell,Tiffin,OH,USA
5118,Michael Weiss,Canberra,Unknown,AU
5119,Samantha Cohen,Boca Ratan,FL,USA
5120,Jerrimie Pacheco,Hilo,HI,USA
5121,Jordan Knackstedt,Saskatoon,SK,CA
5122,Markus Hausberger,Leoben,Unknown,AT
5123,Rodger Johnson,Grand Forks,ND,USA
5124,Karen Sarkisyan,Moscow,Unknown,RU
5125,Thomas Czyszczon,San Diego,CA,USA
5126,Jason Strauss,Unknown,Unknown,LC
5127,Alexis Bouchiouane,Wattignies,Unknown,FR
5128,Steven Schlesinger,Syosset,NY,USA
5129,Joshua Levkov,New York,NY,USA
5130,Mikel Allende,Torrelavega,Unknown,ES
5131,Dan Natarelli,Simi Valley,CA,USA
5132,Stewart Newman,Weston,FL,USA
5133,Neil Ryder,Brimingham,Unknown,GB
5134,Benjamin Saada,Unknown,Unknown,FR
5135,Tommy Velliama,Unknown,Unknown,MG
5136,Justin Oliver,Toronto,ON,CA
5137,Joseph Teanotoga,Pirae,Unknown,FR
5138,Loi Phan,San Marino,CA,USA
5139,Kirk Specka,Clive,AB,CA
5140,Adam Bennett,Mississauga,ON,CA
5141,Antoine Guyetant,France,TX,USA
5142,Fabien Perrot,La Bathie,Unknown,FR
5143,Paul Ephremsen,Berkhamsted,Unknown,GB
5144,Derek Gregory,Madison,WI,USA
5145,Zachary Cooke,Highland,IN,USA
5146,Guillaume Rivet,Lorraine,QC,CA
5147,Raymond Morgan,New York,NY,USA
5148,Josep Galindo,Barcelona,Unknown,ES
5149,Ray Babao,Mississauga,ON,CA
5150,Desislav Velikov,Dobrich,Unknown,BG
5151,Jordan Mayers,Atlanta,GA,USA
5152,Youcef Benzerfa,Unknown,Unknown,FR
5153,Louis Asmo,Las Vegas,NV,USA
5154,Liv Boeree,East Molesy,Unknown,GB
5155,Brian Hamilton,Villa Hills,KY,USA
5156,Roberto Luongo,Parkland,FL,USA
5157,David Tuchman,Woodland Hills,CA,USA
5158,James Gloyd,Mount Airy,MD,USA
5159,Anthony Wise,Issaquah,WA,USA
5160,Thomas Jacobson Jr,Taunton,MA,USA
5161,Scott Daigle,West Springfield,MA,USA
5162,John Corsi,Canyon,TX,USA
5163,Ryan Batchelor,Harrison,OH,USA
5164,George Leandrou,Astoria,NY,USA
5165,Robert Lo,Daly City,CA,USA
5166,Christine Brewer,Port Monmouth,NJ,USA
5167,Dave Orvis,Longmont,CO,USA
5168,Dylan Shwartz,Markham,Unknown,CA
5169,Arthur Tanimoto,Elk Grove,CA,USA
5170,Michael Schneider,Covington,GA,USA
5171,David Singontiko,Chatsworth,CA,USA
5172,Jerome Naye,Lille,Unknown,FR
5173,Serkan Kurnaz,Unknown,Unknown,DE
5174,Michael Vo,Midland,MI,USA
5175,Lukas Nemec,Unknown,Unknown,CZ
5176,Daniel Pickard,Devon,Unknown,GB
5177,Cobi Cobian,Indianapolis,IN,USA
5178,Justin Allen,Rockwall,TX,USA
5179,Lance Keating,Algonquin,IL,USA
5180,Su Zhu,Concord,MA,USA
5181,Ryan Austin,Westerville,OH,USA
5182,Soon Hwang,Duluth,GA,USA
5183,David Kelley,Mercer Island,WA,USA
5184,Dane Lomas,San Diego,CA,USA
5185,Ryan Riess,East Lansing,MI,USA
5186,Jay Farber,Santa Barbara,CA,USA
5187,Sylvain Loosli,Unknown,Unknown,FR
5188,Michiel Brummelhuis,Amsterdam,Unknown,NL
5189,Alex Livingston,Halifax,NS,CA
5190,Sergio Castelluccio,Bisaccia,Unknown,IT
5191,Chris Lindh,Las Vegas,NV,USA
5192,Jan Nakladal,Kozusany-Tazaly,Unknown,CZ
5193,James Alexander,San Antonio,TX,USA
5194,Anton Morgenstern,Berlin,Unknown,DE
5195,Maxx Coleman,Wichita,KS,USA
5196,Clement Tripodi,Montesson,Unknown,FR
5197,Jorn Walthaus,Amsterdam,Unknown,NL
5198,Benjamin Pollak,Paris,Unknown,FR
5199,George Wong,Flushing,NY,USA
5200,Philip Long,London,Unknown,GB
5201,Danard Petit,Boonville,NY,USA
5202,Dan Owen,Napa,CA,USA
5203,Aleksejs Ponakovs,Riga,Unknown,LV
5204,Byron Kaverman,Fort Jennings,OH,USA
5205,Nicolas Le Floch,Montrouge,Unknown,FR
5206,Umang Dattani,Calgary,AB,CA
5207,Jack Amyx,Corryton,TN,USA
5208,Somar Al-Darwich,Berlin,Unknown,DE
5209,Sami Rustom,Diamond Bar,CA,USA
5210,Christopher Kinane,Anchorage,AK,USA
5211,David Stephens,San Antonio,TX,USA
5212,Jaime Kaplan,Las Vegas,NV,USA
5213,Gaetano Preite,Unknown,Unknown,IT
5214,Oliver Price,London,Unknown,GB
5215,Sebastian Gohr,Brighton,Unknown,GB
5216,Rachid Ben Cherif,Sitland,Unknown,NL
5217,Brendon O'Neal,Cape May,NJ,USA
5218,Steven Watts,London,Unknown,GB
5219,Andrea Dato,Rome,Unknown,IT
5220,Cero Zuccarello,Monona,WI,USA
5221,Marc Emond,Scarsdale,NY,USA
5222,Corrie Wunstel,Baton Rouge,LA,USA
5223,Yann Dion,Quebec City,QC,CA
5224,Tyler Cornell,San Clemente,CA,USA
5225,Cary Marshall,Sun Valley,NV,USA
5226,Simon Lam,Brooklyn,NY,USA
5227,Robert Sichelstiel,Perkasie,PA,USA
5228,Nick Schwarmann,Orlando,FL,USA
5229,Victor Cianelli,Canonsburg,PA,USA
5230,William Te Jr,Henderson,NV,USA
5231,Chris Johnson,Las Vegas,NV,USA
5232,Timothy Nuter,Chicago,IL,USA
5233,Goran Mandic,Zagreb,Unknown,HR
5234,Beverly Lange,Lago Vista,TX,USA
5235,Richard Robinson,Orlando,FL,USA
5236,Annette Obrestad,Sandnes,Unknown,NO
5237,David Paredes,Brookline,MA,USA
5238,Eli Heath,Oxfordshire,Unknown,GB
5239,Paul Taylor,Charlotte,NC,USA
5240,Ryan Olson,Westchester,IL,USA
5241,Kima Kimura,Anchorage,AK,USA
5242,Eduardo Marra,Sao Paulo,Unknown,BR
5243,Alessandro Fasolis,Iobesi D Alba,Unknown,IT
5244,Matthew Elsarelli,Las Vegas,NV,USA
5245,Rob Sterken,Veghel,Unknown,NL
5246,Robert Koss,Macomb,MI,USA
5247,Hoa Luong,Unknown,Unknown,HU
5248,Mikhail Petrov,Moscow,Unknown,RU
5249,Jason Cohen,New City,NY,USA
5250,Thomas Beckstead,Temecula,CA,USA
5251,Roger Hendren,Mckinney,TX,USA
5252,Gad Morgenstern,Gerusalem,Unknown,IL
5253,Bradley Myers,Essex Jct,VT,USA
5254,Ashton Griffin,Lake Worth,FL,USA
5255,Ashley Mason,York,Unknown,GB
5256,Martin Tonnesen,Arhus,Unknown,DK
5257,Javier Montano,Las Vegas,NV,USA
5258,Travis Klein,Tallahassee,FL,USA
5259,Blake Yu,Alameda,CA,USA
5260,Ami Alibay,Blainville,QC,CA
5261,Alex Bilokur,Moscow,Unknown,RU
5262,Vincent Robert,Paris,Unknown,FR
5263,Matthew Kursar,Long Beach,CA,USA
5264,Zhiwei Zhou,Belize City,Unknown,BZ
5265,Max Steinberg,Fairfield,IA,USA
5266,Brent Thompson,La Quinta,CA,USA
5267,Chris George,Grosse Pointe,MI,USA
5268,Anthony Forsyth-Forrest,Marlborough,Unknown,GB
5269,Leonardo Moura,Alanreed,TX,USA
5270,Yi Fang,Coquitlam,BC,CA
5271,Larry Tyler,Mesa,AZ,USA
5272,Brian Appelbaum,Phoenix,AZ,USA
5273,Robin Ylitalo,Unknown,Unknown,SE
5274,Liam O'Donoghue,Nenagh,Unknown,IE
5275,Nikolai Sears,Davisburg,MI,USA
5276,Seaver Kyaw,San Francisco,CA,USA
5277,Steve McKoy,Birmingham,AL,USA
5278,Mike Ruter,Murrieta,CA,USA
5279,Luca Moschitta,Unknown,Unknown,IT
5280,Mikolaj Zawadzki,Gdansk,Unknown,PL
5281,Marius Pospiech,Trier,Unknown,DE
5282,Olaoluwa Okelola,Palo Alto,CA,USA
5283,James Rubenstein,Kansas City,MO,USA
5284,Ryan Wolfson,Westbury,NY,USA
5285,Adeeb Harb,Long Beach,MS,USA
5286,Geffrey Klein,Houston,TX,USA
5287,Clyde Tjauw-Foe,Unknown,Unknown,NL
5288,Kevin Calenzo,New Hartford,NY,USA
5289,Ted Jivkov,Woodland Hills,CA,USA
5290,Christopher Whitall,Willingboro,NJ,USA
5291,Victor Figueroa,Miami Beach,FL,USA
5292,Steve Yang,Houston,TX,USA
5293,Leonardo Cavarge,Sau Paulo Brazil,Unknown,BR
5294,Joseph McGuire,Columbia,SC,USA
5295,Hassan Mechammil,Encino,CA,USA
5296,Shaun Conning,Hertfordshire,Unknown,GB
5297,Alexander Roumeliotis,Gotenburg,Unknown,SE
5298,Jose Pinedamoncada,Colonia Lomas Del Cevijar,Unknown,HN
5299,Ryan Jones (NC),Burlington,NC,USA
5300,Mark McPherson,Las Vegas,NV,USA
5301,Manuel Mutke,Unknown,Unknown,DE
5302,Georg Lehmann,Unknown,Unknown,DE
5303,Estelle Denis,Paris,Unknown,FR
5304,Evandro Vitoy de Queiroz,Unknown,Unknown,BR
5305,Samuel Clements,Maricopa,AZ,USA
5306,Christopher Anderson,Springfield,OR,USA
5307,Guilherme Garcia,Apucarana,Unknown,BR
5308,Igor Dubinsky,Dnepropetrovsk,Unknown,UA
5309,Peter Jennings,San Maron,CA,USA
5310,Dustin Speta,Crossfield,AB,CA
5311,Cheng Liu,Unknown,Unknown,CN
5312,Bryan Buonocore,Canton,OH,USA
5313,Ivan Mamuzic,Brampton,ON,CA
5314,Tom Alner,Bristol,Unknown,GB
5315,Jeffrey Loiacono,Lakewood,CA,USA
5316,Shawn Quint,Cordova,TN,USA
5317,David Pecaski,Vancouver,BC,CA
5318,Christopher Dsylva,Lomdon,Unknown,GB
5319,Felix Kuermayr,Vienna,Unknown,AT
5320,Rafi Elharar,Tel Aviv,Unknown,IL
5321,Jorge Ufano Pardo,Madrid,Unknown,ES
5322,Erik Backlund,Uppsalz,Unknown,SE
5323,Tommy Chen,San Jose,CA,USA
5324,Marwan Zakhem,Houston,TX,USA
5325,Kevin Allen,Romford,Unknown,GB
5326,Greg Mueller,Vancouver,BC,CA
5327,Tim Ulrich,Luebeck,Unknown,DE
5328,John Crisostomo,Waipahu,HI,USA
5329,Joshua Field,Villa Park,CA,USA
5330,Michael Dietrich,Centralia,ON,CA
5331,Emile Petit,Unknown,Unknown,FR
5332,Gary Friedman,Beachwood,OH,USA
5333,Daniel Laming,London,Unknown,GB
5334,Shawn Lawrence,Fairfield,CA,USA
5335,Joshua Smith,Spring Hill Newark,DE,USA
5336,Zachary Weiss,Rossmoor,CA,USA
5337,Donald Swartz,Bellevue,WA,USA
5338,Jens Knossalla,Raslatt,Unknown,DE
5339,Adam Sherman,Seattle,WA,USA
5340,Wally Shearer,Noblesville,IN,USA
5341,Tyler Denson,New Smyrna Beach,FL,USA
5342,Jamil Ogunmakinwa,London,Unknown,GB
5343,Romain Gravisse,Angoume,Unknown,FR
5344,Luke Schwartz,London,Unknown,GB
5345,Bruce Guinn,San Antonio,TX,USA
5346,Dara Davey,Co. Sligo,Unknown,IE
5347,Dale Roesel,Jacksonville,FL,USA
5348,John Scaife,New York,NY,USA
5349,Sarah Herzali,Plan De Cuques,Unknown,FR
5350,Roman Verenko,Odessa,Unknown,UA
5351,Tzu Yen,Missouri City,TX,USA
5352,Roman Shaposhnikov,Las Vegas,NV,USA
5353,Riccardo Lacchinelli,Unknown,Unknown,IT
5354,Nikunj Gandhi,Stamford,CT,USA
5355,Scott Dorin,Medina,NY,USA
5356,Yann Migeon,Deauville,Unknown,FR
5357,Jeffrey Ziegler,Manitou Beach,MI,USA
5358,Stephane Lacas,Montreal,QC,CA
5359,Magnus Martin,Eninburgh,Unknown,GB
5360,Kenneth Raskin,Scarsdale,NY,USA
5361,Samuel Taylor,New York,NY,USA
5362,Nicholas Immekus,Jefferson Hills,PA,USA
5363,Quan Do Nguyen,Garland,TX,USA
5364,Eric Hershler,Los Angeles,CA,USA
5365,Jason Baer,Anchorage,AK,USA
5366,Santiago Nadal,Tecamachalco,Unknown,MX
5367,Sergei Stazhkov,Saint Petersburg,Unknown,RU
5368,Sterling Savill,Dover,FL,USA
5369,Martin Mathis,Tallahassee,FL,USA
5370,Stephen Bellamy,London,Unknown,GB
5371,Ravi Raghavan,Northbrook,IL,USA
5372,Peter Norman,Bellevue,WA,USA
5373,Jamie Armstrong,Irvine,CA,USA
5374,Michael Engell,Fairfield,CA,USA
5375,Michael Stracco,Hanover,MA,USA
5376,Mauro Villegas,Unknown,Unknown,MX
5377,Dennis Premmanee,Las Vegas,NV,USA
5378,Daniele Guidetti,Unknown,Unknown,IT
5379,Dick van Luijk,Schilde,Unknown,BE
5380,Melanie Weisner,Houston,TX,USA
5381,Jacek Markowski,Seelze,Unknown,DE
5382,Jeff Cote,Saint-Mathieu-De-Beloeil,QC,CA
5383,Robert Kairnes,Shrewsbury,MA,USA
5384,Ryan Snickles,Chandler,AZ,USA
5385,Camilo Posada,Cali,Unknown,CO
5386,Nick Guagenti,Westerville,OH,USA
5387,Lyric Duveyoung,Fairfield,IA,USA
5388,Nicolas Pons,Leferte Bernard,Unknown,FR
5389,Myro Garcia,Boyce,Unknown,BR
5390,Stephen Lee,Newcastle,WA,USA
5391,Robert Holtz,Stamford,CT,USA
5392,Adam Kende,Kelowna,BC,CA
5393,Pakinai Lisawad,Unknown,Unknown,TH
5394,Anthony Augustino,Weston,FL,USA
5395,Timmy Mcintyre,Coquitlam,BC,CA
5396,John Iemolo,Deltona,FL,USA
5397,Leon Phung,Cannes,Unknown,FR
5398,Steve Yoo,Granada Hills,CA,USA
5399,Rafael Porzecanski,Montevideo,Unknown,UY
5400,Alberto Rodriguez,Atlanta,GA,USA
5401,Michael Malm,Calgary,AB,CA
5402,Mario LJubicic,Unknown,Unknown,AU
5403,William O'Neal,Evans,GA,USA
5404,Patrikios Chagiat,Duncanville,TX,USA
5405,Sadan Turker,London,Unknown,GB
5406,Walter Treccarichi,Catania,Unknown,IT
5407,Jared Woodin,Henderson,NV,USA
5408,Mike Parisi,Wood Dale,IL,USA
5409,Marc MacDonnell,Dublin,Unknown,IE
5410,Nick Hicks,West Bridford,Unknown,GB
5411,Bastian Fischer,Detmold,Unknown,DE
5412,Pablo Rojas,Granada,Unknown,ES
5413,Shiva Dudani,Chicago,IL,USA
5414,Carla Sabini,Montreal,QUEBEC,CA
5415,Glen Rose,Cushing,OK,USA
5416,John Coffman,Knoxville,TN,USA
5417,Jason Mandanici,Laval,Unknown,CA
5418,Joe Curcio,Yonkers,NY,USA
5419,Jerry Robinson,Raleigh,NC,USA
5420,James Hudson,Montreal,Unknown,CA
5421,Benjamin Reason,Whitehouse,TX,USA
5422,Carlo Savinelli,Madralowi,Unknown,IT
5423,Nicolas Levi,London,Unknown,GB
5424,Joseph Hertzog,Visalia,CA,USA
5425,Simon Charette,Toronto,Unknown,CA
5426,Andrea Carini,Unknown,Unknown,IT
5427,Julien Fauteux,Laval,QC,CA
5428,Aaron Overton,Philadelphia,PA,USA
5429,Patrick Steele,Dexter,MI,USA
5430,Gregory Benac,Paris,Unknown,FR
5431,Tuyen Nguyen,Yorba Linda,CA,USA
5432,Mikhail Veselov,Moscow,Unknown,RU
5433,Steven Lillehaug,Chanhassen,MN,USA
5434,Brandon Setzer,Concord,NC,USA
5435,Yuan Shen,Chapel Hill,NC,USA
5436,David Harvey,Tallmadge,OH,USA
5437,Carter Gill,Madras,OR,USA
5438,Chad Eveslage,Ramsey,IN,USA
5439,Markus Garberg,Trondheim,Unknown,NO
5440,Alexander Granados,Bogota,Unknown,CO
5441,Eddy Sabat,Los Angeles,CA,USA
5442,Pedro Cabeca,Chamusca,Unknown,PT
5443,Walid Bou Habib,Roswe,Unknown,LB
5444,Jeremy Druckman,Philadelphia,PA,USA
5445,Alexandre Chieng,Washington,DC,USA
5446,Michael Cloud,Lombard,IL,USA
5447,Jason Brauda,Matthews,NC,USA
5448,John Yanda,Manitowoc,WI,USA
5449,Brandon Meyers,Henderson,NV,USA
5450,Neil Walker,Burgess Hill,Unknown,GB
5451,Colin Domier,Henderson,NV,USA
5452,Jared Pacifici,Manalapan,NJ,USA
5453,Brian Kellogg,Sebring,OH,USA
5454,Nicholas Crisp,Luton,Unknown,GB
5455,Benny Chen,Stratford,PE,CA
5456,Michael Carlson,Gainesville,GA,USA
5457,Pellegrino Marotta,Perth,CT,AU
5458,Tanner Millen,Cortland,NY,USA
5459,Gregory Morris,Henderson,NV,USA
5460,Mohammad Farah,Bensalem,PA,USA
5461,David DeNoon,Jersey City,NJ,USA
5462,Mike Allis,Post Falls,ID,USA
5463,Francis Cipriano,Watertown,CT,USA
5464,Eric Rappaport,Lansdale,PA,USA
5465,Emilio Dominguez,Malaga,Unknown,ES
5466,Harsukhpaul Sangha,Surrey,BC,CA
5467,Kenneth Hicks,Huntington,WV,USA
5468,Muhammad Abdel Rahim,Derry,NH,USA
5469,David Davenport,Platte City,MO,USA
5470,John Keith,Farmersville,TX,USA
5471,Nika Futterman,Los Angeles,CA,USA
5472,Harry Maurer,Unknown,Unknown,DE
5473,Tim Davie,Hayward Heath,Unknown,GB
5474,Paul Lackey,Dallas,TX,USA
5475,Robert Demuch,Burton,OH,USA
5476,Marc-Olivier Carpentier-Perrault,Montreal,QC,CA
5477,Scott Matte,Syosset,NY,USA
5478,Jair Beltran,North York,ON,CA
5479,James Lee,Yukon,OK,USA
5480,Peter Kamaras,Budapest,Unknown,HU
5481,Tim Finne,Westfield,NJ,USA
5482,Andras Stumpf,Budapest,Unknown,HU
5483,Paul George,Westerville,OH,USA
5484,Michael Wortel,Palos Heights,IL,USA
5485,Donald Martin,Hammond,LA,USA
5486,Katherine Bowen,Gladewater,TX,USA
5487,Sean Winter,Jacksonville,FL,USA
5488,Matthew Bray,Magnolia,TX,USA
5489,Benjamin Ane,Unknown,Unknown,FR
5490,Dmitry Ivanov,Unknown,Unknown,RU
5491,Juliano Maesano,Sao Paulo,Unknown,BR
5492,Samuel Gagnon,Grand-Mere,QC,CA
5493,Adam Levitan,Philadelphia,PA,USA
5494,Brandon Guss,Warminster,PA,USA
5495,Joshua Curtis,Henderson,NV,USA
5496,Ronald McGinnity,Kingston,MA,USA
5497,Ryan Teves,Coventry Township,OH,USA
5498,Tom Hu,Oakton,VA,USA
5499,Eric Beren,New York,NY,USA
5500,James Bord,Stanmore,Unknown,GB
5501,Johnathan Dahlberg,Hermosa Beach,CA,USA
5502,Michael Stoner,Missouri City,TX,USA
5503,Bodo Sbrzesny,Bruchsal,Unknown,DE
5504,Valentin Granier,Unknown,Unknown,FR
5505,Arman Baklachyan,Unknown,Unknown,RU
5506,Andrew Sweeney,Clogheen,Unknown,IE
5507,Blake Yamada,Wailuku,HI,USA
5508,Michael Forca,Babylon,NY,USA
5509,Raymond Dandrea,Olympia,WA,USA
5510,David B. Levy,Cortlandt Mnr,NY,USA
5511,Noah Bronstein,Bellevue,WA,USA
5512,Duane Blanchard,Las Vegas,NV,USA
5513,Stephen Chidwick,Deal,Unknown,GB
5514,Jason Philpott,Herndon,VA,USA
5515,Joshua Gottesman,Encino,CA,USA
5516,Ralph Obrien,Belmar,NJ,USA
5517,David Abrams,Austin,TX,USA
5518,Raymond Coldren,Houston,TX,USA
5519,Tuu Ho,San Jose,CA,USA
5520,Stephan Kjerstad,Bergen,Unknown,NO
5521,Joe McKeehen,Conshohocken,PA,USA
5522,Eric Saunders,Hawthorne,NJ,USA
5523,Ahmed Nimer,Dallas,TX,USA
5524,Gregor Andrekowitsch,Unknown,Unknown,AT
5525,Dustin Mitchell,Mountain View,AR,USA
5526,Bruce Le,Houston,TX,USA
5527,Michael Birnbaum,Vancouver,WA,USA
5528,Balazs Szalavics,Szentendre,Unknown,HU
5529,Justas Vaiciulionis,Vilnius,Unknown,LT
5530,Brad Ruben,Hernando,FL,USA
5531,Bryan Coyne,Westminster,Unknown,GB
5532,David Susigan,Unknown,Unknown,FR
5533,Jeremy Stribling,San Francisco,CA,USA
5534,Brandon Cashwell,Winterville,NC,USA
5535,Nathan Bjerno,Chino Hills,CA,USA
5536,Matias Ruzzi,Allen,Unknown,AR
5537,Bruce Kramer,Westminster,CA,USA
5538,Michelle Doiron,Dieppe,Unknown,CA
5539,Juan Pena,Tulare,CA,USA
5540,Kai Paulson,Trondheim,Unknown,NO
5541,Andrew Watson,Tulsa,OK,USA
5542,Kane Lai,Castle Pines,CO,USA
5543,Ben Palmer,Las Vegas,NV,USA
5544,Dennis Stacy,Morris,IL,USA
5545,Evan Silverstein,Upper Holland,PA,USA
5546,James Sparacio,Moorestown,NJ,USA
5547,Vishnu Chada,Santa Clara,CA,USA
5548,Anthony Gaglione,San Carlos,CA,USA
5549,Steffen Kylevik,Unknown,Unknown,GB
5550,Jamila Von Perger,Unknown,Unknown,DE
5551,Frederick Kennedy,Lansing,MI,USA
5552,Lucinda Martinez,Brandon,FL,USA
5553,Dean Baranowski,Lewisville,TX,USA
5554,Alvaro Aspas,Valencia,Unknown,ES
5555,Idan Greenberg,Unknown,Unknown,IL
5556,Kelly Johnson,Overland Park,KS,USA
5557,James Weeks,Corpus Christi,TX,USA
5558,Daniel Koschok,Calgary,AB,CA
5559,Bob Hassabis,London,Unknown,GB
5560,Alberto Bari,Buenes Aires,Unknown,AR
5561,Mark Redding,Arlington,VA,USA
5562,Brett Levitzke,Brooklyn,NY,USA
5563,Paul Gordon,Manassas,VA,USA
5564,Garrett Crites,Fruita,CO,USA
5565,Fitzpatrick Coleman,Sharon Hill,PA,USA
5566,Stewart Lovelace,N Las Vegas,NV,USA
5567,Thomas Warnicke,Keego Harbor,MI,USA
5568,Steve Zolotow,Las Vegas,NV,USA
5569,Lawrence Hill,Anchorage,AK,USA
5570,David Plisco,Newport Beach,CA,USA
5571,Jeremiah Fitzpatrick,Charlotte,NC,USA
5572,Pierce Mckellar,Phoenix,AZ,USA
5573,Jevon Lam,Rosemead,CA,USA
5574,Igor Rabinovich,Richboro,PA,USA
5575,Babich Vitalii,Unknown,Unknown,UA
5576,Jacob Nielsen,Copenhagen,Unknown,DK
5577,Daniel Hendrickson,Faribault,MN,USA
5578,Dustin Dorrance-Bowman,Austin,TX,USA
5579,Tommy Hang,Newcastle,WA,USA
5580,Brandon Shane,Sagamore Hls,OH,USA
5581,Amyn Punjani,Fayetteville,GA,USA
5582,Anthony Campagna,Manorville,NY,USA
5583,Viacheslav Fentisov,Las Vegas,NV,USA
5584,Peter Kshonze,Ottawa,ON,CA
5585,Michel Abecassis,Paris,Unknown,FR
5586,Guillaume Jenner,Celina,TX,FR
5587,Michael Stonehill,Stafford,Virginia,USA
5588,Endi Leka,Worcester,MA,USA
5589,Andrew Touchette,Coconut Creek,FL,USA
5590,Sean Bermingham,Kincumber,Unknown,AU
5591,Kyle Susala,Glenview,IL,USA
5592,James Barger,Murfreesboro,TN,USA
5593,Troy Sprungl,Gilbert,AZ,USA
5594,Daniel Landriault,Lethbridge,AB,CA
5595,Benjamin Barrows,Lawrennceville,GA,USA
5596,Jordan Scott,Columbus,OH,USA
5597,Mike Watson,Toronto,ON,CA
5598,Hui Sam,Freetown,Unknown,SL
5599,Michael Trivisonno,Lyndhurst,OH,USA
5600,Jonas Lauck,Primstal,Unknown,DE
5601,Yan Lee,Richmond,BC,CA
5602,Stephen Cremin,Tallahassee,FL,USA
5603,Alistair Hill,Redland Bristol,Unknown,GB
5604,Joe Ebanks,Stow,OH,USA
5605,Alan Jehamy,San Diego,CA,USA
5606,Fredrik Lindberg,Unknown,Unknown,SE
5607,Mehran Farhadi,Beverly Hills,CA,USA
5608,Christopher Choi,East Brunswick,NJ,USA
5609,Larry Wells,Anahuac,TX,USA
5610,Samuel Welbourne,Cittcehampton,Unknown,GB
5611,Aaron Brackmann,Unknown,Unknown,DE
5612,Damian Salas,Buenos Aires,Unknown,AR
5613,Richard Soares,Hanford,CA,USA
5614,Ghattas Kortas,Unknown,Unknown,SE
5615,David Klein,Madison,NJ,USA
5616,Ryan Rogers,Powell,OH,USA
5617,Matthew Graham,Huntington,WV,USA
5618,Jonathon Collihole,Wodonga,Unknown,AU
5619,Lawrence Chung,Seoul,Unknown,KR
5620,Mark Marasco,Otisville,ON,USA
5621,Clemens Manzano,Wien,Unknown,AT
5622,Jean-Pierre Besancon,Sydney,Unknown,AU
5623,Manami Hayamizu,Unknown,Unknown,JP
5624,Gutierrez Lebron,Belamadre,Unknown,ES
5625,Omar Sider,Arlington,VA,USA
5626,Max Weinberg,Northbrook,IL,USA
5627,Jake Schindler,Philadelphia,PA,USA
5628,Brett Maistri,Wellington,FL,USA
5629,Raja Chirumamilla,Birmingham,AL,USA
5630,Artur Koren,Vienna,Unknown,AT
5631,Darya Hulyk,Kyiv,Unknown,UA
5632,Gary Fisher,London,Unknown,GB
5633,Joel Tushnet,Tarzana,CA,USA
5634,Sean Prendiville,Dublin,Unknown,IE
5635,Craig Gold,Belmont,CA,USA
5636,Maurizio Caressa,Unknown,Unknown,IT
5637,Brian Andriamahefa,Chicago,IL,USA
5638,Justin Rice,Commerce Township,MI,USA
5639,Daniel Myers,Memphis,TN,USA
5640,Kurt Fraser,Schaumburg,IL,USA
5641,Kit Phaphon,Fresno,CA,USA
5642,Shana Matthews,Mill Valley,CA,USA
5643,Michael Schurpf,Jona,Unknown,CH
5644,Uwe Ziegler,Werenlwger,Unknown,DE
5645,Zac Dowhower,S Lake Tahoe,CA,USA
5646,Michael Wehner,Unknown,Unknown,GB
5647,Thomas Heinrich,Seattle,WA,USA
5648,Matthew Lengal,Las Cruces,NM,USA
5649,Andres Garcia,Salinas,CA,USA
5650,Martin Jacobson,Stockholm,Unknown,SE
5651,Felix Stephensen,Oslo,Unknown,NO
5652,Jorryt van Hoof,Eindhoven,Unknown,NL
5653,William Tonking,Flemington,NJ,USA
5654,Billy Pappaconstantinou,Lowell,MA,USA
5655,Andoni Larrabe,Unknown,Unknown,ES
5656,Dan Sindelar,Las Vegas,NV,USA
5657,Bruno Politano,Fortaleza Teara,Unknown,BR
5658,Maximilian Senft,Vienna,Unknown,AT
5659,Christopher Greaves,Zionsville,IN,USA
5660,Thomas Sarra Jr,Girard,OH,USA
5661,Scott Mahin,Elk Point,SD,USA
5662,Scott Palmer,Odenton,MD,USA
5663,Dan Smith,Las Vegas,NV,USA
5664,Iaron Lightbourne,London,Unknown,GB
5665,Yorane Kerignard,Aux En Provence,Unknown,FR
5666,Sean Dempsey,Las Vegas,NV,USA
5667,Matthew Haugen,Chicago,IL,USA
5668,Dong Guo,Beijing,Unknown,CN
5669,Garrett Greer,New Port Beach,CA,USA
5670,Robert Park,Beverly Hills,CA,USA
5671,Luis Assuncao,Londrina,Unknown,BR
5672,Gal Erlichman,Tel-Aviv,Unknown,IL
5673,Shahen Martirosian,Woodland Hills,CA,USA
5674,Paul Senter,Cardiff,WALES,GB
5675,Adam Lamphere,Lansing,MI,USA
5676,Michael Finstein,Las Vegas,NV,USA
5677,David Tuthill,St. Petersburg,FL,USA
5678,Clayton Maguire,Las Vegas,NV,USA
5679,Vladimir Bozinovic,Belgrade,Unknown,RS
5680,Jason Weber,Unknown,Unknown,USA
5681,Chris Odle,Wilmington,DE,USA
5682,David Yingling,Cape Girardeau,MO,USA
5683,Jason Johnson,Pontiac,MI,USA
5684,Trevor Martin,Aurora,CO,USA
5685,Kyung Cha,Manhattan Beach,CA,USA
5686,Alexios Zervos,Athens,Unknown,GR
5687,Clayton Hamm,Yorkville,IL,USA
5688,William Cole,Murrieta,CA,USA
5689,Stuart Rutter,Birmingham,Unknown,GB
5690,Pfizer Jordan,Zion,IL,USA
5691,Zachary Hirst,Marina,CA,USA
5692,Brian Hastings,St. Johns,FL,USA
5693,Dan Wilson,Maynooth,Unknown,IE
5694,Steven Bennett,Deerfield Beach,FL,USA
5695,Tony Ruberto,Davie,FL,USA
5696,Gabe Paul,Las Vegas,NV,USA
5697,Henrik Hecklen,Aarhus,Unknown,DK
5698,Vadzim Markushevski,Minsk,Unknown,BY
5699,Zachary Walker,Lititz,PA,USA
5700,Jason Leifer,Northridge,CA,USA
5701,Chase Fredensburg,Laguna Beach,CA,USA
5702,Mikiyo Aoki,Bozeman,MT,USA
5703,Christopher Shaw,Charlotte,NC,USA
5704,Lee Taylor,Unknown,Unknown,GB
5705,Thomas Applegate,Carrollton,TX,USA
5706,Nicholas Nardello,Tampa,FL,USA
5707,Hunter Cichy,Coon Rapids,MN,USA
5708,Marcia Kuntz,Takoma Park,MD,USA
5709,Marc Tschirch,Recklinghausen,Unknown,DE
5710,Emil Olsson,Lund,Unknown,SE
5711,Gianfranco Visalli,Ramsgate,Unknown,GB
5712,Anthony Diotte,Lasalle,ON,CA
5713,Bradley Lussier,De Forest,WI,USA
5714,Michael Mcgonigle,Fair Oaks,CA,USA
5715,Per Karlsson,Linkoping,Unknown,SE
5716,Greg Himmelbrand,Queens,NY,USA
5717,Curtis Rystadt,Portland,OR,USA
5718,Mukul Pahuja,Coconut Creek,FL,USA
5719,Donys Agnelli,Unknown,Unknown,IT
5720,Bryan Shay,Marshfield,MA,USA
5721,Jonathan Aguiar,Unknown,Unknown,PT
5722,Quentin Siffledeen,Edmonton,AB,CA
5723,Casey Stewart,Canyon Country,CA,USA
5724,Farid Jattin,Unknown,Unknown,CO
5725,Matthew McEwan,San Francisco,CA,USA
5726,Justin Swilling,Port Orange,FL,USA
5727,Darlene Lee,Delta,BC,CA
5728,Vladimir Shchemelev,St Petersburg,Unknown,RU
5729,Kane Kalas,Philadelphia,PA,USA
5730,Nathan Fletcher,Listowel,ON,CA
5731,Rob Vannucci,Seabrook,TX,USA
5732,Joas Mudde,Amersfoort,Unknown,NL
5733,Timur Margolin,Ramla,Unknown,IL
5734,Christopher Sly,Retford,Unknown,GB
5735,Hieu Nguyen,Vienna,VA,USA
5736,Tom Midena,Brooklyn,MI,USA
5737,Tim Reilly,Natick,MA,USA
5738,Nick Yunis,Miami,FL,USA
5739,Daniel Miles,Oklahoma City,OK,USA
5740,Samuel Wasserman,Vienna,VA,USA
5741,Todd Rebello,Oak Bluffs,MA,USA
5742,Jack Schanbacher,Pittsburgh,PA,USA
5743,Adam Coats,Shoreline,WA,USA
5744,Michael Palo,Woodinville,WA,USA
5745,Jeffrey Chang,Washington,DC,USA
5746,Benjamin Koziol,Richmond,VA,USA
5747,Jason Deutsch,Staten Island,NY,USA
5748,Mehrdad Yousefzadeh,Astoria,NY,USA
5749,Matthew Sedgeman,Hanson,MA,USA
5750,Raymond Ezzie,Westlake,OH,USA
5751,Michael Arage,Las Vegas,NV,USA
5752,John Gorsuch,Okeechobee,FL,USA
5753,Robert Zarzycki,Viera,FL,USA
5754,Stephen Graner,Unknown,Unknown,USA
5755,Rasmus Larsen,Aarhus,Unknown,DK
5756,Hans Winzeler,Miami,FL,USA
5757,Milfred Sageer,Marietta,NY,USA
5758,Jerome Bradpiece,Harrow,Unknown,GB
5759,Bob Miller,Nanuet,NY,USA
5760,Andrew Liporace,New Orleans,LA,USA
5761,Jing Wang,Flushing,NY,USA
5762,Mark Rodriguez,San Antonio,TX,USA
5763,Harry Kaczka,Pittsford,NY,USA
5764,Trevor Deeter,Langhorne,PA,USA
5765,Derek Murray,Galway,Unknown,IE
5766,Arnaud Mattern,Paris,Unknown,FR
5767,Daryl Roberts,Henderson,NV,USA
5768,Brad Sailor,Lombard,IL,USA
5769,Bradley Tuck,Etobicoke,Unknown,CA
5770,Carmine D'Antuono,Unknown,Unknown,IT
5771,Brian Townsend,Santa Barbara,CA,USA
5772,Joshua Atkinson,Mc Bee,SC,USA
5773,Grayson Nichols,Windermere,FL,USA
5774,Horacio Chaves Cortes,Asuncion,Unknown,PY
5775,Mike Gogliormella,Yonkers,NY,USA
5776,Idan Raviv,Holon,Unknown,IL
5777,Steven Warburton,Unknown,Unknown,GB
5778,Zach Jiganti,San Francisco,CA,USA
5779,David Feldman,Golden,CO,USA
5780,Stefan Jedlicka,Vienna,Unknown,AT
5781,Mark Costello,Quincy,MA,USA
5782,Kyle Ho,Burnaby,BC,CA
5783,Michael Schwartz,Las Vegas,NV,USA
5784,Rosario Galtieri,Unknown,Unknown,IT
5785,Andrew Beam,Tipp City,OH,USA
5786,Jon Broderick,Danvers,MA,USA
5787,Taylor von Kriegenbergh,Lowell,MA,USA
5788,Hicham Hilmi,Dranly,Unknown,FR
5789,Lasell King,Muehlheim,Unknown,DE
5790,Richard Moon,Gardnerville,NV,USA
5791,Jeffrey Platt,Dallas,TX,USA
5792,Kevin Eyster,Denver,CO,USA
5793,Matthew Hruska,Fort Dodge,IA,USA
5794,Rick Alvarado,Federal Way,WA,USA
5795,Cristian Rotondo,Venado Tuerto,Unknown,AR
5796,Jason Manger,Chandler,AZ,USA
5797,Fabian Deimann,Witten,Unknown,DE
5798,Pierre Mothes,Unknown,Unknown,DE
5799,Jakob Tostesen,Odense,Unknown,DK
5800,Adam West,Locust,NC,USA
5801,Jared Bleznick,New York,NY,USA
5802,Christopher Smith,Lodi,NJ,USA
5803,Roland Deslippe,Las Vegas,NV,USA
5804,Florian Sighe,San Diego,CA,USA
5805,Ben Marsh,Duluth,MN,USA
5806,Louis Salter,London,Unknown,GB
5807,Jean-Jacques Zeitoun,Le Perreux Narne,Unknown,FR
5808,Juan Rodriguez,Carmel,IN,USA
5809,Sean Kelly,Mount Sinai,NY,USA
5810,Pavlo Veksler,Kiev,Unknown,UA
5811,Troy Sattler,Roslyn,SD,USA
5812,Andrey Grenko,Stankostroitelnay,Unknown,RU
5813,Garrett Garvin,Encinitas,CA,USA
5814,Tor Welo,Trondheim,Unknown,NL
5815,Ola Amundsgard,Unknown,Unknown,NO
5816,Joseph Liberta,Berlin,NJ,USA
5817,Joseph Dipascale,Naples,FL,USA
5818,Virgil Niculescu,Bucurest,Unknown,RO
5819,Phillip Fusilier,Eugene,OR,USA
5820,Munir Shahin,Millbrae,CA,USA
5821,Seyed Edalat,San Jose,CA,USA
5822,Matthew Smith,Cayce,SC,USA
5823,James Moutsatsos,Floral Park,NY,USA
5824,Ronit Aharoni,Las Vegas,NV,USA
5825,Jacob Phillips,Ozark,MO,USA
5826,Paul Francois Tedeschi,Bastia,Unknown,FR
5827,Tony Nardi,Verona,WI,USA
5828,Jeffery Esterling,Arnold,MD,USA
5829,Yosef Hooshyar,Norman,OK,USA
5830,Ariel Celestino Silveira,Rio De Janeiro,Unknown,BR
5831,Nipun Java,Northridge,CA,USA
5832,Jacob Panzeri,Boise,ID,USA
5833,Dustin Fox,Zephyr Cove,NV,USA
5834,Artin Ouzenian,Temple City,CA,USA
5835,Ian Sandler,New York,NY,USA
5836,Michael Labarbera,San Jose,CA,USA
5837,Konstantin Puchkov,Moscow,Unknown,RU
5838,Kelaerin Bax,Peru,IN,USA
5839,Michael Moed,Miami Beach,FL,USA
5840,Mark Kehrees,Alexander,AR,USA
5841,Joseph Tieri,West Shokan,NY,USA
5842,Geoffrey Rasmussen,St Petersburg,FL,USA
5843,Shane Liles,Long Beach,CA,USA
5844,Gennady Shimelfarb,Apple Valley,MN,USA
5845,Antonio Luft,Montenegro,Unknown,BR
5846,John Andress,Doylestown,PA,USA
5847,Duane Wellnitz,Phoenix,AZ,USA
5848,Michael Shklover,Stamford,CT,USA
5849,Mark Nguyen,San Diego,CA,USA
5850,Ruth Graham,Denver,CO,USA
5851,Benton Blakeman,Las Vegas,NV,USA
5852,Jonathan McCann,Cumbria,Unknown,GB
5853,Sam Jaddi,Pembroke Pines,FL,USA
5854,Aaron Painter,Sachse,TX,USA
5855,Mike Sowers,Charlotte,NC,USA
5856,Vincent Ciarrocchi,Whitsett,NC,USA
5857,Tim Stansifer,Rockledge,FL,USA
5858,Zachary Sloane,Raleigh,NC,USA
5859,Robert Mapp,Edisto Island,SC,USA
5860,Richard Dubini,Buenos Aires,Unknown,AR
5861,Zach Hall,Mount Airy,MD,USA
5862,Ian Simpson,Cramlington,Unknown,GB
5863,Serge Demers,Wallingford,CT,USA
5864,Morgan Popham,Marietta,GA,USA
5865,Joshua Reynolds,Fairlawn,VA,USA
5866,Benjamin Herman,Las Vegas,NV,USA
5867,Matthew Kuba,Marietta,OH,USA
5868,Michael Slate,Palestine,TX,USA
5869,Garrett Mcfarland,Las Vegas,NV,USA
5870,Alexander Yen,Lisle,IL,USA
5871,Jason Wheeler,Chicago,IL,USA
5872,Peter Kaemmerlen,Fairport,NY,USA
5873,Robert Kokoska,Unknown,Unknown,CZ
5874,Thomas Ward,Wellington,Unknown,NZ
5875,Ismael Bojang,Vienna,Unknown,AT
5876,Carlos Villareal,Las Vegas,NV,USA
5877,Dermot Blain,Killysbegs,Unknown,IE
5878,Ahmed Amin,Seattle,WA,USA
5879,Mark Evangelista,Cary,NC,USA
5880,Ira Lampley,Checotah,OK,USA
5881,Nick Tsoukalas,Las Vegas,NV,USA
5882,Artem Kobylynskyi,Kiev,Unknown,UA
5883,Victor Morange,New York,NY,USA
5884,Cliff Goldkind,Potomac,MD,USA
5885,Michael Reisner,Channahon,IL,USA
5886,Tom Thomas,Albertson,NY,USA
5887,Alfie Adam,London,Unknown,GB
5888,Martin Verdegaal,Hanford,CA,USA
5889,Faraz Jaka,Unknown,Unknown,USA
5890,Iori Yogo,Nagoya,Unknown,JP
5891,Darren Hill,Canterbury,Unknown,GB
5892,David Bortolucci,Los Angeles,CA,USA
5893,Steve Tripp,Lindsay,ON,CA
5894,Thomas Winters,San Angelo,TX,USA
5895,Derek Lerner,Montreal,QC,CA
5896,Chris Lee,Clarksville,MD,USA
5897,Daniel Letts,Miami,FL,USA
5898,Arthur Morris,Plano,TX,USA
5899,Matthew Shihadeh,Las Vegas,NV,USA
5900,Michael Smith (SK),Saskatoon,SK,CA
5901,Jason White,Huntersville,NC,USA
5902,Nicholas Heather,Dublin,Unknown,IE
5903,Rickie Vedhara,Tyne Wear,Unknown,GB
5904,Duc Nguyen,Brampton,ON,CA
5905,Kel Douglas,Santa Rosa,CA,USA
5906,John Eames,Southport,Unknown,GB
5907,Sergio Muniz,Monterrey,Unknown,MX
5908,Timothy Cramer,Costa Mesa,CA,USA
5909,Hyong Kim,Rockville,MD,USA
5910,Maximilian Hornung,Unknown,Unknown,DE
5911,Brett Trevillian,Macquarie Hills,Unknown,AU
5912,Douglas Songer,Dayton,OH,USA
5913,John Cecil Owens,Raleigh,NC,USA
5914,Peter Hong,Queens,NY,USA
5915,Paul Temme,Houston,TX,USA
5916,Gerald Taylor,New York,NY,USA
5917,Rory Brown,Galway,Unknown,IE
5918,Alexander Sokolovsky,Holon,Unknown,IL
5919,Tony Blanchandin,Unknown,Unknown,FR
5920,Jesse Wilke,Kenmore,WA,USA
5921,Andrew Kloc,Naugatuck,CT,USA
5922,John Hoppmann,Edina,MN,USA
5923,Joseph Hebda,Saint John,IN,USA
5924,Daniel Lee,Seoul,Unknown,KR
5925,Luis Flores,Chandler,AZ,USA
5926,Juan Ramirez,Harlingen,TX,USA
5927,Johnnie Moreno,Las Vegas,NV,USA
5928,Cameron Smith,Cameron Park,CA,USA
5929,Danny Blair,London,Unknown,GB
5930,Austin Buchanan,Winter Park,FL,USA
5931,Trevor Whiteway,Newton   Abbot,Unknown,GB
5932,Niel Mittelman,Libertyville,IL,USA
5933,James Engelbrecht,Manitowoc,WI,USA
5934,Brent Taunton,Unknown,Unknown,AU
5935,Steven Levy,Peabody,MA,USA
5936,Julio Belluscio,Buenos Aires,Unknown,AR
5937,Paul Niemela,Las Vegas,NV,USA
5938,Pablo Fernandez,London,Unknown,GB
5939,Thomas Giorgi,Brandon,FL,USA
5940,Viktors Vorobjovs,Riga,Unknown,LV
5941,Maria Mayrinck,Rio De Janeiro,Unknown,BR
5942,Paul Bianchi,Chicago,IL,USA
5943,Kazuki Ikeuchi,Tokyo,Unknown,JP
5944,Carles Escobedo,London,Unknown,GB
5945,Andreas Jesse,Eitelboru,Unknown,DE
5946,Mats Karlsson,Ibrax,Unknown,SE
5947,Ben Warrington,Cardiff,Unknown,GB
5948,Howard Diamond,Deerfield,IL,USA
5949,Kojiro Mizukami,Okinawa Nahacit,Unknown,JP
5950,Aaron Wilt,Kansas City,MO,USA
5951,Victor Podofedenko,Unknown,Unknown,RU
5952,Yosuke Sekiya,Matuyama City,Unknown,JP
5953,Jeremy Jagoda,Leawood,KS,USA
5954,Hilton Laborda,Adrianopolis,Unknown,BR
5955,Vien Nguyen,Houston,TX,USA
5956,George Wolff,Portland,OR,USA
5957,Mark Hughes,Vancouver,BC,CA
5958,Artem Litvinov,Saint Petersburg,Unknown,RU
5959,Michael Snorden,Indianapolis,IN,USA
5960,Minho Choe,Fulton,MD,USA
5961,Michael Dwyer,Las Vegas,NV,USA
5962,Jeffrey Saunders,Chestnut Hill,MA,USA
5963,Alan Brodsky,Rochester,NY,USA
5964,Gabe Patgorski,Las Vegas,NV,USA
5965,William Gottman,Saint Charles,MO,USA
5966,Griffin Paul,Northridge,CA,USA
5967,Perry Rouzes,Cape St George,NL,CA
5968,Tony Hoang,Edmonton,AB,CA
5969,Frank Goulard,Oregon City,OR,USA
5970,Timothy Kickling,Altrincham,Unknown,GB
5971,Tom Brownscombe,Lindsborg,KS,USA
5972,Tatiana Barausova,Luga,Unknown,RU
5973,Andy Hwang,Sugarland,TX,USA
5974,John Ku,New York,NY,USA
5975,Ben Keeline,Denver,CO,USA
5976,Mark Desomma,Fort Myers,FL,USA
5977,Brian Reardon,Voorhees,NJ,USA
5978,Brendan Wiley,South Lake Tahoe,CA,USA
5979,Roger McDow,Las Vegas,NV,USA
5980,Sebastian Salm,Trevor,WI,USA
5981,Paul Mikos,Rock Hill,SC,USA
5982,Lisa Nomura,Carpinteria,CA,USA
5983,Elliott Zaydman,Coconut Creek,FL,USA
5984,Eric Hicks,El Segundo,CA,USA
5985,Vera Kelleher,London,Unknown,GB
5986,Rocky McNatt,El Dorado,CA,USA
5987,Eduards Rakuss,Unknown,Unknown,LV
5988,Peter Kotsiopoulos,Barrington,IL,USA
5989,David W. Smith,Avon Park,FL,USA
5990,Gregory Miller,Corning,NY,USA
5991,Duncan Rawlings,Greenwood,SC,USA
5992,JJ Liu,Las Vegas,NV,USA
5993,Wesley Chong,Reno,NV,USA
5994,Darren Rabinowitz,Las Vegas,NV,USA
5995,Johnathan Gonzales,Hacienda Hts,CA,USA
5996,Jared Nelson,E Syracuse,NY,USA
5997,Eduardo Fernandes,Rio De Janeiro,Unknown,BR
5998,Danny Illingworth,Carlsbad,CA,USA
5999,Gary Dolenga,La Quinta,CA,USA
6000,Jonathan Little,Las Vegas,NV,USA
6001,George Griffith,St.Michael,Unknown,BB
6002,Shachar Regev,Alon Hagalil,Unknown,IL
6003,Jeremy Stein,Washington,DC,USA
6004,Donald Cohn,Lakewood,CA,USA
6005,Anders Fjellstrom,Gothenbug,Unknown,SE
6006,Mark Stephens,Forest Lake,MN,USA
6007,Mark Mitzel,Fresno,CA,USA
6008,Matthew Kassela,Memphis,TN,USA
6009,Taylor Cuccia,Lake Geneva,WI,USA
6010,Colin Bernard,Truro,Unknown,CA
6011,Anders Burke,San Diego,CA,USA
6012,Alexander Shevlyakov,Bays,KY,USA
6013,Arpad Balazs,Ottobrunn,Unknown,DE
6014,Jared Rubin,Brighton,MA,USA
6015,Christos Papulis,Las Vegas,NV,USA
6016,Christopher Sensoli,Sterling Heights,MI,USA
6017,Jenn Malensek,Macedonia,OH,USA
6018,Ping Liu,Chicago,IL,USA
6019,Larry Ormson,Elroy,WI,USA
6020,Vegard Nygaard,Oslo,Unknown,NO
6021,Ajaykumar Karanam,Redmond,WA,USA
6022,Mathew Moore,Las Vegas,NV,USA
6023,Paul Klann,Richmond,BC,CA
6024,Rupesh Pattni,Duarte,CA,USA
6025,Ali Davar,Vancouver,BC,CA
6026,Wladimir Stepanian,Unknown,Unknown,NL
6027,David Tannenholz,Pittsburgh,PA,USA
6028,Eric Kitain,Sleepy Hollow,NY,USA
6029,Siuyuen Chow,Monterey Park,CA,USA
6030,Cory Cunningham,Lafayette,IN,USA
6031,Jeffrey Robbins,Fishers,IN,USA
6032,Tim Burt,Biloxi,MS,USA
6033,Michael Sabat,New York,NY,USA
6034,Michael Orgettas,Peabody,MA,USA
6035,Robert Benzel,Owasso,OK,USA
6036,Fernando Diaz,Miami,FL,USA
6037,Brett Reinhart,La Porte,IN,USA
6038,Frederic Bertrand,Clermont Ferrand,Unknown,FR
6039,James Tilton,Los Angeles,CA,USA
6040,Gregory Josifovski,Sterling Heights,MI,USA
6041,Aaron Bichler,Beuern,Unknown,DE
6042,John Sacha,Denver,CO,USA
6043,Robert Baker,Wheeling,WV,USA
6044,Tore Lukashaugen,London,Unknown,GB
6045,Nicolas Halvorson,Vaughn,WA,USA
6046,Joe Kuether,Elm Grove,WI,USA
6047,Jeffrey Weil,Richfield,OH,USA
6048,Anthony Lamb,Cathedral City,CA,USA
6049,Matt Kramer,Rancho Cordova,CA,USA
6050,Laurence Grondin,Montreal,QC,CA
6051,Avery Cardoza,Las Vegas,NV,USA
6052,Ryan Drossel,San Dimas,CA,USA
6053,William Garcia,Fullerton,CA,USA
6054,Colin Moffatt,Aurora,Ont,CA
6055,Peter Nigh,Saint Louis,MO,USA
6056,John Farmer,Ashland,OR,USA
6057,Michael Benvenuti,Las Vegas,NV,USA
6058,Samuel Bailey,Gulf Breeze,FL,USA
6059,James Cutts,Reston,VA,USA
6060,Alex Tran,Fountain Valley,CA,USA
6061,Robert Emery,Orchard Lake,MI,USA
6062,Deip Paul,San Jose,CA,USA
6063,Jean-Nicolas Fortin,Saint-Augustin-De-Desmaur,Unknown,CA
6064,Michael Giaimo,Flemington,NJ,USA
6065,Ignacio Sanchez,Reedley,CA,USA
6066,Ryan Julius,Peoria,IL,USA
6067,Hannes Speiser,Vienna,Unknown,AT
6068,Vince Saiki,Los Angeles,CA,USA
6069,Grzegorz Derkowski,Hamburg,Unknown,DE
6070,Cody Gorman,Gloucester City,NJ,USA
6071,Timothy Mina,Chandler,AZ,USA
6072,Amir Wahab,Apple Valley,CA,USA
6073,John Stolzmann,Waunakee,WI,USA
6074,Angel Guillen,Colonia Del Valla,Unknown,MX
6075,Ali Rabah,Edmonton,AB,CA
6076,Rafael Pardo,Popayan,Unknown,CO
6077,Ryan Mackinnon,Fredericton,NB,CA
6078,Ryan Smith (SK),Saskatoon,SK,CA
6079,Daniel Rohde,New York,NY,USA
6080,Mikhaily Alkhazov,Lynn,MA,USA
6081,Steve Ryan,New York,NY,USA
6082,Yuri Siniak,Thornhill,ON,CA
6083,Rodney Doran,Parquette Heights,IL,USA
6084,Adam Dahlin,Maple Grove,MN,USA
6085,Jonathan Hart,Jackson,MS,USA
6086,Simon Brandstrom,Stockholm,Unknown,SE
6087,Hong Thi Nguyen,Evansville,IN,USA
6088,Ben Yu,Las Vegas,NV,USA
6089,Christopher Whitcomb,Las Vegas,NV,USA
6090,Theodoros Aidonopolos,Thessaloniki,Unknown,GR
6091,Elias Francis,Vienna,VA,USA
6092,Richard Tatalovich,Pittsburgh,PA,USA
6093,Andrew Bucaric,Brentwood,TN,USA
6094,Richard Bruning,Jamul,CA,USA
6095,Jeffrey Rothney,Georgetown,Unknown,CA
6096,Matt Lushin,Noblesville,IN,USA
6097,Bradley Craig,Cleveland,OH,USA
6098,Rick Stockfield,Patterson,NY,USA
6099,Magnus Rasmusse Vadla,Sandnes,Unknown,NO
6100,Diego Arbuello,Unknown,Unknown,AR
6101,Timpson Luk,Unknown,Unknown,HK
6102,Michael Kleinecke,Potsdam,Unknown,DE
6103,Darren Keyes,St Catharines,ON,CA
6104,Andrew Scott,Hong Kong,Unknown,HK
6105,Thiago Nishijima,Sao Paulo,Unknown,BR
6106,Joshua Suyat,Kahului,HI,USA
6107,Derek Burns,Kennewick,WA,USA
6108,Steve Chanthabouasy,Clackamas,OR,USA
6109,Edward Reinle,Hamburg,NJ,USA
6110,Thomas Lynde,Harrisburg,SD,USA
6111,James Duncan,Fishers,IN,USA
6112,Justin Iovanne,Bellingham,WA,USA
6113,Blake Whittington,Wildwood,FL,USA
6114,Stephen Kats,Omaha,NE,USA
6115,Miles Van De Velde,Middle Park,Unknown,AU
6116,Lawrence Beach,Decatur,GA,USA
6117,Cuong Van Nguyen,Houston,TX,USA
6118,Jan-Eric Schwippert,Stuttgart,Unknown,DE
6119,Darren Li,Sydney,Unknown,AU
6120,Joseph Russo,Brooklyn,NY,USA
6121,Justin Gardenhire,Wagoner,OK,USA
6122,Josh Weiss,La Jolla,CA,USA
6123,Bryan Baird,Nashville,TN,USA
6124,Garilyn Nelson,Ogden,UT,USA
6125,Ryan Tepen,Bowling Green,MO,USA
6126,Paul Nguyen,Las Vegas,NV,USA
6127,Jeremy Dresch,Fridley,MN,USA
6128,Robert Stine,North Plainfield,NJ,USA
6129,Monte Hoover,Steubenville,OH,USA
6130,Alexandre Crouan,Boulogne Billancourt,Unknown,FR
6131,Dylan Easley,Fredricksburg,TX,USA
6132,Gregory Higginbotham,Janesville,WI,USA
6133,Hyoung Chae,Bellevue,WA,USA
6134,Ben Sarnoff,San Francisco,CA,USA
6135,J.R. Richards,Denver,CO,USA
6136,Brian Wilson,Sault Ste Marie,ON,CA
6137,Yngve Steen,Unknown,Unknown,NO
6138,Stephen Bristow,Port St. Lucie,FL,USA
6139,Peter Everett,Fairfield,CT,USA
6140,Jianming Zeng,Ann Arbor,MI,USA
6141,James Gilbert,Bensalem,PA,USA
6142,Marijn Van Puffelen,Unknown,Unknown,NL
6143,Gabriel Davis,Wylie,TX,USA
6144,Valentin Moroeanu,Tulera,Unknown,RO
6145,Tom Cannuli,Cape May,NJ,USA
6146,Randy Ohel,Henderson,NV,USA
6147,Zhen Cai,Lake Worth,FL,USA
6148,John Dwyer,Columbus,OH,USA
6149,Kori Hunter,Columbia,MD,USA
6150,Joshua Beckley,Marlton,NJ,USA
6151,Ofer Zvi Stern,Herzilya,Unknown,IL
6152,Federico Butteroni,Rome,Unknown,IT
6153,Patrick Chan,Brooklyn,NY,USA
6154,Alexander Turyansky,Sourbruden,Unknown,DE
6155,George McDonald,Glasgow,Unknown,GB
6156,Justin Schwartz,Milford,CT,USA
6157,Thomas Kearney,Las Vegas,NV,USA
6158,Dave Stefanski,East Lyme,CT,USA
6159,Kilian Kramer,Vienna,Unknown,AT
6160,Erasmus Morfe,Highlands Ranch,CO,USA
6161,John Allan Hinds,Fort Lee,NJ,USA
6162,Mario Sequeira,Hanford,CA,USA
6163,Chris Brand,Little Egg Harbor Twp,NJ,USA
6164,Fedor Holz,Unknown,Unknown,DE
6165,Chad Power,Pittsburgh,PA,USA
6166,James Magner,Woodbridge,CT,USA
6167,Kelly Minkin,Tucson,AZ,USA
6168,Wasim Ahmar,Longwood,FL,USA
6169,Randall Clinger,Columbus,OH,USA
6170,Jake Toole,Hoboken,NJ,USA
6171,Chun Law,Cordova,TN,USA
6172,Upeshka De Silva,Katy,TX,USA
6173,Arman Soltani,Toronto,ON,CA
6174,Shai Zurr,Petach Tikva,Unknown,IL
6175,Thomas Paul,New York,NY,USA
6176,Curtis Anderson,Provo,UT,USA
6177,Thomas Arvidsson,Stockholm,Unknown,SE
6178,Charles Chattha,London,Unknown,GB
6179,Robert Mitchell,Prairie Du Sac,WI,USA
6180,Toby Lewis,Eastleigh,Unknown,GB
6181,Amar Anand,Shrewbury,MA,USA
6182,Dmitry Chop,Unknown,Unknown,UA
6183,Christopher Horter,Bensalem,PA,USA
6184,Brad St. Vincent,Bristol,RI,USA
6185,Jonas Mackoff,Vancouver,BC,CA
6186,Francisco Soares,Coimbra,Unknown,PT
6187,Gabi Livshitz,Ashkelon,Unknown,IL
6188,Lucas Fauth,Flho,Unknown,BR
6189,Bruce Peery,Dickson,TN,USA
6190,Marcus Van Opzeeland,Arbella,Unknown,NL
6191,Stephen Lichtenberger,Elwood,NY,USA
6192,Manuel Blaschke,Vienna,Unknown,AT
6193,Tai Nguyen,Olympia,WA,USA
6194,Andrew Rudnik,Arlington,VA,USA
6195,Carl Diveglia,Albany,NY,USA
6196,Diana Svensk,Stockholm,Unknown,SE
6197,Jonathan Faltz,Ijamsville,MD,USA
6198,Tony Tran,Philadelphia,PA,USA
6199,JeWook Oh,Fresh Meadows,NY,USA
6200,Richard Barabino,New York,NY,USA
6201,Trevor Pearlman,Dallas,TX,USA
6202,Peyman Luth,Galway,Unknown,AU
6203,Daniel Bak,East Hanover,NJ,USA
6204,Alan Wentz,Lancaster,OH,USA
6205,Yuri Dzivielevski,Florianopolis,Unknown,BR
6206,Clayton Fletcher,New York,NY,USA
6207,Thomas Larue,Knoxville,TN,USA
6208,Jonathan Hilton,Chattanooga,TN,USA
6209,Yosef Fox,Long Grove,IL,USA
6210,Alejandro Duque,Miami,FL,USA
6211,Jean-Pascal Savard,Saint-Augustin-De-Desmaur,QC,CA
6212,Declan Connolly,Dublin,Unknown,IE
6213,Sohale Khalili,Los Angeles,CA,USA
6214,Salvatore DiCarlo,Las Vegas,NV,USA
6215,Luther Tran,Bayou La Batre,AL,USA
6216,Georges Georgiou,Unknown,Unknown,CY
6217,Donald Blum,Fountain Valley,CA,USA
6218,Antonio Payne,Hazlet,NJ,USA
6219,Dax Greene,Boston,MA,USA
6220,Norbert Szecsi,Budapest,Unknown,HU
6221,Jay Sharon,Fresh Meadows,NY,USA
6222,Tom Bedell,Benidorm,Unknown,NO
6223,Ramon Vaz Sorgatto,Luziznia,Unknown,BR
6224,Carlos Difini,Unknown,Unknown,IT
6225,Anthony Venturini,Shelby Township,MI,USA
6226,Dustin Nelson,Minneapolis,MN,USA
6227,Omri Moga,Dollard-Des-Ormeaux,QC,CA
6228,Brannon Sawyer,Palm Beach Gardens,FL,USA
6229,Mikhail Semin,Moscow,Unknown,RU
6230,Lance Harris,Apple Valley,MN,USA
6231,Antonio Copo,San Juan,PR,PR
6232,David Repicky,Naples,FL,USA
6233,Noah Merritt,Vancouver,WA,USA
6234,Pavlin Karakikov,Staza Zagora,Unknown,BG
6235,Will Molson,Westmount,QC,CA
6236,Keith Donovan,New Milford,NJ,USA
6237,Felipe Ramos,Unknown,Unknown,BR
6238,Lily Newhouse,Middletown,PA,USA
6239,Brandon Fishman,San Diego,CA,USA
6240,Stephan Nussrallah,Alpharetta,GA,USA
6241,Steven Sollitto,East Meadow,NY,USA
6242,Ka Kwan Lau,Sha Tin,Unknown,HK
6243,Brian Mintz,Cloverdale,CA,USA
6244,Matt Glantz,Lafayette Hill,PA,USA
6245,Joshua Hertz,Chesterfield,NJ,USA
6246,Mitra Muehlman,Fairfield,IA,USA
6247,Jonas Hagstrom,Eskilstuna,Unknown,SE
6248,Orson Young,Oceanport,NJ,USA
6249,Richard Lee,Diamond Bar,CA,USA
6250,Shahriar Fahim,Redmond,WA,USA
6251,Tarun Gulati,Glastonbury,CT,USA
6252,William O'Neil,Berwyn Heights,MD,USA
6253,Elio Fox,New York,NY,USA
6254,Ville Mattila,Orimattila,Unknown,FI
6255,Kyle Loman,Las Vegas,NV,USA
6256,Jeremy Brown,Bloomington,IN,USA
6257,John Dungan,Santa Barbara,CA,USA
6258,Jae Kim,Fullerton,CA,USA
6259,Chad Walker,Gill,MA,USA
6260,Matthew Shafman,West Orange,NJ,USA
6261,David Stubbs,Victoria,Unknown,AU
6262,William Byrnes,Wentzville,MO,USA
6263,Andjelko Andrejevic,Miami,FL,USA
6264,Thiago Macedo,Ponta Grossa,Unknown,BR
6265,Terik Brown,Mercer Island,WA,USA
6266,Cole Jackson,Seattle,WA,USA
6267,Darius Studdard,Medford,NY,USA
6268,Phani Ramineni,Unknown,Unknown,IN
6269,Tuan Phan,Tucson,AZ,USA
6270,Ryan D'Angelo,Binghampton,NY,USA
6271,Gregory Maynard,Houston,TX,USA
6272,Yuliyan Kolev,Sofia,Unknown,BG
6273,Michael White,Ellington,CT,USA
6274,Phillip McAllister,Winchester,Unknown,GB
6275,David Yu,Foster City,CA,USA
6276,Mario Sanchez,Ringn De Victoria,Unknown,ES
6277,Jesse Howells,Cleveland,OH,USA
6278,Carlos Gonzalez,Monterrey,Unknown,MX
6279,John Fritzler,Berlin,Unknown,DE
6280,Michael Telker,Unknown,Unknown,USA
6281,Timothy Klemin,Magalia,CA,USA
6282,Piragibe Lindolfo,Eudora,Unknown,BR
6283,Alessio Fratti,Ferrara,Unknown,IT
6284,James Snyder,Oak Forest,IL,USA
6285,Damien Lhommeau,Le Puy Notre Dame,Unknown,FR
6286,Calvin Lee,Seoul,Unknown,KR
6287,Michael Laufer,Upper Saddle River,NJ,USA
6288,Kenneth Milam,La Place,LA,USA
6289,William Phillips,Metairie,LA,USA
6290,DJ Buckley,Eden Prairie,MN,USA
6291,Shawn Moore,Houston,TX,USA
6292,David Stamm,Granite Bay,CA,USA
6293,Asher Assis,Rishou Le Lion,Unknown,IL
6294,Fernando Perez,Mexico City,Unknown,MX
6295,Shawn Nguyen,Pennsauken,NJ,USA
6296,Sara Hall,Cleveland,OH,USA
6297,Matthew Dietrich,Centralia,ON,CA
6298,Daniel Fischer,Brigantime,NJ,USA
6299,Thomas Popov,Richmond,Unknown,CA
6300,Gjergj Sinishtaj,Sterling Heights,MI,USA
6301,Jonathan Arturo,Cali,Unknown,CO
6302,Jonathan Samuels,Montecito,CA,USA
6303,Ness Reilly,Boston,MA,USA
6304,Kyle Cartwright,Bartlett,TN,USA
6305,Takuya Suzuki,Minatoku,Unknown,JP
6306,Avinash Kataria,Kendall Park,NJ,USA
6307,Gary Cook,Ventura,CA,USA
6308,David Ormsby,Ottawa,ON,CA
6309,Ryan Hong,Box Hill,VIC,AU
6310,Heath Klock,San Diego,CA,USA
6311,Zach Daly,Stoneham,MA,USA
6312,Timothy Sheehan,Decatur,GA,USA
6313,Peter Raimondi,Grimsby,ON,CA
6314,Lenny DiCicco,San Jose,CA,USA
6315,Rafael Da Silva Moraes,Sao Paolo,Unknown,BR
6316,Bao Pham,Houston,TX,USA
6317,Joseph Gordon,Las Vegas,NV,USA
6318,J P,Unknown,Unknown,DE
6319,Petr Bartagov,Moscow,Unknown,RU
6320,John Cavanagh,Omaha,NE,USA
6321,David Gonia,White Bear Lake,MN,USA
6322,Shiv Bhandari,Swarthmore,PA,USA
6323,George Danzer,Unknown,Unknown,DE
6324,Lev Milman,Woodbury,NY,USA
6325,Jose Drilon,Quezon City,Unknown,PH
6326,Eunjong Kim,Unknown,Unknown,KR
6327,Fatima Moreira de Melo,Rotterdam,Unknown,NL
6328,Miguel Cieri,Unknown,Unknown,PH
6329,Yong Cho,Chicago,IL,USA
6330,Eric Eng,Livingston,NJ,USA
6331,Adalberto Elias,Unknown,Unknown,BR
6332,Michael Shanahan,Avon,IN,USA
6333,Harry Touil,Paris,Unknown,FR
6334,Jareth East,Redhill,Unknown,GB
6335,Marco Johnson,Walnut Creek,CA,USA
6336,Jason Roberts,Las Vegas,NV,USA
6337,Irina Batorevich,Moscow,Unknown,RU
6338,Nicholas Katz,Watford Horts,Unknown,GB
6339,Franco Mancini,Watertown,CT,USA
6340,Neehar Banerji,N Andover,MA,USA
6341,John Kugelman,Manassas Park,VA,USA
6342,Andre Akkari,Sao Paulo,Unknown,BR
6343,Peter Jaroslav,Frýdek-Místek,Unknown,CZ
6344,Jens Lakemeier,Unknown,Unknown,DE
6345,Fernando Araujo,Victoria,Unknown,BR
6346,Marc Bernal,Oak Forest,IL,USA
6347,Matthew Smith,Lithia,FL,USA
6348,Tyler Jackson,Portland,OR,USA
6349,Hamza Firdawcy,Montreal,QC,CA
6350,Ira Marcus,Coral Gables,FL,USA
6351,Andrew Magbual,Kihei,HI,USA
6352,Donato Alessi,Frankenthal,Unknown,DE
6353,Laurence Samet,Wellesley,MA,USA
6354,Vladislav Mezheritsky,Brooklyn,NY,USA
6355,Brian Deleon,Las Vegas,NV,USA
6356,Luke Bielawski,Indianapolis,IN,USA
6357,Declan Quinn,Danbury,CT,USA
6358,Daniel Bland,London,Unknown,GB
6359,Manuel Hoffman,Munich,Unknown,DE
6360,Austin Lewis,Waco,TX,USA
6361,Nick Blackburn,Longbottom,OH,USA
6362,Lee Markholt,Eatonville,WA,USA
6363,Daniel Bentley,Brooklyn,NY,USA
6364,Cory Drury,Florissant,MO,USA
6365,Samir Tageldin,Sidcup,Unknown,GB
6366,Thomas Crowley,Saint Clair,MI,USA
6367,Tyler Witteman,Sedona,AZ,USA
6368,Omri Shaked,Rishon Lezion,Unknown,IL
6369,Nicholas Wright,Sydney,Unknown,AU
6370,Michael Brady,Los Gatos,CA,USA
6371,Timo Pfutzenreuter,Unknown,Unknown,DE
6372,Ran Ilani,Tel Aviv,Unknown,IL
6373,Joseph Toles,Blanchester,OH,USA
6374,Gareth Struivig De Groot,Vancouver,BC,CA
6375,Ryan Irmick,Naperville,IL,USA
6376,Jonathan McGowan,Martinez,CA,USA
6377,Akash Malik,New Delhi,Unknown,IN
6378,Paul Fisher,Chicago,IL,USA
6379,Dan Larsen,Viborg,Unknown,DK
6380,Koray Aldemir,Vienna,Unknown,AT
6381,Scott Seamon,New York,NY,USA
6382,Adam Codron,Unknown,Unknown,GB
6383,Alex Goulder,Nottingham,Unknown,GB
6384,Samuel Bernstein,Engelwood,NJ,USA
6385,Adam Hui,Markham,ON,CA
6386,Vittario Iemolo,Sarasota,FL,USA
6387,Ryan Welch,Henderson,NV,USA
6388,Fraser MacIntyre,Ayr,Unknown,GB
6389,Casey Coughlan,San Diego,CA,USA
6390,Seffi J Lobel,Los Angeles,CA,USA
6391,Emmanuel Lopez,Caballito,Unknown,AR
6392,James Hawley,Stratford,Unknown,CA
6393,Bart Peppler,Elkridge,MD,USA
6394,James Mordue,Henderson,NV,USA
6395,Josip Simunic,Vienna,Unknown,AT
6396,Tommy Pope,Raleigh,NC,USA
6397,Joe Lu,Edmonton,AB,CA
6398,Andre Barrett,Toronto,ON,CA
6399,Mariano Martiradonna,Unknown,Unknown,IT
6400,Adam Furgatch,Marina Del Rey,CA,USA
6401,Ari Vilnius,Unknown,Unknown,LT
6402,Michael Conner,Deland,FL,USA
6403,Matt Vengrin,Henderson,NV,USA
6404,Mikhail Surin,Moscow,Unknown,RU
6405,Chris Chalfant,Russellville,AR,USA
6406,Andrea Cortellazzi,Cosio Valtellino,Unknown,IT
6407,Matt Zoorob,Las Vegas,NV,USA
6408,Jeffrey Yarchever,Costa Mesa,CA,USA
6409,Andrew Machover,Jericho,NY,USA
6410,Brian Lemke,Eagleville,PA,USA
6411,Christopher Drake,Leavenworth,KS,USA
6412,Menny Ben Haim,Jerusalem,Unknown,IL
6413,Timothy Ulmer,Malvern,PA,USA
6414,Ping Lin,Beijing,Unknown,CN
6415,George Powidzer,Sao Paulo,Unknown,BR
6416,Peter Akery,Bristol,Unknown,GB
6417,Buck Ramsay,Hamilton,ON,CA
6418,Michael Wakefield,Kissimmee,FL,USA
6419,Bo Shang,Burlington,MA,USA
6420,Phil Laak,Las Vegas,NV,USA
6421,Walter Fisher,Rego Park,NY,USA
6422,Chris Karambinis,Park Ridge,IL,USA
6423,Quan Tran,Monterey Park,CA,USA
6424,Thomas Taylor,Chestermere,AB,CA
6425,Edward Brogdon,Thorndale,AZ,USA
6426,Michael Forycki,Brampton,ON,CA
6427,David L'Honore,Newport Paghnell,Unknown,GB
6428,David Cherry,West Chester,PA,USA
6429,John Sorgen,West Bloomfield,MI,USA
6430,Peter Brown,Alameda,CA,USA
6431,Jeffrey Schnettler,Cold Spring,MN,USA
6432,James Lambert,Lake St Louis,MO,USA
6433,Sean Troha,North Olmsted,OH,USA
6434,Chad Wassmuth,Lewiston,ID,USA
6435,Dustin Centanni,Coquitlam,BC,CA
6436,Dmitry Kataev,Kirov,RU,RU
6437,Ajay Chabra,Hoboken,NJ,USA
6438,Binh Nguyen,Portland,OR,USA
6439,Jason Kim (LA),Los Angeles,CA,USA
6440,Govert Metaal,The Hague,Unknown,NL
6441,Benjamin Vinson,Unknown,Unknown,GB
6442,Shawn Van Asdale,Reno,NV,USA
6443,Florian Koessler,Innsbruck,Unknown,AT
6444,Tomas Teran,Lake Charles,LA,VE
6445,Richard Tuhrim,New York,NY,USA
6446,John Corzine,Cordova,TN,USA
6447,Maxime Chilaud,Unknown,Unknown,FR
6448,James Juvancic,Westchester,IL,USA
6449,Peter Spreadbury,Oak Forest,IL,USA
6450,Joep Raemaekers,Swieqi,Unknown,MT
6451,Arturo Ortuno,San Diego,CA,USA
6452,Luis Garla,Unknown,Unknown,BR
6453,Scott Margereson,Chesterfield,Unknown,GB
6454,John Hunt,Franklin,KY,USA
6455,Zu Zhou,Temple City,CA,USA
6456,Lawrence Ramos,Bakersfield,CA,USA
6457,Mark Davidoff,Penn Valley,PA,USA
6458,Yehoram Houri,Paris,Unknown,FR
6459,Leonard Eisenhart,Fleetwood,PA,USA
6460,Steven Piper,Fort Lauderdale,FL,USA
6461,Randal Flowers,Winterville,NC,USA
6462,Andrew Sullivan,Las Vegas,NV,USA
6463,Brady Bullard,Edmond,OK,USA
6464,Andy Spears,Buffalo,NY,USA
6465,Mark DeLuca,Roseboro,NC,USA
6466,Andrew Kay,Inverness,IL,USA
6467,Robert Savage,Crane,MO,USA
6468,Lucuas Wise,Nashville,TN,USA
6469,Max Gruvaeus,Stockholm,Unknown,SE
6470,Jonathan Delong,Williamsville,NY,USA
6471,Dashrath Dhawan,Dubai,Unknown,AE
6472,Jamie Roberts,London,Unknown,GB
6473,Thomas Yates,Rhodes,Unknown,GR
6474,William Tays,Mill Creek,WA,USA
6475,John Navarro,Los Angeles,CA,USA
6476,Timothy Moore,Wilkinson,WV,USA
6477,Michael Devinsky,Scottsdale,AZ,USA
6478,Benjamin Aicholtz,Cincinnati,OH,USA
6479,Sean Hegarty,West Barnstable,MA,USA
6480,Edgard Cabacas,Barcelona,Unknown,ES
6481,Tom Dobrilovic,West Nyack,NY,USA
6482,Shane Klasnimi,Arcadia,CA,USA
6483,Andrew Gaw,Unknown,Unknown,PH
6484,Justin Pechie,Phoenix,AZ,USA
6485,Ethan Schapira,Dobbs Ferry,NY,USA
6486,Anthony Lategano,Patchogue,NY,USA
6487,Marco Liesy,Speyer,Unknown,DE
6488,Javier Garcirreynaldos,Madrid,Unknown,ES
6489,Jonathan Borenstein,Teaneck,NJ,USA
6490,David Novak,Cherry Hill,NJ,USA
6491,Borja Gross,Bournemouth,Unknown,GB
6492,Daniel Bartel,Portland,OR,USA
6493,Stelios Pantazopoulos,Newton,MA,USA
6494,Aaron Been,Tallahassee,FL,USA
6495,Ilya Shpiner,Calabasas,CA,USA
6496,Dennis Grizzle,Frederick,MD,USA
6497,Moon Kim,Dublin,CA,USA
6498,Jonathan Gilliam,Rosedale,MD,USA
6499,Ricky Chow,Coquitlam,BC,CA
6500,Artur Rudziankov,Prague,Unknown,CZ
6501,Michael Michnik,Piscataway,NJ,USA
6502,Brandon Caputo,Orlando,FL,USA
6503,Ryan Patchell,Decatur,GA,USA
6504,William Wachter,Mahopac,NY,USA
6505,Mike Deis,East Lansing,MI,USA
6506,Atanas Kavrakov,Plovdiv,Unknown,BG
6507,Troy Repp,Topeka,KS,USA
6508,Yueqi Wang,Chicago,IL,USA
6509,Hugh Thomas Cross,Westfield,IN,USA
6510,Felix Schulze,Berlin,Unknown,DE
6511,Tanios Abi-Yaghi,Toms River,NJ,USA
6512,Karle Wilson,Las Vegas,NV,USA
6513,Jerry Humphrey,Gibsonia,PA,USA
6514,Stephen Costello,East Longmeadow,MA,USA
6515,Hugo Perez,Plano,TX,USA
6516,Armin Mette,Unknown,Unknown,DE
6517,Craig Bateman,Devon,PA,USA
6518,Jeremy Menard,Raleigh,NC,USA
6519,Michael Wynn,Las Vegas,NV,USA
6520,John Hayes,Saint Paul,MN,USA
6521,Daniel Simms,Norman,OK,USA
6522,Roman Yitzhaki,Tenafly,NJ,USA
6523,Jeffrey Tanouye,Las Vegas,NV,USA
6524,Michael Monaco,Davie,FL,USA
6525,Jennifer Powers,New York,NY,USA
6526,John Lasso,Newport Beach,CA,USA
6527,Nick Petrangelo,Feeding Hills,MA,USA
6528,Miguel Proulx,Quebec City,QC,CA
6529,Alan Mastic,Reno,NV,USA
6530,Ali Shojania,San Diego,CA,USA
6531,Jacob Kipfer,London,ON,CA
6532,Louise Francoeur,Las Vegas,NV,USA
6533,Joseph Abrams,Franklin Lakes,NJ,USA
6534,Fu Wong,Chandler,AZ,USA
6535,Ross Bybee,Mckinney,TX,USA
6536,Davis Bowen,Lumberton,NC,USA
6537,Jerson Backmann,Torreon,Unknown,MX
6538,Wenlin Wang,Shanghai,Unknown,CN
6539,Michael Blanovsky,Staten Island,NY,USA
6540,Bryce Yockey,Los Angeles,CA,USA
6541,Albert Gutierrez,Vacaville,CA,USA
6542,Zachary Gruneberg,Boalsburg,PA,USA
6543,Angie Gelinas,Calgary,AB,CA
6544,Reuben Hoang,El Monte,CA,USA
6545,Giuseppe Pantaleo,Bielefeld,Unknown,DE
6546,Kirk Shelmerdine,Winston-Salem,NC,USA
6547,Albert Murray,Gladstone,MI,USA
6548,Kenneth Conoley,Coppell,TX,USA
6549,Kenneth Golden,Morristown,NJ,USA
6550,Luke Donato,Hoboken,NJ,USA
6551,Joseph Headrick,Adair,OK,USA
6552,Eli Kim,Little Ferry,NJ,USA
6553,Vatche Tatikian,Altadena,CA,USA
6554,Shane Warne,Melbourne,Victoria,AU
6555,Philip Carey,Haverfordwest,Unknown,GB
6556,Matthew Plecki,Lemont,IL,USA
6557,David Jackson,Jacksonville,FL,USA
6558,Luke Marsh,Scunthorpe,Unknown,GB
6559,John Gallaher,Lebanon,TN,USA
6560,Sebastian Saffari,London,Unknown,GB
6561,Dennis Morris,Bethpage,NY,USA
6562,Anthony Picault,Belley,Unknown,FR
6563,Scott Francis,Marysville,OH,USA
6564,Andrew Stringer,New Orleans,LA,USA
6565,Eli Berg,Newtonville,MA,USA
6566,Rumen Nanev,Varna,Unknown,BG
6567,Jacob Baumgartner,Kalamazoo,MI,USA
6568,Pat Lyons,Hillsborough,CA,USA
6569,Ted Leva,Houston,TX,USA
6570,Timothy Acker,Las Vegas,NV,USA
6571,Mark Simmerman,Napa,CA,USA
6572,Victor Nunez,Calle Isla Santa Catacina,Unknown,MX
6573,Prince Cassell,Corona,CA,USA
6574,Michael Seago,Grosse Pointe Shores,MI,USA
6575,Stephen Dodd,Cave Spring,GA,USA
6576,Sonu Sharma,Edmonton,AB,CA
6577,Byron Haas,Carrollton,OH,USA
6578,David Wiese,Unknown,Unknown,DE
6579,Lucas Priour,Austin,TX,USA
6580,Renhao Zhang,Vancouver,BC,CA
6581,Joshua Tekesky,Kent,OH,USA
6582,Dennis Owen,Amarillo,TX,USA
6583,Cathy Schenone,Elmira,NY,USA
6584,Jesus Sanchezblanco,Salamanca,Unknown,ES
6585,Valdet Kelmendi,Staten Island,NY,USA
6586,Aaron Zody,Terre Haute,IN,USA
6587,Jason Ke,Las Vegas,NV,USA
6588,Marko Neumann,Recklinghausen,Unknown,DE
6589,Thomas Bosko,Palisade,CO,USA
6590,Armin Ojani,Coquitlam,BC,CA
6591,Ben Volpe,Chicago,IL,USA
6592,Joshua Ladines,Tampa,FL,USA
6593,Ro Park,Unknown,Unknown,KR
6594,Taylor Black,Santa Cruz,CA,USA
6595,Dan Healey,Fort Gratiot,MI,USA
6596,Istvan Toro,Budapest,Unknown,HU
6597,Aaron Wrightsman,Henderson,NV,USA
6598,Dick Hanley,Reno,NV,USA
6599,Spencer Uniss,Boulder,CO,USA
6600,Matthew Kirby,Bemidji,MN,USA
6601,Genefredo Legaspi,Los Angeles,CA,USA
6602,Jeannette Levitt,Chicago,IL,USA
6603,David Greene,Luton,Unknown,GB
6604,Jonathan Somekh,London,Unknown,GB
6605,Keith Tilston,Austin,TX,USA
6606,Vanja Ovuka,Belgrade,Unknown,RS
6607,Joshua Gordon,Silver Spring,MD,USA
6608,Bjorn Gravlien,Unknown,Unknown,NO
6609,Toby Joyce,Galway,Unknown,IS
6610,Terry Williams,Yankton,SD,USA
6611,Kim Kursch,Kehl,Unknown,DE
6612,Joseph Bower,Lethbridge,AB,CA
6613,Jerome Ogrodzki,Reigate,Unknown,GB
6614,Robert Stan,Bridgeport,CT,USA
6615,Larry Quang,El Monte,CA,USA
6616,Ofir Mor,Woodmere,NY,USA
6617,Daniel McAulay,Glasgow,Unknown,GB
6618,Christopher Gordon,Southend-On-Sea,Unknown,GB
6619,Thomas Boivin,Charleroi,Unknown,BE
6620,Kristina Holst,Palo Alto,CA,USA
6621,Eddy Asady,San Diego,CA,USA
6622,Phillippe Ktorza,Paris,Unknown,FR
6623,Blake Luther,Chesterfield,MI,USA
6624,Jonathan Panagrossi,Marshfield,MA,USA
6625,David Scatchard,Scottsdale,AZ,USA
6626,Jia Tse,Las Vegas,NV,USA
6627,Brian Malik,Pittsburgh,PA,USA
6628,Yervand Boyadjian,Sunnyside,NY,USA
6629,Pearce Arnold,Washington,DC,USA
6630,Louis Boutin,Laval,QC,CA
6631,Christopher Estenssoro,Naperville,IL,USA
6632,Henry Lu,Brooklyn,NY,USA
6633,Chris Bell,Portsmouth,Unknown,GB
6634,Philip Cordano,Charlottesvle,VA,USA
6635,Yegor Tsurikov,Walnut Creek,CA,USA
6636,Dominic Conte,Seven Hills,OH,USA
6637,Andrew Robinson,Georgetown,TX,USA
6638,Angelo Mancini,Unknown,Unknown,IT
6639,Marc Foggin,Newcastle Upon Tyne,Unknown,GB
6640,Nghia Le (FL),Jacksonville,FL,USA
6641,Aaron Johnson (MN),Red Wing,MN,USA
6642,Sean Kraper,Apopka,FL,USA
6643,William Kakon,Unknown,Unknown,MA
6644,Jeffrey Wigh,Saint Joseph,MO,USA
6645,Nancy Eckels,Canyon Cntry,CA,USA
6646,Maxim Panyak,Ekaterinburg,Unknown,RU
6647,Christopher Blik,Wyoming,MI,USA
6648,Stephen Helfeld,New York,NY,USA
6649,Aric Erickson,Chico,CA,USA
6650,Tuan Nguyen,Newport Coast,CA,USA
6651,Thomas Ryan,Midlothian,IL,USA
6652,Michael Bubis,Brentwood,TN,USA
6653,Yury Arustamyan,Moscow,Unknown,RU
6654,Michael Tieu,Alliston,ON,CA
6655,Victor Lemos,Panama City,Unknown,PA
6656,Charbel Azzi,Methuen,MA,USA
6657,Richard Guttman,Toronto,ON,CA
6658,Ken Lawson,Thousand Oaks,CA,USA
6659,Adrian Mateos,Madrid,Unknown,ES
6660,Nathan Cummings,League City,TX,USA
6661,Christian Fanger,Alpnach,Unknown,CH
6662,Karen Thielen,Stoddard,NH,USA
6663,Fernando Brunca,Unknown,Unknown,BR
6664,Mike Linster,Island Park,NY,USA
6665,Waldir Guerra,Unknown,Unknown,BR
6666,David Peyser,Union City,NJ,USA
6667,Erik Gorman,Matthews,NC,USA
6668,Jude Ainsworth,Claregalway,Unknown,IE
6669,Anthony Rinozzi,San Antonio,TX,USA
6670,Russell Crane,Howell,NJ,USA
6671,Cleo Johnson,Killeen,TX,USA
6672,Brendon Rubie,Boston,MA,USA
6673,Muthukumar Ramamirutha,Unknown,Unknown,IN
6674,Adam Ross (TX),Dallas,TX,USA
6675,Ronald McCoy,Atlanta,GA,USA
6676,Sebastian Pauli,Dortmund,Unknown,DE
6677,Charles Webb,Harrisville,NH,USA
6678,Steven Silverman,Washington,DC,USA
6679,Errol Rosen,Weston,FL,USA
6680,Daniel Cates,Las Vegas,NV,USA
6681,Joel Smith,Fergus Falls,MN,USA
6682,Ori Hasson,Givat Shmuel,Unknown,IL
6683,Hugo Nazar,Buenos Aires,Unknown,AR
6684,Steven Nichols,Chandler,AZ,USA
6685,Marsha Wolak,Lakewood Ranch,FL,USA
6686,William LeBleu,Richmond,VA,USA
6687,Philippe Habib,New York,NY,USA
6688,Tatsuo Tanigaki,Itami,Unknown,JP
6689,Craig Varnell,Fort Collins,CO,USA
6690,Jan Suchanek,Nelson,Unknown,NZ
6691,David Hatchett,Avon,IN,USA
6692,Wayne Gibson,Grapevine,AR,USA
6693,Rikard Aberg,Broma,Unknown,SE
6694,Navot Golan,Hofit,Unknown,IL
6695,Daniel Hindin,Danbury,CT,USA
6696,Nghia Pham,Garden Grove,CA,USA
6697,Maurice Tan,Unknown,Unknown,SG
6698,Steve Karp,North Miami Beach,Unknown,USA
6699,John Reiss,Omaha,NE,USA
6700,Peter Vitantonio,Wickliffe,OH,USA
6701,Garrett Jones,Port Arthur,TX,USA
6702,JC Alvarado,Unknown,Unknown,MX
6703,Michael Corson,Mercer Island,WA,USA
6704,Cole Staten,Galena,OH,USA
6705,Jeffrey Alder,Manhattan Beach,CA,USA
6706,Jeffrey Zigulis,Monclova,OH,USA
6707,Nadir Lalji,Budaors,Unknown,HU
6708,Christopher Leveroni,Unknown,Unknown,MX
6709,Claude Purches,Grand Blanc,MI,USA
6710,John Zentner,Las Vegas,NV,USA
6711,Anthony Frederick,Muskegon,MI,USA
6712,Derek Bowers,Alliance,OH,USA
6713,Charles Voigt,Skillman,NJ,USA
6714,Daniel Janela,Hackettstown,NJ,USA
6715,Danny Gonzales,Denver,CO,USA
6716,Andre Lapchuk,San Francisco,CA,USA
6717,Ivin Arquiza,Vallejo,CA,USA
6718,Talal Shakerchi,Esher,Unknown,GB
6719,Eugene Roemischer,Natick,MA,USA
6720,Daniel Dasilva,Las Vegas,NV,USA
6721,Shaun Suller,Las Vegas,NV,USA
6722,Bijon Notash,Shaker Heights,OH,USA
6723,Eric Schulz,Cerritos,CA,USA
6724,Nick Grippo,Arlington Heights,IL,USA
6725,Ruslan Dykshteyn,Brooklyn,NY,USA
6726,Robert Tobin,Pasadena,CA,USA
6727,Constantine Paparestis,Dulwich London,Unknown,GB
6728,Milan Sasek,Unknown,Unknown,CZ
6729,Ardit Kurshumi,Revere,MA,USA
6730,Barbara Sargent,Fort Worth,TX,USA
6731,Lothar Meier,Harpstedt,Unknown,DE
6732,Bert Geens,St Kat Waurk,Unknown,BE
6733,Eshed Hadaya,Jersey City,NJ,USA
6734,Di Dang,Springfield,VA,USA
6735,Gianluca Trebbi,Unknown,Unknown,IT
6736,James Frangoulidis,Brighton,MA,USA
6737,Ivo Gomes,Caucaia,Unknown,BR
6738,James Debreceni,Londonderry,NH,USA
6739,Robert Bakker,Pelican,Unknown,SG
6740,Kevin Malis,Buffalo Grove,IL,USA
6741,Cody Shedd,Costa Mesa,CA,USA
6742,James Salmon,Davie,FL,USA
6743,Mark Bramley,Boston,MA,USA
6744,Javier Cal,Goleta,CA,USA
6745,Harvey Goldstein,San Antonio,TX,USA
6746,Tyler Kenney,Long Beach,NY,USA
6747,Seth Fischer,Palm Harbor,FL,USA
6748,Russell Miller,Huntsville,TX,USA
6749,Yaron Zeev Malki,Givatam,Unknown,IL
6750,Robert Zipf,Unknown,Unknown,DE
6751,Andrew Clinton,Bedford,NY,USA
6752,Richard Sperberg,Carlsbad,CA,USA
6753,Ke Chen,Unknown,Unknown,CN
6754,Robert Grossglauser,Elk Grove,CA,USA
6755,Carlos Welch,Griffin,GA,USA
6756,Michael Wolf,Staten Island,NY,USA
6757,Craig Allen,Somerset,KY,USA
6758,Michael Shirley,Astoria,IL,USA
6759,Chaayanath Mysore,Oakville,Unknown,CA
6760,John Creed,Lorton,VA,USA
6761,Charles Vargas,Gallup,NM,USA
6762,Alain Medesan,Unknown,Unknown,AT
6763,Ryan Tosoc,Chicago,IL,USA
6764,Michael Horchoff,River Ridge,LA,USA
6765,Jarred Graham,Adelaide,Unknown,AU
6766,Aleksandr Klimashin,Unknown,Unknown,RU
6767,Dan Kelly,Potomac,MD,USA
6768,Reza Doomun,Lausanne,Unknown,CH
6769,Todd Phares,Mechanicsville,MD,USA
6770,Robert Peacock,Ridge,NY,USA
6771,Rex Clinkscales,Las Vegas,NV,USA
6772,Gianluigi Zaniboni,Castelleone,Unknown,IT
6773,Lokesh Garg,Northborough,MA,USA
6774,Steven Lucia,Henderson,NV,USA
6775,Charles Chrysostomou,Rockville,MD,USA
6776,Bas De Laat,Sweiqi,Unknown,MT
6777,Martin Kozlov,Lysterfield,Unknown,AU
6778,Ivan Barbuto,Monaco,Unknown,MC
6779,Jean Montury,Arras,Unknown,FR
6780,Sandor Demjan,Budapest,Unknown,HU
6781,Bruno Marino,Sao Paulo,Unknown,BR
6782,Jeffrey Smith,Encinitas,CA,USA
6783,Vincent Maiolica,East Meadow,NY,USA
6784,Ernest Cockrum,Odessa,MO,USA
6785,Petr Kleska,Brno,Unknown,CZ
6786,Allen Ayers,Grover Beach,CA,USA
6787,Edward Grau,Middle River,MD,USA
6788,Julian Pineda,Medellin,Unknown,CO
6789,Christopher Barton,Elmira,NY,USA
6790,Mike Carson,Las Vegas,NV,USA
6791,Anthony Diehl,Rapid City,SD,USA
6792,Andrew Sweeney,Fitchburg,WI,USA
6793,Barry Wolff,Clarksville,TN,USA
6794,Michael Schoultz,Arlington,VA,USA
6795,Noam Fliegelman,Philadelphia,PA,USA
6796,John Kalosinis,Union,NJ,USA
6797,Craig Mason,Unknown,Unknown,USA
6798,Richard St. Peter,Susonville,CA,USA
6799,Devon MacPherson,Goleta,CA,USA
6800,William Donovan,Longview,TX,USA
6801,Charlie Carrel,London,Unknown,GB
6802,Kimberly Wise,Danville,KY,USA
6803,Cory Parent,Richmond,BC,CA
6804,Brad Anderson,Fresno,CA,USA
6805,Elie Williams,Mt. Washington,KY,USA
6806,Rok Gostisa,Log Pri Brezovici,Unknown,SI
6807,David Schultz,Mount Juliet,TN,USA
6808,Peter Costner,Fort Mill,SC,USA
6809,Karel Kratochvil,Brno,Unknown,CZ
6810,David Ruiz Del Portal,Geneva,Unknown,CH
6811,Philip Stark,Los Angeles,CA,USA
6812,Bryan Piccioli,Allegany,NY,USA
6813,Howard Rubin,New York,NY,USA
6814,Raghav Bansal,Unknown,Unknown,IN
6815,Oliver Entine,New York,NY,USA
6816,Nicholas Zitek,Shakopee,MN,USA
6817,Michael Bochansky,Grand Prairie,AB,CA
6818,Jeffrey Gibralter,Mesquite,TX,USA
6819,Timothy Little,Hyattsville,MD,USA
6820,Dejan Pustoslemsek,Ravne Na Koroskem,Unknown,SI
6821,Dee Friedman,Malibu,CA,USA
6822,Raphael Wimmer,Little Deer Isle,ME,USA
6823,Daniel Spring,Redondo Beach,CA,USA
6824,Ronald Suttles,Orange City,FL,USA
6825,Rudolph Dirubbo,Liverpool,NY,USA
6826,Scott Tuttle,Wakarusa,IN,USA
6827,Raphael Bernard,Sherbrooke,QC,CA
6828,Tripp Kirk,Atlanta,GA,USA
6829,David Cowling,Toronto,ON,CA
6830,Nobuhiro Yabuuchi,Taito-Ku,Unknown,JP
6831,Chris Birchby,Bonsall,CA,USA
6832,John Vance,Jupiter,FL,USA
6833,Alex Bolotin,Unknown,Unknown,BY
6834,Thomas Dinh,Tustin,CA,USA
6835,Bruce Lebowitz,New York,NY,USA
6836,Aaron Rosenthal,Miami Beach,FL,USA
6837,Gilles Huet,Bobigny,Unknown,FR
6838,Ronald Oomen,Prinsenbeek,Unknown,NL
6839,Twan Pulles,Tilberg,Unknown,NL
6840,Gregory Buelt,Chandler,AZ,USA
6841,John Hill,Watauga,TX,USA
6842,Hamid Feiz,Urbandale,IA,USA
6843,Dustin Cooper,Milford,OH,USA
6844,Qui Nguyen,Las Vegas,NV,USA
6845,Gordon Vayo,San Francisco,CA,USA
6846,Michael Ruane,Hoboken,NJ,USA
6847,Vojtech Ruzicka,Prague,Unknown,CZ
6848,Fernando Pons,Palma,Unknown,ES
6849,John Cynn,Indianapolis,IN,USA
6850,Mike Shin,Mount Prospect,IL,USA
6851,James Obst,Melbourne,Unknown,AU
6852,Tom Marchese,Boonton,NJ,USA
6853,Michael Niwinski,Burnaby,BC,CA
6854,William Kassouf,Rickmansworth,Unknown,GB
6855,Andrew Christoforou,Potter,Unknown,GB
6856,Thomas Miller,E Hampton,NY,USA
6857,Matthew Moss,London,Unknown,GB
6858,Valentin Vornicu,San Diego,CA,USA
6859,Adam Krach,Longmeadow,MA,USA
6860,Philip Postma,Lakewood,OH,USA
6861,Christopher Kusha,Staten Island,NY,USA
6862,Elliott Peterman,Unknown,Unknown,GB
6863,Dan Colman,Holden,MA,USA
6864,Max Silver,London,Unknown,GB
6865,Hari Bercovici,Beersheba,Unknown,IL
6866,Alex Keating,Saratoga,CA,USA
6867,Carlton Tartar,Kensington,MD,USA
6868,Jason Les,Costa Mesa,CA,USA
6869,Ronald Giles,Airdrie,AB,CA
6870,Mitchell Watson,Victoria,Unknown,AU
6871,Paul Hoefer,Leipzig,Unknown,DE
6872,Chang Luo,Guangzhou,Unknown,CN
6873,Sergi Reixach,Bournemouth,Unknown,GB
6874,Andrei Konopelko,Minsk,Unknown,BY
6875,Tony Gregg,Columbia,MD,USA
6876,Jesse Cohen,Ardmore,PA,USA
6877,Farhad Jamasi,Ocoee,FL,USA
6878,Adi Abugazal,Unknown,Unknown,IL
6879,Dietrich Fast,Vienna,Unknown,AT
6880,Tom Middleton,Slidsen,Unknown,GB
6881,Gorki Oliveira,Rio De Janiero,Unknown,BR
6882,Jasthi Kumar,San Ramon,CA,USA
6883,Caufman Talley,New Orleans,LA,USA
6884,Matthias Habernig,Klagenfurt,Unknown,AT
6885,Nicolas Fischer,Hohen Neuendorf,Unknown,DE
6886,Maxim Sorokin,N. Novgorod City,Unknown,RU
6887,Wesley Brockhoeft,Austin,TX,USA
6888,Michael Banducci,Traverse City,MI,USA
6889,James Cappucci,Medford,MA,USA
6890,Ryan Goindoo,Port Of Spain,Unknown,TT
6891,Marcos Exterkotter,Porta Alegre,Unknown,BR
6892,Roman Soybelman,Holmdel,NJ,USA
6893,Jason McConnon,Manchester,Unknown,GB
6894,Dylan Thomassie,Champaign,IL,USA
6895,Jeffrey Kostolni,Abingdon,MD,USA
6896,Phong Than Nguyen,Bristow,VA,USA
6897,Cosmin Joldis,Floresti,Unknown,RO
6898,Shankar Pillai,East Brunswich,NJ,USA
6899,Mike Gorodinsky,St. Louis,MO,USA
6900,Daniel Zack,Princeton,NJ,USA
6901,Ben Middleton,Manchester,Unknown,GB
6902,Drew Dumanski,Richardson,TX,USA
6903,Paul Lee,Mission Viejo,CA,USA
6904,Pierre Merlin,Unknown,Unknown,FR
6905,Farzad Tafti,Three Rivers,CA,USA
6906,John Frields,Ashburn,VA,USA
6907,David Butkus,Hoboken,NJ,USA
6908,Dean Blatt,Caufield North,Unknown,AU
6909,Amichai Barer,Vancouver,BC,CA
6910,Sebastian Dornbracht,Dortmund,Unknown,DE
6911,Fadi Hamad,Danvers,IL,USA
6912,Francisco Araujo,Buenos Aires,Unknown,AR
6913,Michael Gathy,Brussels,Unknown,BE
6914,Alex Foxen,Las Vegas,NV,USA
6915,Michael Hada,San Anselmo,CA,USA
6916,Alex Lindop,Stoke-On-Trent,Unknown,GB
6917,Andrew Chen,Mississauga,ON,CA
6918,Chris Hunichen,Columbia,SC,USA
6919,Jason Gooch,Vidor,TX,USA
6920,Evan Young,Hilton Head Island,SC,USA
6921,Patrick Mullaney,Pittstown,NJ,USA
6922,Mark Zullo,Seville,OH,USA
6923,Thomas MacDonald,Unknown,Unknown,GB
6924,Robin Hegele,München,Unknown,DE
6925,Jack Zhang,Carmel,IN,USA
6926,Christopher Frank,Unknown,Unknown,DE
6927,Raymond Spencer,Sammamish,WA,USA
6928,Michael Carter,Vancouver,BC,CA
6929,Dwayne Sluis,Hoorn,Unknown,NL
6930,Sean Berrios,St. Croix,Unknown,VI
6931,Uri Reichenstein,Tel Aviv,Unknown,IL
6932,Giulio Mascolo,London,Unknown,GB
6933,Robert Heidorn,London,Unknown,GB
6934,Jonathan Greenbaum,New York,NY,USA
6935,Bo Alm,Umea,Unknown,SE
6936,Thomas Archer,London,Unknown,CA
6937,Kishor Sharma,Flushing,NY,USA
6938,Andre Crooks,Greenacres,FL,USA
6939,Nolan King,Boynton Beach,FL,USA
6940,Camilo Manrique,Caracas,Unknown,VE
6941,Gustavo Lopes,Brasilia,Unknown,BR
6942,Gan Siong,Kuala Lumpur,Unknown,MY
6943,Christopher Hanks,Humboldt,TN,USA
6944,Alessandro Meoni,Prato,Unknown,IT
6945,Daniel Jordan,Albany,NY,USA
6946,Christoph Bruell,Westfalen,Unknown,DE
6947,Stacy Matuson,Del Rey,FL,USA
6948,Jason James,Mississauga,ON,CA
6949,Michael Botwin,Baldwin,NY,USA
6950,David Nicholson,Perkinston,MS,USA
6951,Gavin O'Rourke,Portlaoise,Unknown,IE
6952,Nathan Gamble,North Richland Hills,TX,USA
6953,Daniel Cheater,Winnipeg,MB,CA
6954,Ioannis Angelou Konstas,Athens,Unknown,GR
6955,Jerry Odeen,Granne,Unknown,SE
6956,Niklas Astedt,Goteborg,Unknown,SE
6957,Mikiya Takitani,Astoria,NY,USA
6958,Blake Eastman,New York,NY,USA
6959,Mike Azzaro,New York,NY,USA
6960,Robert Rini,Hilton Head Island,SC,USA
6961,Jordan Cristos,Las Vegas,NV,USA
6962,Min Huang,Vancouver,BC,CA
6963,Max Altergott,Unknown,Unknown,DE
6964,Brian Vu,San Ramon,CA,USA
6965,John Dibella,Cave Creek,AZ,USA
6966,Timothy Shifflet,Galena,OH,USA
6967,Lorenzo Lavis,Unknown,Unknown,FR
6968,Aaron O'Rourke,Las Vegas,NV,USA
6969,Michael Funk,Parkland,FL,USA
6970,Igor Zektser,Los Angeles,CA,USA
6971,Staale Eggen,Unknown,Unknown,NO
6972,Bret Martin,Rolling Prairie,IN,USA
6973,Michael O'Grady,Hoxton Park,NSW,AU
6974,Jennifer Shahade,Philadelphia,PA,USA
6975,Leonard Maue,Unknown,Unknown,DE
6976,Rytis Praninskas,Kaunas,Unknown,LT
6977,Ruoyang Wang,Unknown,Unknown,CN
6978,Stafford Hamilton,Tamworth,Unknown,GB
6979,Steven Fuhrman,Naples,FL,USA
6980,Raiden Kan,Macao,Unknown,CN
6981,Naixuan Shi,Shanghai,Unknown,CN
6982,Stephen Hoffman,Madison Heights,MI,USA
6983,Aditya Sushant,Chennai,Unknown,IN
6984,Dan Chalifour,Spofford,NH,USA
6985,David Belhumeur,Huntington Beach,CA,USA
6986,Mehrdad Shariatmadari,Seattle,WA,USA
6987,Fred Goff III,Long Beach,CA,USA
6988,Rene Delacova,Vista,CA,USA
6989,Joseph Potts,Gaitherburg,MD,USA
6990,Emil Ekvardt,Stockholm,Unknown,SE
6991,Benjamin Ridgway,Glen Waverley,Unknown,AU
6992,Walter Sato,Santa Ana,CA,USA
6993,Danny Nguyen,Westminster,CA,USA
6994,Leonard Kramer,Newcastle,WA,USA
6995,Steven McNally,Henderson,NV,USA
6996,Harold Lilie,Las Vegas,NV,USA
6997,William Hulse,Aurora,CO,USA
6998,Doan Hiep,Marrero,LA,USA
6999,Sean Case,Weatherford,OK,USA
7000,Andrew Barber,Santa Cruz,CA,USA
7001,Konosuke Sakurada,Unknown,Unknown,JP
7002,Mathias Wessel,Unknown,Unknown,DE
7003,Thomas Mohler,Wellington,FL,USA
7004,Jason Hooper,Glen Burnie,MD,USA
7005,Hector Rodriguez,London,Unknown,GB
7006,Srikanth Koneru,Pasadena,CA,USA
7007,Ramin Hajiyev,Baku,Unknown,AZ
7008,Sascha Walter,Ludwigsburg,Unknown,DE
7009,Dakota Burnett,Grand Rapids,MI,USA
7010,Jia Liu,Brooklyn,NY,USA
7011,Victor Saumont,Montrevil,Unknown,FR
7012,Stephen Odwyer,Charlotte,NC,USA
7013,Rogen Chhabra,Madison,MS,USA
7014,Lars Garp,Unknown,Unknown,SE
7015,Patrick Colceri,Pheonix,AZ,USA
7016,Gregory Defeo,Lindenhurst,NY,USA
7017,Bryce Landier,Henderson,NV,USA
7018,Tobias Hausen,Ockfen,Unknown,DE
7019,Arthur Peacock,Jupiter,Unknown,USA
7020,Mauro Suriano (UK),London,Unknown,GB
7021,Eugene Kotlyarevskiy,Brooklyn,NY,USA
7022,Diego Ventura,Trujililo,Unknown,PE
7023,Michelin Massey,Broomfield,CO,USA
7024,Ralph Wong,West Chester,PA,USA
7025,Derek Wolters,Chandler,AZ,USA
7026,Shaoqing Liu,Guangdong,Unknown,CN
7027,Jonathan Lewis,Shrewsbury,MA,USA
7028,Duy Ho,Honolulu,HI,USA
7029,Borislav Bershadskiy,Beachwood,OH,USA
7030,Robert Allain,Gardner,MA,USA
7031,Thomas High,Unknown,Unknown,GB
7032,Michael DeGilio,Miami,FL,USA
7033,Martial Blangenwitsch,Pfastatt,Unknown,FR
7034,Pavel Berka,Hyskov,Unknown,CZ
7035,Nikolaos Alafogiannis,North York,ON,CA
7036,Marc Wagner,Tresckow,PA,USA
7037,Jimmy Fricke,Las Vegas,NV,USA
7038,Jean Gaspard,Evanston,IL,USA
7039,Young Sik Eum,Los Angeles,CA,USA
7040,Steven Clark,Warren,MI,USA
7041,Enrique Melguizo,Austin,TX,MX
7042,Oleg Pavlyuchuk,Unknown,Unknown,RU
7043,Thiago Grigoletti,Pelotas,RS,BR
7044,Bradley Young,New York,NY,USA
7045,Roger Despres,Guilford,CT,USA
7046,Cole Miller,Auburn,CA,USA
7047,Ivan Luca,Unknown,Unknown,AR
7048,Brendon Rubie,Sydney,Unknown,AU
7049,Andy Seth,Las Vegas,NV,USA
7050,Seth Berger,Los Angeles,CA,USA
7051,Fabian Scherle,Unknown,Unknown,DE
7052,Dominique Mosley,Miami,FL,USA
7053,Mike Kachan,Edina,MN,USA
7054,Sharavan Chhabria,Mumbai,Unknown,IN
7055,Benjamin Beahm,Voorhees,NJ,USA
7056,Anthony Ruttler,Miami,FL,USA
7057,Eric Coffman,Las Vegas,NV,USA
7058,Vitalijs Zavorotnijs,Riga,Unknown,LV
7059,Adam Reynolds,Cheshunt,Unknown,GB
7060,Curtis Simpson,Livingston,TX,USA
7061,Michael Zulker,Tempe,AZ,USA
7062,Torrey Korsog,Osprey,FL,USA
7063,Pratik Ghatge,Unknown,Unknown,GB
7064,Kevin Andriamahefa,Chicago,IL,USA
7065,Mark David,Unknown,Unknown,CA
7066,Gregory Yeager,Sabina,OH,USA
7067,Michael Krasienko,Pittsburgh,PA,USA
7068,David Farah,Fairfield,NJ,USA
7069,Robert Cowen,Swansea,Unknown,GB
7070,Pieter Aerts,Schoten,Unknown,BE
7071,Brian Saltus,Scottsdale,AZ,USA
7072,Mark Scacewater,Lake St Louis,MO,USA
7073,Kao Saechao,Portland,OR,USA
7074,Glen Bickerstaff,Los Alamitos,CA,USA
7075,Alexander Haber,Kingston,Unknown,JM
7076,Sachin Bhargava,Northbrook,IL,USA
7077,Boo Jonsson,Unknown,Unknown,CH
7078,Jerid Zewin,Las Vegas,NV,USA
7079,Dimitar Danchev,Plovdiv,Unknown,BD
7080,Aurelien Doe,Paris,Unknown,FR
7081,Dawn Lucarelli,Eldersburg,MD,USA
7082,Richard Lee,Las Vegas,NV,USA
7083,Eric Bonin,Atkinson,NH,USA
7084,Matthew Davidow,Henderson,NV,USA
7085,Xi Yang,Unknown,Unknown,CN
7086,Craig Blight,Sydney,Unknown,AU
7087,Sunil Pandita,Frisco,TX,USA
7088,Vegard Ropstad,Oslo,Unknown,NO
7089,Mark Bouchard,Millersville,MD,USA
7090,Jason Bigelow,St Johns,NL,CA
7091,Deepak Bhatti,Las Vegas,NV,USA
7092,Cord Garcia,Houston,TX,USA
7093,Andrew Boccia,Las Vegas,NV,USA
7094,Jyri Merivirta,Helsinki,Unknown,FI
7095,Colin Kim,Glendale,CA,USA
7096,Jonathan Kramer,Forest Hills,NY,USA
7097,Shawn Quinn,Verona,WI,USA
7098,Chad Lactaoen,Las Vegas,NV,USA
7099,Pedro Bromfman,Unknown,Unknown,BR
7100,Juan Villa,San Antonio,TX,USA
7101,Michael Lech,Alma,AR,USA
7102,Stevie Trizis,Clearwater,FL,USA
7103,Frank Servidio,Commack,NY,USA
7104,Victor Shuchleis,Huixquilucan,Unknown,MX
7105,Jeremie Sarda,Boulogne,Unknown,FR
7106,Phia Xiong,Braselton,GA,USA
7107,Jonathan Kosterlitz,Providence,RI,USA
7108,Danny Lusher,Turlock,CA,USA
7109,Francesco Difiore,Naperville,IL,USA
7110,Barry Schultz,Cordova,TN,USA
7111,Nikhil Autar,Voyager Point,Unknown,AU
7112,Randy Gonzales,Chino,CA,USA
7113,Markus Prinz,Bonn,Unknown,DE
7114,Matthew Ashton,Liverpool,Unknown,GB
7115,Ana Marquez,Malaga,Unknown,ES
7116,Robert Black,Dallas,TX,USA
7117,Paul Richardson,San Ramon,CA,USA
7118,Ken Einiger,Las Vegas,NV,USA
7119,Anthony Macashieb,Wilmington,NC,USA
7120,Dave Banerjee,Los Angeles,CA,USA
7121,Robert Harwell,Williamson,GA,USA
7122,Jonathan Zarin,New York,NY,USA
7123,Lou Belen,Lemoore,CA,USA
7124,Artem Babakhanyan,Unknown,Unknown,RU
7125,Brad Tucker,Fairview,TX,USA
7126,Jason Norval,Sydney,Unknown,AU
7127,Lika Gerasimova,Moscow,Unknown,RU
7128,Brian Felder,Mililani,HI,USA
7129,Jorge Postigo,Lima,Unknown,PE
7130,Zachary Allen,Mt Juliet,TN,USA
7131,Daniel Choi,New York,NY,USA
7132,Ryan Leng,Las Vegas,NV,USA
7133,Anthony Riggillo,Medford,MA,USA
7134,Robert Campbell (AU),Melbourne,Unknown,AU
7135,Henrik Denebrandt,Stockholm,Unknown,SE
7136,Frank Naranjo,Monteria,Unknown,CO
7137,Roman Korenev,Krasnoyarsk,Unknown,RU
7138,David Farber,Lake Mary,FL,USA
7139,Jeremy Torchinsky,Aurora,OH,USA
7140,John Grue,Bainbridge Island,WA,USA
7141,Ken Fishman,Lutz,FL,USA
7142,Matthew Sesso,Naples,FL,USA
7143,Hend Matthews,Brigantine,NJ,USA
7144,Paul Balzano,Sunrise,FL,USA
7145,Sergei Bagirov,Ruateninburg,Unknown,RU
7146,Nick Cipiti,Scottsdale,AZ,USA
7147,Mark Strang,Bridgeton,NJ,USA
7148,Harry Lodge,Haywards Heath,Unknown,GB
7149,Samuel Roussy-Majeau,Montreal,QC,CA
7150,Mike Shariati,Irvine,CA,USA
7151,Antonio Da Costa,Lisboa,Unknown,PT
7152,Barry Shulman,Las Vegas,NV,USA
7153,Sean Mcmahon,Warren,OR,USA
7154,James Boettcher,Calgary,AB,CA
7155,Timothee Marlin,Menucourt,Unknown,FR
7156,Ronald Lee,Brooklyn,NY,USA
7157,Hugh Rowe,Denver,CO,USA
7158,Grant Levy,Unknown,Unknown,AU
7159,James Nelson,Mount Prospect,IL,USA
7160,A Peter Okin,New York,NY,USA
7161,Aurelie Quelain,Croissy,Unknown,FR
7162,Thi Xoa Nguyen,Lathrop,CA,USA
7163,Luke Tavis,Blaine,WA,USA
7164,Daniel Clemente,Wesley Chapel,FL,USA
7165,Konstantin Bucherl,Rengensburg,Unknown,DE
7166,Akshay Bharadwaj,Bangalore,Unknown,IN
7167,Russell Schwartz,Los Angeles,CA,USA
7168,Peter Siemund,Berlin,Unknown,DE
7169,Dylan Hortin,Anthem,AZ,USA
7170,Kyle Montgomery,Fishers,IN,USA
7171,Kevin Morris,Victoria,BC,CA
7172,Alexandre Reard,Beaubourg,Unknown,FR
7173,Ralph Massey,Las Vegas,NV,USA
7174,Krzysztof Stybaniewicz,Lakewood,CO,USA
7175,Gavin Griffin,Ladera Ranch,CA,USA
7176,Stefan Ivanov,Aheloy,Unknown,BG
7177,Benjamin Leilous,New York,NY,USA
7178,Adam Franks,London,Unknown,GB
7179,Victor Sbrissa,Sao Paulo,Unknown,BR
7180,Ben Farrell,Birmingham,Unknown,GB
7181,Moritz Dietrich,Unknown,Unknown,AT
7182,Cannon Junsheng,Las Vegas,NV,USA
7183,Jason Kichura,Escanaba,MI,USA
7184,Georgios Zisimopoulos,Athens,Unknown,GR
7185,Bobby Gunter,Phenix City,AL,USA
7186,Riley Fuller,Boca Raton,FL,USA
7187,Boris Mondrus,Beer Sheva,Unknown,IL
7188,Stephen Buell,Las Vegas,NV,USA
7189,Robert Hankins,Murfreesboro,TN,USA
7190,Will Berry,Norman,OK,USA
7191,Chris Chong,Singapore,Unknown,SG
7192,Yaron Genut,Ramatgan,Unknown,IL
7193,Sean Spector,Encino,CA,USA
7194,Joel Mack,Houtson,TX,USA
7195,Zachary Hyman,Santa Barbara,CA,USA
7196,Ze Chen,Flushing,NY,USA
7197,Yuanye Chen,Oxford,OH,USA
7198,Huy Lam,Alhambra,CA,USA
7199,Nicolas Cardyn,Marson,Unknown,FR
7200,Oleksii Khoroshenin,Unknown,Unknown,UA
7201,Bryan Bechard,Fairport,NY,USA
7202,Dan Gannon,Las Vegas,NV,USA
7203,Tom Hall,Shrewsbury,Unknown,GB
7204,Karl Wilenius,Milwaukee,WI,USA
7205,Gael Onillon,France,Unknown,FR
7206,Nick Davies,Bend,OR,USA
7207,Michael Harvey,San Francisco,CA,USA
7208,Scott Castelluccio,Pacific Palisades,CA,USA
7209,Tue Ullerup Hansen,Unknown,Unknown,DK
7210,Mauro Scala,Staten Island,NY,USA
7211,Dejan Boskovic,Unknown,NSW,AU
7212,Frederick Wolf,Beverly Hills,CA,USA
7213,Joseph Calderon,Eden,NY,USA
7214,Athanasios Polychronopoulos,Delray Beach,FL,USA
7215,Laretta Wager,Fayetteville,NC,USA
7216,Timothy Foley,Los Angeles,CA,USA
7217,Randall Shearer,Pekin,IL,USA
7218,Rafael Lebron,Puyallup,WA,USA
7219,Jonathan Opas,Henderson,NV,USA
7220,Jimmy Guerrero,London,Unknown,GB
7221,Vincent Teutonico,Staten Island,NY,USA
7222,Jason Heckler,Marmora,NJ,USA
7223,Raymond Speck,Burkburnett,TX,USA
7224,Filmon Ghebreegzabheir,Issaquah,WA,USA
7225,Jesse Rockowitz,Columbus,OH,USA
7226,Dwayne Buth,Fullerton,CA,USA
7227,Jeff Metajan,Valrico,FL,USA
7228,Sean Loring,Cincinnati,OH,USA
7229,Joseph Hebert,Metairie,LA,USA
7230,Jose Obadia Chocron,Melilla,Unknown,ES
7231,Christian Soto,North Bergen,NV,USA
7232,Louis Hillman,Mequon,WI,USA
7233,Andrew Grombacher,Sylvania,OH,USA
7234,Jovy Ounthongdy,East Hartford,CT,USA
7235,Mehmet Kolgu,Istanbul,Unknown,TR
7236,Alex Rocha,Flagler Beach,FL,USA
7237,Alex Lynskey,Brisbane,Unknown,AU
7238,Ky MacPherson,Austin,TX,USA
7239,Joseph Wertz,Montoursville,PA,USA
7240,Christopher Sand,La Habra,CA,USA
7241,Christopher O'donnell,Southampton,Unknown,GB
7242,Adam Wessley,Wichita,KS,USA
7243,Arturo Noceda,Colonia Letran Valle,Unknown,MX
7244,Heidi May,Hobart,Unknown,AU
7245,Jorge Ribeiro,Unknown,Unknown,BR
7246,Joseph Heinzmann,Ridgefield,CT,USA
7247,Paul Nunez,Weston,FL,USA
7248,Rainer Emde,Unknown,Unknown,DE
7249,Satish Surapaneni,New York,NY,USA
7250,Asi Moshe,Tel Aviv,Unknown,IL
7251,Richard Carlson,Willmington,IL,USA
7252,Raffaele Castro,Lugano,Unknown,IT
7253,Morris Funk,Coral Springs,FL,USA
7254,Don Vu,Worcester,MA,USA
7255,Marcus Stein,Pembroke Pines,FL,USA
7256,Brian Davis,Barstow,CA,USA
7257,Andrew Ostapchenko,Carlsbad,CA,USA
7258,Jamie Whyte,Unknown,Unknown,GB
7259,Phanlert Sukonthachartnant,Bangkok,Unknown,TH
7260,Scott Heiligman,Naples,FL,USA
7261,Alexandre Rivero,Rio De Janeiro,Unknown,BR
7262,Herbert Montalbano,Addison,TX,USA
7263,Joseph Conorstiers,Washington,DC,USA
7264,Altaf Motiwala,Trumbull,CT,USA
7265,Kurt Schurecht,Barrington,IL,USA
7266,Paul Mannoni,Concord,CA,USA
7267,Paul Nowak,Tyngsboro,MA,USA
7268,Lance Howard,Dearborn Heights,MI,USA
7269,Daniel Hameiri,Sydney,Unknown,AU
7270,Keith Hang,San Francisco,CA,USA
7271,Kurt Lichtman,New York,NY,USA
7272,Stanislav Komsky,Tallahassee,FL,USA
7273,Mason Rosenberg,Ridgecrest,CA,USA
7274,Alpheus Chan,Richmond,BC,CA
7275,Christian Jeppsson,Emerson,KY,USA
7276,Paul Tartak,Unknown,Unknown,AU
7277,Ronnie Pease,Las Vegas,NV,USA
7278,Shawn Heuring,Scott City,MO,USA
7279,Wook Kim,Madera,CA,USA
7280,Simone Gatto,Buccinasco,DC,IT
7281,Ratharam Sivagnanam,Toronto,Unknown,CA
7282,Joni Jouhkimainen,Helsinki,Unknown,FI
7283,Sebastien Comel,St Pierre Du Mont,Unknown,FR
7284,Brian Zekus,Washington,DC,USA
7285,Ralph Jacobson,Fairfax,CA,USA
7286,Robert Brundige,New Windsor,MD,USA
7287,Miles Reinhard,Bloomdale,OH,USA
7288,Alan Carty,Eden Prairie,MN,USA
7289,Jaymes Rosenthal,Clay,NY,USA
7290,James Cavanaugh,Santa Rosa,CA,USA
7291,Perry Friedman,Henderson,NV,USA
7292,Ted Weinstock,Henderson,NV,USA
7293,Stevan Chew,Adelaide,Unknown,AU
7294,Waikiat Lee,Salford,Unknown,GB
7295,Jason Lee,Gainesville,FL,USA
7296,Leon Foong,Philadelphia,PA,USA
7297,Shaun Davis,San Diego,CA,USA
7298,David Goodman,Las Vegas,NV,USA
7299,Mihai Niste,Unknown,Unknown,RO
7300,Michael Nowiszewski,Windsor,CT,USA
7301,Daniel Thomas,Lincoln,NE,USA
7302,Peter Eichhardt,Stockholm,Unknown,SE
7303,Adrian Salter,Spring Farm,Unknown,AU
7304,Diego Sobrino,Unknown,Unknown,IT
7305,Yuriy Boyko,Unknown,Unknown,IE
7306,Homan Mohammadi,Dusseldorf,Unknown,DE
7307,Michael Brunner,Madison,WI,USA
7308,Greg Candido,Cortlandt Manor,NY,USA
7309,Zhang Liping,Doylestown,PA,USA
7310,Matt Davenport,Cheshire,GB,GB
7311,Conor Beresford,York,Unknown,GB
7312,Wendy Freedman,Las Vegas,NV,USA
7313,Edmund Yeung,Guiloford,Unknown,GB
7314,Brian O'Donoghue,Bayside,NY,USA
7315,Timothy Vukson,Mount Forest,ON,CA
7316,Ola Brandborn,Stockholm,Unknown,SE
7317,Bennett Ellenbogen,Brooklyn,NY,USA
7318,Hokyiu Lee,Unknown,Unknown,HK
7319,Peter Kelly,Garden City,NY,USA
7320,Stuart Elkin,Delray Beach,FL,USA
7321,Alexander Gambino,Royersford,PA,USA
7322,Paul Newey,Dorset,Unknown,GB
7323,Linyang Song,Richmond,BC,CA
7324,Robert Anderson,Delta,BC,CA
7325,David Belikov,Fair Lawn,NJ,USA
7326,Steven Cohen,Hillsdale,NJ,USA
7327,Shaun Tobin,Princeville,HI,USA
7328,Oliver Weis,Grenzach Wyblen,Unknown,DE
7329,Andrew Graham,Westford,MA,USA
7330,Robert Downs,Sebastian,FL,USA
7331,James Dorrance,Hershey,PA,USA
7332,Ronan Monfort,Unknown,Unknown,FR
7333,Josh Wallace,Somerville,MA,USA
7334,Daniel Hamm,Des Moines,IA,USA
7335,Endre Sagstuen,Unknown,Unknown,NO
7336,Gregory Goldberg,Las Vegas,NV,USA
7337,Robert Mather,Las Vegas,NV,USA
7338,Anthony Maio,New Hope,PA,USA
7339,Joseph Palma,Bensalem,PA,USA
7340,Kevin Cronin,Bolingbrook,IL,USA
7341,Richard Lee (CA),Los Angeles,CA,USA
7342,Alvaro Lopez,Tucson,AZ,USA
7343,Reshat Nurudinov,Brooklyn,NY,USA
7344,Daniel Chan,New York,NY,USA
7345,Morris Bonazza,Porto Garibaldi,Unknown,IT
7346,Daniel Harmetz,Sacramento,CA,USA
7347,Dann Turner,Cleveland,OH,USA
7348,Kwong Ip,Kenner,LA,USA
7349,Johnathan Dempsey,Aurora,CO,USA
7350,James Manganaro,Nutley,NJ,USA
7351,Ramon Miquel Munoz,Barcelona,FL,USA
7352,Michael Melone,Joliet,IL,USA
7353,Nicholas Gerrity,Stratford,CT,USA
7354,Ofer Iluz,Omer,Unknown,IL
7355,Jordan Meltzer,Delray Beach,FL,USA
7356,Derek Schroeder,St. Charles,MO,USA
7357,James Czarnecki,Edgewater,MD,USA
7358,David Floyd,Trenton,NJ,USA
7359,Nikita Lebedev,Moscow,Unknown,RU
7360,Omid Nikzad,Laguna Beach,CA,USA
7361,Ognyan Dimov,Veliko Tarnovo,Unknown,BG
7362,Elliot Smith,Richmond,BC,CA
7363,Matthew Humphrey,Indianapolis,IN,USA
7364,Iaroslav Boiko,Unknown,Unknown,UA
7365,Geran Sanders,Lynnwood,WA,USA
7366,Rene Siegrist,Rocky Mountain House,AB,CA
7367,Luciana Manolea,Lasi,Unknown,RO
7368,Cy Williams,Davis,CA,USA
7369,Vincenzo Greco,Huntington,NY,USA
7370,Brian Kay,Las Vegas,NV,USA
7371,Alex Fitzgerald,San Francisco,CA,USA
7372,Vu Pham,Elkgrove,CA,USA
7373,Christian Thiry,Bettembourg,Unknown,LU
7374,Stephen Hesse,Houston,TX,USA
7375,Drake Webster,Colchester,IL,USA
7376,Abbey Daniels,Coral Springs,FL,USA
7377,Michael Addamo,Yallambie,Unknown,AU
7378,Totam Baryosef,Netania,Unknown,IL
7379,Victor Foster,Ortonville,MI,USA
7380,Philip Hollederer,Unknown,Unknown,DE
7381,Drazen Ilich,Las Vegas,NV,USA
7382,Dimitry Agrachov,Pembroke Pines,FL,USA
7383,Joao Vieira,Unknown,Unknown,PT
7384,Lauren Roberts,Henderson,NV,USA
7385,Sasidhar Bobba,Chicago,IL,USA
7386,David Parkus,Beaumont,TX,USA
7387,Joshua Mcintosh,Lewisburg,OH,USA
7388,Mike Cordell,Little Rock,AR,USA
7389,Davis Aalvik,Long Beach,CA,USA
7390,Jeffrey King,Colchester,CT,USA
7391,Albert Daher,Beirut,Unknown,LB
7392,John Leveritt,Milwaukee,WI,USA
7393,Thao Thiem,Minneapolis,MN,USA
7394,Michael McNeil,Wheeling,WV,USA
7395,James Sutherland,Ocala,FL,USA
7396,Joshua Vizcarra,Elgin,TX,USA
7397,Allan Lorant,Pleudihen Sub Rance,Unknown,FR
7398,Val Yakovchik,North Wales,PA,USA
7399,Rob Tepper,Kirkland,WA,USA
7400,John Malnik,Kennewick,WA,USA
7401,Kitty Kuo,Taipei,Unknown,TW
7402,Marshall White,Boone,NC,USA
7403,Michael Gagliano,Rockaway,NJ,USA
7404,Pavel Dyachenko,Aurora,ON,CA
7405,Juan Navarrete,Las Vegas,NV,USA
7406,Glenn Fishbein,Miami,FL,USA
7407,Brian Batt,Chicago,Unknown,USA
7408,Luke Anthony,Prestbuy,Unknown,GB
7409,Michael Monicatti,Chesterfield,MI,USA
7410,Charles Rifici,Ottawa,ON,CA
7411,Anthony Ajlouny,Saratoga,CA,USA
7412,Bryan Sumner,Smyrna,TN,USA
7413,Keven Stammen,Cincinnati,OH,USA
7414,Katsuhiro Muto,Chiba,Unknown,JP
7415,Jeffrey Cvetezar,Manitowoc,WI,USA
7416,Daniel Bosse,Cincinnati,OH,USA
7417,Jay Chavkin,Granada Hills,CA,USA
7418,Manuel Bermejo,Parla,Unknown,ES
7419,Gary Sewell,Duarte,CA,USA
7420,Daniel Roitman,Westfield,NJ,USA
7421,David Greenberg,Owings Mills,MD,USA
7422,Pavel Krasnoselskii,Unknown,Unknown,RU
7423,Brett Apter,St. Petersburg,FL,USA
7424,John Song,Fort Worth,TX,USA
7425,James Carver,Northfield,MN,USA
7426,Carlos Mejia Mora,Medellin,Unknown,CO
7427,Jordan Zynda,Kernersville,NC,USA
7428,Guy Hughes,Lexington,KY,USA
7429,Daniel Suied,Billerica,MA,USA
7430,Dennis Berglin,Ostersund,Unknown,SE
7431,Thomas Saad,Okemos,MI,USA
7432,Brett Connally,Bulverde,TX,USA
7433,Christopher Meyers,Kenmore,NY,USA
7434,Lorenz Buehler,Unknown,Unknown,CH
7435,Todd Sisley,Toronto,ON,CA
7436,Kristen Foxen,Nepean,ON,CA
7437,Jaime Bertran,Barcelona,Unknown,ES
7438,Ali Paydar,Dallas,TX,USA
7439,Eli Loewenthal,Carmel,IN,USA
7440,Anthony Nimeh,Henderson,NV,USA
7441,Maurizio Saieva,Favara,Unknown,IT
7442,Sascha Pregler,Hanau,Unknown,DE
7443,Iliodoros Kamatakis,Tuessalonki,Unknown,GR
7444,Ketan Pandya,Edison,NJ,USA
7445,Kevin Gerhart,Las Vegas,NV,USA
7446,Craig Edwards,Las Vegas,NV,USA
7447,Aaron Belardo,Rocky Point,NY,USA
7448,Shawn Daniels,Placerville,CA,USA
7449,Mitchell Johnson,Alvaston Derby,Unknown,GB
7450,Ronit Chamani,Johannesburg,Unknown,ZA
7451,Adam Singer,N Hollywood,CA,USA
7452,Stephen Chimelski,Las Vegas,NV,USA
7453,McLean Karr,Fort Wayne,IN,USA
7454,Jeffrey Wade,Swansea,IL,USA
7455,Edward Locke,Redlands,CA,USA
7456,Michael Gentili,Lasalle,ON,CA
7457,James Mckinnon,Brooklyn,NY,USA
7458,Philip Chin,Brooklyn,NY,USA
7459,Ting Ho,Las Vegas,NV,USA
7460,Cameron Couch,Sydney,Unknown,AU
7461,Joshua Reichard,Janesville,WI,USA
7462,Peter Walsworth,Sarasota,FL,USA
7463,Cory Waaland,Charleston,SC,USA
7464,David Wuenschel,Unknown,Unknown,DE
7465,Ilkin Amirov,Baku,Unknown,AZ
7466,Steven Adams,Henderson,NV,USA
7467,Ema Zajmovic,Saint-Augustin-De-Desmaures,QC,CA
7468,Steven Josephsen,Scottsdale,AZ,USA
7469,Troy Hagen,Fargo,ND,USA
7470,Kathryn Reissner,Charleston,SC,USA
7471,Dmitry Vitkind,St. John''s,NL,CA
7472,Tyng Low,Flushing,NY,USA
7473,Tony Phan,Tucson,AZ,USA
7474,Adam Spiegelberg,Las Vegas,NV,USA
7475,Thomas Christgen,London,Unknown,GB
7476,Christopher Staats,Oklahoma City,OK,USA
7477,Raymond Walton,Cartersville,GA,USA
7478,Hamid Nourafchan,Los Angeles,CA,USA
7479,Mike Schneider (MN),Saint Paul,MN,USA
7480,Michael Bell,Sullivan,MO,USA
7481,Jason James,Tukwila,WA,USA
7482,Dohyung Kim,Duluth,GA,USA
7483,Benjamin Lampert,Springfield,MO,USA
7484,Deborah Fullenwider,Adkins,TX,USA
7485,Robert Tinnion,Unknown,Unknown,GB
7486,Matthew Kolibas,New York,NY,USA
7487,Shea Smith,Ft Lauderdale,FL,USA
7488,Steven Uccio,Staten Island,NY,USA
7489,Louis Scapicchio,Boston,MA,USA
7490,Kevin McColgan,Douglassville,PA,USA
7491,Dominic Zsigo,Owosso,MI,USA
7492,Ofir Oziyas,Yokneam Elit,Unknown,IL
7493,Lynn Lowery,Somerset,KY,USA
7494,Randal Heeb,Chicago,IL,USA
7495,Rodrigo Garrido Portaleoni,Sao Paolo,Unknown,BR
7496,Gennady Kalin,Houston,TX,USA
7497,Lloyd Fletcher,Dayton,WA,USA
7498,Douglas Keane,Abingdon,MD,USA
7499,Frank Peluso,Los Angeles,CA,USA
7500,Christopher Underwood,Mooresville,IN,USA
7501,Andrea Iocco,Chieti,Unknown,IT
7502,Scott Neuman,Rawlins,WY,USA
7503,Ben Fitzgerald,Ruislip,Unknown,GB
7504,Ryan Martin,Rochester,NY,USA
7505,Grudi Grudev,Asenovgrad,Unknown,BG
7506,Erlend Melsom,Harford,PA,USA
7507,Maxim Semisoshenko,St Petersberg,Unknown,RU
7508,Robert Kessler,Parkland,FL,USA
7509,Jean Marc Bellini,Clarens,Unknown,CH
7510,Darren Martin,Lexington,NC,USA
7511,Edward Altman,Bumpass,VA,USA
7512,Joseph Ranciato,Sacramento,CA,USA
7513,Philipp Kampf,Muschenbach,Unknown,DE
7514,Richard Kimball,Schaumburg,IL,USA
7515,Jeff Lennon,Fresno,CA,USA
7516,Huifang Zhang,Unknown,Unknown,CN
7517,Steven Snyder,Huntersville,NC,USA
7518,Ashish Gupta,Melbourne,Unknown,AU
7519,James Kramer,Northville,MI,USA
7520,Eric Wasserson,Penn Valley,PA,USA
7521,Jeffrey Duvall,Royal Herbert,Unknown,GB
7522,Andy Finkelberg,Weston,FL,USA
7523,Nicholas Gualazzi,Marquette,MI,USA
7524,Ivan Starostin,Aventura,FL,USA
7525,Jayakrishnan Nair,Redmond,WA,USA
7526,Scott Blumstein,Brigantine,NJ,USA
7527,Daniel Ott,Altoona,PA,USA
7528,John Hesp,Bridlington,Unknown,GB
7529,Jack Sinclair,London,Unknown,GB
7530,Pedro Oliveira,Unknown,Unknown,PT
7531,Scott Stewart,Lakewood,CA,USA
7532,Valentin Messina,Pantin,Unknown,FR
7533,Christian Pham,Unknown,Unknown,VN
7534,Randy Pisane,Hoboken,NJ,USA
7535,David Guay,St-Hubert,QC,CA
7536,Florian Lohnert,Unknown,Unknown,DE
7537,Michael Sklenicka,Slani,Unknown,CZ
7538,Joshua Horton,Fort Payne,AL,USA
7539,Neil Patel (IL),Chicago,IL,USA
7540,Joshua Marvin,Sterling Heights,MI,USA
7541,Chris Wallace,Saint Paul,MN,USA
7542,Matt Bond,Irving,TX,USA
7543,Travis Lutes,Crawfordsville,IN,USA
7544,Jonathan Dwek,Toronto,ON,CA
7545,Sean Gibson,Villa Hills,KY,USA
7546,Frank Crivello,Unknown,Unknown,USA
7547,Dario Sammartino,Unknown,Unknown,IT
7548,Jesus Blanco,Salamanca,Unknown,ES
7549,Jae Hwang,Irvine,CA,USA
7550,Artan Dedusha,London,Unknown,GB
7551,Wesley Pantling,Marina Del Rey,CA,CA
7552,Wen Zhou,Bronx,NY,USA
7553,Paul Vas Nunes,Guildford,Unknown,GB
7554,Connor Drinan,Arlington Heights,IL,USA
7555,Paul Dhaliwal,Langley,BC,CA
7556,Kfir Nahum,Sunnyvale,CA,USA
7557,Jingwei Zhang,Beijing,Unknown,CN
7558,Arash Ghaneian,Unknown,Unknown,USA
7559,Alex Greenblatt,Atherton,CA,USA
7560,Thissa Desilva,London,Unknown,GB
7561,Michael Zelman,Dallas,TX,USA
7562,Paul Senat,Lantana,FL,USA
7563,Ian Johns,Newcastle,WA,USA
7564,Yin Liu,Tianjin,Unknown,CN
7565,Eric Berman,Washington,DC,USA
7566,Martin Finger,Vienna,Unknown,AT
7567,Ihar Soika,Minsk,Unknown,BY
7568,Renato Pradovalentim,Sao Paulo,Unknown,BR
7569,Mario Vojvoda,Samobor,Unknown,HR
7570,Eyal Maaravi,Unknown,Unknown,IL
7571,Todd Grovijohn,Charlotte,NC,USA
7572,Gordon Campbell,Phelps,NY,USA
7573,Gyeongbyeong Lee,Unknown,Unknown,KR
7574,Matthew Zarcadoolas,Fort Lauderdale,FL,USA
7575,Iverson Snuffer,Milton,WV,USA
7576,Joseph Migliore,Boston,MA,USA
7577,Sammy Lafleur,Shawinigan,QB,CA
7578,Alex Massman,Calabasas,CA,USA
7579,Rahul Byrraju,Hyderabad,Unknown,IN
7580,David Patterson,Wilmington,NC,USA
7581,Yuan Li,Ottawa,ON,CA
7582,Noel Eicher,Poway,CA,USA
7583,Jessica Ngu,Singapore,Unknown,SG
7584,Michael Sassen,Unknown,Unknown,NL
7585,Matthew Wakeman,Bexley,Unknown,AU
7586,Roger Teska,New Carlisle,IN,USA
7587,Shyam Srinivasan,Toronto,ON,CA
7588,Barry Schmiess,Fargo,ND,USA
7589,Pawel Brzeski,Strzepcz,Unknown,PL
7590,Paawan Bansal,Unknown,Unknown,IN
7591,Patrick Lavecchia,Sellersville,PA,USA
7592,Bob Shao,Las Vegas,NV,USA
7593,Avdo Djokovic,Staten Island,NY,USA
7594,Sonke Jahn,Las Vegas,NV,USA
7595,Benjamin Jacobs,Honolulu,HI,USA
7596,Ben Richardson,Howrah,Unknown,AU
7597,Benoit Jean,Granby,QC,CA
7598,Donald Dombach,Millersville,PA,USA
7599,Tracy Nguyen,Sauk Rapids,MN,USA
7600,Mickey Craft,Elizabeth,WV,USA
7601,Max Pescatori,Milan,Unknown,IT
7602,Adam Swan,Irvine,CA,USA
7603,Scott Hilton,Saint Louis,MO,USA
7604,Hiren Patel,Carol Stream,IL,USA
7605,Jian Chen,Beijing,Unknown,CN
7606,Daniel Sammarco,Las Vegas,NV,USA
7607,Randy Lew,Mountain View,CA,USA
7608,Nima Salehizadeh,Charlotte,NC,USA
7609,Alessandro Borsa,Miland,Unknown,IT
7610,Tobias Hariefeld,London,Unknown,GB
7611,Sam Stein,Henderson,NV,USA
7612,Graydon Kowal,Calgary,AB,CA
7613,Mark Amabile,Warren,NJ,USA
7614,Chris Dombrowski,Wesley Chapel,FL,USA
7615,Joe Hanrahan,Amherst,NH,USA
7616,Guy Taylor,Nassington,Unknown,GB
7617,Zinan Xu,Unknown,Unknown,CN
7618,Aliaksei Boika,Minsk,Unknown,BY
7619,Romain Arki,Boulogne,Unknown,FR
7620,Jesse Vilchez,Grand Rapids,MI,USA
7621,Jon MaClellan,Cranston,RI,USA
7622,Leonardo Boff,Unknown,Unknown,BR
7623,William Blais,Quebec,QC,CA
7624,Dominik Nitsche,Minden,Unknown,DE
7625,Antonio Della Sciucca,Toronto,ON,CA
7626,Brandon Eisen,Las Vegas,CA,USA
7627,Paul Otto,Edinburgh,Unknown,GB
7628,Adam Hsu,Bellevue,WA,USA
7629,Sai Wang,Drexel Hill,PA,USA
7630,Thomas Ward (SCO),Unknown,Unknown,GB
7631,Laurent Patroni,Unknown,Unknown,FR
7632,Jerry Giroir,Lafayette,LA,USA
7633,Aaron Massey,Las Vegas,NV,USA
7634,Joel Ettedgi,Edgware,Unknown,GB
7635,Jeffrey Galloway,Livingston,TX,USA
7636,Ryan Franklin,Winston,NV,USA
7637,Peter Tarsiewicz,Mount Laurel,NJ,USA
7638,Kevin Lorfing,Tonganoxie,KS,USA
7639,Johannes Becker,Koln,Unknown,DE
7640,Sam Chartier,Montreal,QC,CA
7641,Joris Ruijs,Rotterdam,Unknown,NL
7642,Thai Ha,Factoryville,PA,USA
7643,Sixiao Li,Unknown,Unknown,CN
7644,Robert Kraft,Las Vegas,NV,USA
7645,Amir Kaikhah,San Marcos,TX,USA
7646,Sung Joo Hyun,Unknown,Unknown,KR
7647,Michael Zacharias,Studio City,CA,USA
7648,Clint Tolbert,Norman,OK,USA
7649,Patryk Poterek,Deblim,Unknown,PL
7650,Evan Krentzman,Goleta,CA,USA
7651,Liam He,Tyngsborough,MA,USA
7652,Nicolas Fountotos,Scottsdale,AZ,USA
7653,Daniel Hallet,Gaithersburg,MD,USA
7654,Charles La Boissonniere,St Augustin De Desaures,QC,CA
7655,Dilovan Hussein,Edmonton,AB,CA
7656,Tomas Soderstrom,Unknown,Unknown,SE
7657,Kenneth Ray,Cumberland Foreside,ME,USA
7658,Daniel Pearlman,Miramar,FL,USA
7659,Miltiadis Kypiakides,Nicosia,Unknown,CY
7660,Camillo Baggiani,Sao Paulo,Unknown,BR
7661,Ari Eiblum,Sykesville,MD,USA
7662,Oliver Wulf,Unknown,Unknown,DE
7663,Lars Johansson,Heimdal,Unknown,NO
7664,Michael Amato,Boca Raton,FL,USA
7665,Matthew Diehl,Flemington,NJ,USA
7666,John Mariano,Glastonbury,CT,USA
7667,Ibrahim Nasief,Mexico,Unknown,MX
7668,Justin Liberto,Fallston,MD,USA
7669,Vuong Do,Anaheim,CA,USA
7670,Gary Floyd,Scottsdale,AZ,USA
7671,Jesse Decker,New Hope,PA,USA
7672,Manuel Sadornil,Unknown,Unknown,ES
7673,Sean Kenney,Reading,MA,USA
7674,Ian Searing,Smithtown,NY,USA
7675,Vincent Chung,Monterey Park,CA,USA
7676,Kyle Pikorz,New Lenox,IL,USA
7677,Raffi King,Studio City,CA,USA
7678,Alexandre Arsenault,Saint-Leonard,QC,CA
7679,Shiguang Zeng,Beijing,Unknown,CN
7680,Jared Palmer,Peebles,OH,USA
7681,Schuyler Thornton,Corpus Christi,TX,USA
7682,Daniel Vargas,Pasadena,CA,USA
7683,Le Tieu,Garland,TX,USA
7684,Marcin Chmielewski,Unknown,Unknown,PL
7685,Michael Broskij,Unknown,Unknown,NL
7686,Pim Kuipers,Hertogenbosch,Unknown,NL
7687,Dana Nathani Cowles,Howey In The Hills,FL,USA
7688,Paul Pirrone,San Marcos,CA,USA
7689,Ryan Otto,Anasco,PR,USA
7690,Sergon Toma,Unknown,CA,USA
7691,Padraig O'Neill,Unknown,Unknown,IE
7692,George Rahme,Burbank,CA,USA
7693,Jeffrey Colpitts,New York,NY,USA
7694,Sean Gomez,Baltimore,MD,USA
7695,Sofia Lovgren,Gothenburg,Unknown,SE
7696,James Weatherman,Bend,OR,USA
7697,Brian Harrell,Ahoskie,NC,USA
7698,Xixiang Luo,Unknown,Unknown,CN
7699,Ronni Borg,Silkeborg,Unknown,DK
7700,Robert Correa,Lyndhurst,NJ,USA
7701,Robert Dunn,Abbotsford,Unknown,CA
7702,Clinton Hubble,Sanford,MI,USA
7703,Christopher Lastiwka,Edmonton,AB,CA
7704,Lawrence Ma,Rowland Heights,CA,USA
7705,Tim Seidensticker,Miami,FL,USA
7706,Vincent Liu,Chicago,IL,USA
7707,Patrik Korsar,Stockholm,Unknown,SE
7708,Bradley Rhodes,Indianapolis,IN,USA
7709,Michael Rees,Bellmore,NY,USA
7710,Patrick Nordgren,Staffanstorp,Unknown,SE
7711,Yo-Seb Rhee,Unknown,Unknown,JP
7712,Michael Scarborough (OH),Cincinnati,OH,USA
7713,Garrett Jones,Frelerrbra,VA,USA
7714,John Curcuru,Charlotte,NC,USA
7715,Filippo Gandini,Pecetto Torinese,Unknown,IT
7716,Jason Steinert,Dexter,MI,USA
7717,Alex Queen,Bethlehem,PA,USA
7718,Vincent Moscati,Verplanck,NY,USA
7719,Valentino Konakchiev,Sofia,Unknown,BG
7720,Mateusz Rypulak,Unknown,Unknown,PL
7721,Joseph Gegan,Cape May,NJ,USA
7722,Seyed Tabib,Unknown,Unknown,IT
7723,Matthew Donaldson,Saint Charles,MO,USA
7724,Dana Muse,San Jose,CA,USA
7725,Wouter Van Der Peijl,Unknown,Unknown,NL
7726,Aaron Gustavson,Las Vegas,NV,USA
7727,Michael Pempin,Strongsville,OH,USA
7728,Eisuke Katsuren,Unknown,Unknown,JP
7729,Robert Van Houghton Jr,Chicago,IL,USA
7730,Jacob Zalewski,Houston,TX,USA
7731,Andrew Yip,Richmond Hill,ON,CA
7732,Jose Brito,Lisbon,Unknown,PT
7733,Leandro Mrfritod,Sao Paulo,Unknown,BR
7734,Alan Snow,Lynnwood,WA,USA
7735,Michael Hahn,Bloomington,IN,USA
7736,Edmund Mokrzycki,Finlayson,MN,USA
7737,Paulino Uemura Junior,Arapahoe,WY,USA
7738,Christopher Price,Seattle,WA,USA
7739,Scott Mckernan,Rancho Cucamonga,CA,USA
7740,Jody Evans,Vancouver,BC,CA
7741,Tomas Kubaliak,Lucenec,Unknown,SK
7742,Koen Breed,Amsterdam,Unknown,NL
7743,Joae Ferreira,Figueira Da Fuz,Unknown,PT
7744,Kris Hawkins,Austin,TX,USA
7745,Vitaly Tevis,East Norwich,NY,USA
7746,Bernardo Da Silveira Dias,Unknown,Unknown,BR
7747,Cesar Garcia,Canary Island,Unknown,ES
7748,Rudolph Sawa,Commerce Township,MI,USA
7749,Milad Jorshari,Irvine,CA,USA
7750,Danielle Andersen,Henderson,NV,USA
7751,Anderson Medeiros,Canoas,Unknown,BR
7752,Javier Perez Estevez,London,Unknown,USA
7753,Lue Huang,Fairport,NY,USA
7754,Alemu Makonen,Edmonton,AB,CA
7755,Tanveer Dhanjal,Toronto,Unknown,CA
7756,Mariano Cafagna,Barletta,Unknown,IT
7757,Patrick Clarke,Ardee,Unknown,IE
7758,Dawit Tsegai,Calgary,AB,CA
7759,Zheng Yu,Yunan,Unknown,CN
7760,Vivian Saliba,Sao Paulo,Unknown,BR
7761,Warren Maxwell,Maple Valley,WA,USA
7762,Sudhir Setia,Las Vegas,NV,USA
7763,Artem Zverkhovskyy,Unknown,Unknown,UA
7764,Michael Rangel,Laguna Niguel,CA,USA
7765,Aaron Mermelstein,Philadelphia,PA,USA
7766,Harrison Olverd,Carpinteria,CA,USA
7767,Julien Ehrhardt,Sliema,FR,FR
7768,Alexandria Janikova,Bratislava,Unknown,SI
7769,Sonny Franco,Montagnac,Unknown,FR
7770,Arman Kilavuz,Henderson,NV,USA
7771,Paul Staples,Chesterfield,VA,USA
7772,Robert Mcmillan,Prescott,AZ,USA
7773,Jason Daly,Texas City,TX,USA
7774,Robert Zlatkiss,Orlando,FL,USA
7775,Christoph Vogelsang,Unknown,Unknown,DE
7776,Brian Tate,Santa Monica,CA,USA
7777,Kavin Shah,Bradfordsville,KY,USA
7778,Justin Krull,Cypress,TX,USA
7779,Martin Zamani,Boca Raton,FL,USA
7780,Feng Zhou,Unknown,Unknown,CN
7781,Boyan Asenov,Ravda,Unknown,BG
7782,Daniel Barry,San Francisco,CA,USA
7783,Joel Casper,Chicago,IL,USA
7784,Jeff Flannery,Erie,CO,USA
7785,Marc Rivera,New Manilla Qc,Unknown,PH
7786,Cate Hall,Washington,DC,USA
7787,Carlos Colon,East Patchogue,NY,USA
7788,Ly Le,Las Vegas,NV,USA
7789,Chahn Jung,Los Angeles,CA,USA
7790,Christopher Vitch,Phoenix,AZ,USA
7791,Marcin Wydrowski,Gdynia,Unknown,PL
7792,Slobodan Stanculovic,St Andra,Unknown,AT
7793,Neil Patel (MO),St. Louis,MO,USA
7794,John Hulett,Sherman Oaks,CA,USA
7795,Anibal Santiago,Bensalem,PA,USA
7796,Philip Hepburn,Unknown,Unknown,USA
7797,Jamie Flynn,Long Beach,CA,USA
7798,Traian Bostan,Bucharest,Unknown,RO
7799,David Stewart,Punta Gorda,FL,USA
7800,Travis Hartshorn,Sarver,PA,USA
7801,Stoyan Obreshkov,Unknown,Unknown,BG
7802,Clinton Keown,Evansville,IN,USA
7803,Mikhail Korotkikh,Lipetsk,Unknown,RU
7804,Mark Liedtke,Las Vegas,NV,USA
7805,Greg Dyer,Minneapolis,MN,USA
7806,Steven Kelly,Camarillo,CA,USA
7807,Jason Funke,Minnetonka,MN,USA
7808,Gregor Waltermann,Unknown,Unknown,DE
7809,Demosthenes Kiriopoulos,Toronto,Unknown,CA
7810,Stephen Brown,Carrollton,TX,USA
7811,Bryan Rowland,Woodward,OK,USA
7812,Karel Havelka,Boskovice,Unknown,CZ
7813,Curtis Heron,Saskatoon,SK,CA
7814,Michael Knobloch,Forest Park,IL,USA
7815,Jesus Martinez,Barcelona,Unknown,ES
7816,Paul De Froment,Huntington,MA,USA
7817,John Krpan,Burlington,ON,CA
7818,Wesley Cutshall,Cypress,TX,USA
7819,Michael Hauptman,Las Vegas,NV,USA
7820,David Powers,Las Vegas,NV,USA
7821,Dieter Good,Bad Ragaz,NJ,CH
7822,Salim Admon,Westlake Village,CA,USA
7823,David Kalet,Norfolk,NE,USA
7824,Tyler Martin,Broken Arrow,OK,USA
7825,Aneris A,Unknown,Unknown,USA
7826,Mark Gardner,Unknown,Unknown,GB
7827,Christopher Canan,Metairie,LA,USA
7828,Binh Hoang,Eatontown,NJ,USA
7829,Grzegorz Wyraz,Sosnowiec,Unknown,PL
7830,Rafael Bernabe,Islas Baleares,Unknown,ES
7831,Thomas Kaplan,New Rochelle,NY,USA
7832,Rafael Jarufe Farah,Lima,Unknown,PE
7833,Zhuoyang Min,Tempe,AZ,USA
7834,Eyal Eshkar,Unknown,Unknown,IL
7835,Dario Delpiano,Barletta,Unknown,IT
7836,Remi Castaignon,Ladeveze Riviere,Unknown,FR
7837,Bradley Smith,Thornhill,ON,CA
7838,Ren Xingrong,Ningbo Zhejzang,Unknown,CN
7839,Zi Li,Oakland,CA,USA
7840,Emanuel Seal,Winnipeg,MB,CA
7841,Stefan Vagner,Eouleg,Unknown,SK
7842,Talesh Patel,St Augustine,FL,USA
7843,John Schray,Chicago,IL,USA
7844,Romans Voitovs,Liepata,Unknown,LV
7845,Viet Vo,Pearland,TX,USA
7846,Ryan Gianquitti,Boca Raton,FL,USA
7847,Kimberley Kilroy,Stouffville,ON,CA
7848,Mark Darner,Denver,CO,USA
7849,Yashveen Mudireddy,Omaha,NE,USA
7850,Khoi Ta,West Deptford,NJ,USA
7851,Shaun Hegarty,Unknown,Unknown,IE
7852,Joseph Shalgi,Tel Aviv,Unknown,IL
7853,Andrew Hills,Preston,Unknown,GB
7854,Timothy Domboski,Clay,NY,USA
7855,Christopher Neal,Okmulgee,OK,USA
7856,Freddy Caisson,Tahiti,Unknown,PF
7857,John Dobson,Bayonet Point,FL,USA
7858,Raymond Stewart,Winfield,KS,USA
7859,Wissam Abraham,Doral,FL,USA
7860,Harald Matthaeus Sammer,Salzburg,Unknown,DE
7861,Kai Yang,Plano,TX,USA
7862,David Toneman,Santa Clarita,CA,USA
7863,Alex Conklin,Unknown,NY,USA
7864,Joao Monteiro,Fort Smith,AR,USA
7865,Paul Chakoian,N Reading,MA,USA
7866,Carl Carodenuto,Bloomington,MN,USA
7867,Gregg Merkow,Plano,TX,USA
7868,Masaki Nakano,Tokyo,Unknown,JP
7869,Charalampos Lappas,Thessaloniki,Unknown,GR
7870,Brant Taylor,Delta,BC,CA
7871,Ralph Russo,Brooklyn,NY,USA
7872,David Fong,San Jose,CA,USA
7873,Diego Gomezgonzalez,Unknown,Unknown,ES
7874,Arthur Scheiner,Warren,NJ,USA
7875,Mohsin Charania,Chicago,IL,USA
7876,Edward Fritts,Deatsville,AL,USA
7877,Jason Fitzpatrick,Houston,TX,USA
7878,Simon Mattsson,Unknown,Unknown,SE
7879,Joshua Platz,Toronto,ON,CA
7880,Jerome Evans,Syker Str,Unknown,DE
7881,Nissim Gozlan,Plantation,FL,USA
7882,Clyde Gaskins,Lakemore,OH,USA
7883,Gustavo Perdomo,Bogota,Unknown,CO
7884,Duhhm Dolse,Unknown,Unknown,CA
7885,Bahar Musa,Isperih,Unknown,BG
7886,Joseph Weinberger,Las Vegas,NV,USA
7887,Alessandro Minasi,Unknown,Unknown,IT
7888,Bartosz Stasiewicz,Unknown,Unknown,PL
7889,Nikolaos Solomos,Burnside,Unknown,AT
7890,Kenneth Daciolas,Chicago,IL,USA
7891,Zachery Schneider,Harvard,IL,USA
7892,Rafael Gonzalez,Modesto,CA,USA
7893,Jake Larson,Chugiak,AK,USA
7894,Allan Le,Huntington Beach,CA,USA
7895,Maximiliano Gallardo,Unknown,Unknown,AR
7896,Thomas Bauer,Mendota,IL,USA
7897,Damian Hodson,Westland,MI,USA
7898,Joseph Cinquemani,White Plains,NY,USA
7899,James Petzing,Chicago,IL,USA
7900,Robert Fulop,San Francisco,CA,USA
7901,James Bomar,Wellington,FL,USA
7902,Alex Barill,Plymouth,MI,USA
7903,Michael Sneideman,Oceanside,CA,USA
7904,Zheng Shen,Beijing,Unknown,CN
7905,Jose Alastuetaisa,Zaragoza,Unknown,ES
7906,Pamela Buzzetto,Tampa,FL,USA
7907,Kiryl Radzivonau,Barueri,Unknown,BY
7908,Carolyn Tulloch,Innisfail,AB,CA
7909,LaDarren Banks,Tuscaloosa,AL,USA
7910,David Mock,Medford,MA,USA
7911,Jason Wade,Unknown,Unknown,USA
7912,Ivan Zhechev,Unknown,Unknown,BG
7913,Delmiro Toledo,Tulare,CA,USA
7914,Florin Pandilica,Unknown,Unknown,RO
7915,Jeffrey Miller,Jupiter,FL,USA
7916,John Bilello,Elmont,NY,USA
7917,David Eldridge,Cranberry Twp,PA,USA
7918,Kevin Schulz,Chicago,IL,USA
7919,Adam Bonham,Husbands Bosworth,Unknown,GB
7920,Scott Hempel,Windsor,ON,CA
7921,Christopher Baud,Brooklyn,NY,USA
7922,Arne Coulier,Unknown,Unknown,BE
7923,Lee Bercovici,Unknown,Unknown,IL
7924,Anthony Ortega,San Antonio,TX,USA
7925,Truong Nguyen,Arvada,CO,USA
7926,Jorge Breda,Vila Velha,Unknown,BR
7927,Hugo Nazar,Corloha,Unknown,AR
7928,Jonathan Prince,Hampshire,Unknown,GB
7929,Nicholas Howard,Las Vegas,NV,USA
7930,Andy Frankenberger,New York,NY,USA
7931,Pete Males,Canton,MI,USA
7932,Mike Gao,Roslyn,NY,USA
7933,Maxim Babko,Richmond,BC,CA
7934,Richard Monroe,Sedalia,CO,USA
7935,Frederic Hwang,North Richland Hills,TX,USA
7936,Pablo Joaquin Melogno,Punta Del Este,Unknown,UY
7937,Gleb Tremzin,Arkhangelsk,Unknown,RU
7938,Yulius Sepman,St Petersburg,Unknown,RU
7939,Wouter Beumers,Gzira,Unknown,MT
7940,Yordan Petrov,Sliven,Unknown,BG
7941,Joseph Klas,Asheville,NC,USA
7942,Koji Kinugasa,Tokyo,Unknown,JP
7943,Corey Burbick,Davie,FL,USA
7944,Timothy Cavallin,Unknown,Unknown,CA
7945,Michael Walker,Gilbertsville,PA,USA
7946,Richard Ramos,Elk Grove,CA,USA
7947,Brad Albrinck,Cincinnati,OH,USA
7948,Yong An,Las Vegas,NV,USA
7949,Sean Remz,Wellington,FL,USA
7950,Sy Pham,Kettering,OH,USA
7951,Savvas Ioannou,Unknown,Unknown,AU
7952,Michael Goodman,San Jose,CA,USA
7953,Hugh Merlino,East Falmouth,MA,USA
7954,Casey Ring,Independence,OR,USA
7955,Mark Rabkin,Palo Alto,CA,USA
7956,Rich Rice,Ft Lauderdale,FL,USA
7957,Mark Dietz,Unknown,KS,USA
7958,Quang Tran,Garden Grove,CA,USA
7959,Brennan Benglis,Round Rock,TX,USA
7960,Jose Galindo,San Antonio,TX,USA
7961,Jesse Rodriguez,Houston,TX,USA
7962,Jonathan Cohen,Campbell,CA,USA
7963,Bradley Hinson,Charlotte,NC,USA
7964,Mitchell Towner,Austin,TX,USA
7965,David Coleman,Livingston,NJ,USA
7966,Ivan Emanuely,Vincennes,Unknown,FR
7967,Randy Perkins,Davenport,IA,USA
7968,Telemaco Genovesi,Sao Paulo,Unknown,BR
7969,Dan Colpoys,Gloucester,MA,USA
7970,David Len Ashby,Las Vegas,NV,USA
7971,Marco Guibert,Buenos Aires,Unknown,AR
7972,David Gutfreund,Las Vegas,NV,USA
7973,Sumit Asrani,Bedford,KY,USA
7974,Alexandru Masek,Los Angeles,CA,USA
7975,Walter Rodriguez,Unknown,Unknown,MX
7976,Candelaria Vaca,Downey,CA,USA
7977,Lovell Wilkerson,Smyrna,GA,USA
7978,Ronald Mack,Newark,NY,USA
7979,Steven Miller,Indianapolis,IN,USA
7980,Thomas Evans Zanot,Las Vegas,NV,USA
7981,Walter Fisher,Los Angeles,CA,USA
7982,Alan Cutler,Chicago,IL,USA
7983,Luis Abdalla,Sao Paolo,Unknown,BR
7984,Adam Thurman,Columbia,TN,USA
7985,Niko Koop,Cologne,Unknown,DE
7986,Timothy Bishop,Haslett,MI,USA
7987,Richard Wierzba,Ponoka,AB,CA
7988,Angelo Cusinato,Blezard Valley,Unknown,CA
7989,Jonathan Gaviao,Gainesville,TX,USA
7990,Michael Arage,Mississauga,ON,CA
7991,Steven Stout,Milford,MI,USA
7992,Andrew Kelsall,Tampa,FL,USA
7993,Nikhil Gera,Las Vegas,NV,USA
7994,Ricardo Eyzaguirre,Miami,FL,USA
7995,Morgan Machina,Madison,WI,USA
7996,Antal Mezei,Vienna,Unknown,AT
7997,Dobromir Nikov,Haskovo,Unknown,BG
7998,Mikhail Fabro,Belize,Unknown,BZ
7999,David Olshan,Unknown,NY,USA
8000,Jerome Brion,Unknown,Unknown,USA
8001,Clinton Cockburn,Saskatoon,SK,CA
8002,Rodrigo Semeghini,Rio De Janeiro,Unknown,BR
8003,David Mowery,Delavan,WI,USA
8004,Amir Isaiah,Miami,FL,USA
8005,Joseph Trezzo,Downers Grove,IL,USA
8006,Ashley Sleeth,Loxahatchee,FL,USA
8007,Chi Zhang,Nottingham,Unknown,GB
8008,Mario Basler,Osnabvvck,Unknown,DE
8009,Jeffrey Trudeau Jr.,Winter Garden,FL,USA
8010,Charles Fellows,Salisbury,NC,USA
8011,Jerry Burgess,Louisburg,NC,USA
8012,Michael Rossitto,Brooklyn,NY,USA
8013,Yaxi Zhu,Shanghai,Unknown,CN
8014,Kurt Jewell,Frankfort,KY,USA
8015,Boris Kolev,Plovdiv,Unknown,BG
8016,Christoph Haller,Seebruck,Unknown,DE
8017,Joseph Beasy,Little Canada,MN,USA
8018,Juan Nieto,Gaithersburg,MD,USA
8019,Natasha Mercier,Tampa,FL,USA
8020,Byron Ziebell,Hales Corners,WI,USA
8021,David Chocheles,Mandeville,LA,USA
8022,Thomas Heine,Boulder,CO,USA
8023,Isidoro Diaz,Velez Malaga,Unknown,ES
8024,Souichirou Koujiya,Tokyo,Unknown,JP
8025,Jordan Kaplan,Staten Island,NY,USA
8026,Michael Thibeau,Whitman,MA,USA
8027,Chong Cheng,Greenhurst,NY,USA
8028,Brian Horwitz,El Segundo,CA,USA
8029,Alisson Piekazewicz,Unknown,Unknown,BR
8030,Daniel Ades,Buenos Aires,Unknown,AR
8031,Anthony Marquez,Ventura,CA,USA
8032,Yiannis Liperis,Birmingham,Unknown,GB
8033,John MacNaughton,Innisfail,AB,CA
8034,Thomas Campbell,Saginaw,TX,USA
8035,Jacob Stearley,Spring Lake,MI,USA
8036,AJ Bertenshaw,Auckland,Unknown,NZ
8037,Andrew King,Unknown,Unknown,IE
8038,Kevin Noblat,Ancone,Unknown,FR
8039,Quoc Vu,Garland,TX,USA
8040,Alan Percal,Weston,FL,USA
8041,Jarod Einsohn,North Hollywood,CA,USA
8042,Wayne Connors,Wethersfield,CT,USA
8043,Daniel Choi,Las Vegas,NV,USA
8044,Tomas Schlesinger,San Francisco,CA,USA
8045,Gregory Roberts,Tustin,CA,USA
8046,Diego Sanchez,Mexico City,Unknown,MX
8047,Thomas Mercier,Winter Garden,FL,USA
8048,Philippe Bretan,Unknown,Unknown,DE
8049,Arthur Flangas,West Chester,OH,USA
8050,Adrian Vargas,San Juan,Unknown,AR
8051,David Berman,Aurora,OH,USA
8052,Serge Chechin,Unknown,Unknown,FR
8053,Patrick Mahoney,Lakeland,tn,USA
8054,Javier Zarco,Madrid,Unknown,ES
8055,Nir Levy,Rehovot,Unknown,IL
8056,Maxwell Brown,Lake Oswego,OR,USA
8057,Daniel DiPasquale,Derry,NH,USA
8058,Michael Walsh,Port Washington,NY,USA
8059,Joey Smalley,Appling,GA,USA
8060,Joseph Curcio,Ny,NJ,USA
8061,Geremi Wicinski,Antioch,IL,USA
8062,Yanki Koppel,Sunnyvale,CA,USA
8063,Jinghan Yan,Beijing,Unknown,CN
8064,Justin Parker,Unknown,TN,USA
8065,Knute Lentz,Mooresville,IN,USA
8066,Ty Reiman,Morton,IL,USA
8067,Douglas Hartwick,Willowdale,ON,CA
8068,Darryll Fish,Miami,FL,USA
8069,Zachary Donovan,Franklin,MA,USA
8070,Ryan Arguello,Unknown,IA,USA
8071,Christopher Savage,Baton Rouge,LA,USA
8072,Victor Crisostomo,Encino,CA,USA
8073,Tanaka Shinobu,Kobe,Unknown,JP
8074,Stuart Lieblein,New Hyde Park,NY,USA
8075,Adam Monaghan,London,Unknown,GB
8076,Kazuma Tanaka,Unknown,Unknown,JP
8077,Taylor Pollard,Concord,CA,USA
8078,Anthony Bogard,Wylie,TX,USA
8079,Mark Schoenberg,Plainfield,IL,USA
8080,Mark Arum,Atlanta,GA,USA
8081,Jeffrey Borris,Calabasas,CA,USA
8082,Chaz Curtiss,Las Vegas,NV,USA
8083,Peter Gangi,Bethel,CT,USA
8084,Robert Geith,Indianapolis,IN,USA
8085,Anatoly Filatov,Unknown,Unknown,RU
8086,Todd Hansen,Mesa,AZ,USA
8087,William Dempsey,Munster,IN,USA
8088,Bradley Golomb,Central,SC,USA
8089,John Eckerd,Plano,TX,USA
8090,Jeffrey Leonard,Anchorage,AK,USA
8091,Richard Meza,Bronx,NY,USA
8092,Eric Wasylenko,Dugald,MB,CA
8093,Julie Cornelius,Rockville,MD,USA
8094,Dean Potashner,Morristown,NJ,USA
8095,Thomas Reynolds,Raleigh,NC,USA
8096,Kristian Wiermyhr,Fornebu,Unknown,NO
8097,Haohao Lin,Houston,TX,USA
8098,Abraham Faroni,Penn Valley,PA,USA
8099,Christian Rudolph,Vienna,Unknown,DE
8100,Mario Lopez (CA),Cloverdale,CA,USA
8101,Daniel Blum,Gainesville,FL,USA
8102,Chris Wiemers,Omaha,NE,USA
8103,Kenneth Cleeton,Effingham,IL,USA
8104,Huijie Zhou,Central Park Beijing,Unknown,CN
8105,Chris Wooden,Old Hickory,TN,USA
8106,Tommy Vu,Cary,NC,USA
8107,John Simon,Naperville,IL,USA
8108,Rami Mornel,Vancouver,WA,USA
8109,Kevin Tohivsky,Ayr,ON,CA
8110,James Dempsey,Hove,Unknown,GB
8111,Duane Graff,Hickory Hills,IL,USA
8112,Daniel Eichhorn,Henderson,NV,USA
8113,John Del Rossi,Las Vegas,NV,USA
8114,Stephen Wan,New York,NY,USA
8115,Paul Fehlig,Saint Louis,MO,USA
8116,Robert Bogo,Peoria,AZ,USA
8117,James Hodges,Cincinnati,OH,USA
8118,Jost Beifuhs,Brightten,Unknown,GB
8119,Marius Johansen,Sorhjosen Troms,Unknown,NO
8120,Jun Obara,Morioka,Unknown,JP
8121,Scott Seiver,Las Vegas,NV,USA
8122,Matthew Niner,Arlington,VA,USA
8123,Breandain Keating,Boston,MA,USA
8124,Joshua Palmer,Hamptonville,NC,USA
8125,Lawrence Bayley,Unknown,Unknown,GB
8126,William Brock,Pelham,AL,USA
8127,Rick Marting,Las Vegas,NV,USA
8128,Brian Wood,Houston,TX,USA
8129,Friedrich Meyer,Ulm,Unknown,DE
8130,Carl Brewington,Nashville,TN,USA
8131,Daiva Byrne,London,Unknown,GB
8132,Paul DeGiulio,Unknown,Unknown,BM
8133,John Bonadies Ii,Bedford,Unknown,GB
8134,Christopher Lane,Brandon,MS,USA
8135,Duff Charette,Ottawa,ON,CA
8136,Dren Ukella,Unknown,Unknown,GE
8137,Michael Sanders,Russellville,AR,USA
8138,Srinivasa Godavarthy,Dublin,CA,USA
8139,James Oconnor,East Setauket,NY,USA
8140,Herbert Turner,Apopka,FL,USA
8141,Sergei Kislinskii,Rostov,Unknown,RU
8142,Joseph Skinner,Corpus Christi,TX,USA
8143,Joel Kim,Los Angeles,CA,USA
8144,Harrison Beach,N Las Vegas,NV,USA
8145,Philip Yan,Princeton,NJ,USA
8146,Jameson Painter,Las Vegas,NV,USA
8147,Tyler Ming,Nikiski,AK,USA
8148,Peter Zolnai,Bustins Island,ME,USA
8149,Michael Gross,Las Vegas,NV,USA
8150,Charlotte Godwin,London,Unknown,GB
8151,Evan Sandberg,San Francisco,CA,USA
8152,Blaise Hom,Rosemead,CA,USA
8153,David Hipperson,Saint Louis,MO,USA
8154,Krysta Delima,Las Vegas,NV,USA
8155,Jonathan Weinbach,New York,NY,USA
8156,Russ Head,Cedartown,GA,USA
8157,William Gibbons,Middleton,WI,USA
8158,Abdulrahim Amer,Westerville,OH,USA
8159,Quang Ngo,Lawrence,KS,USA
8160,Robert Brown,Harriman,TN,USA
8161,Enio Bozzano,Unknown,Unknown,BR
8162,Jason Ramos,Carol Stream,IL,USA
8163,Shannon Petluck,Mansfield,MA,USA
8164,Ronald Gesmundo,Markham,ON,CA
8165,Jeffery Dorr,Saginaw,MI,USA
8166,Tom Brownlee,Unknown,Unknown,GB
8167,David Miscikowski,San Diego,CA,USA
8168,Mandeep Sah,Gahanna,OH,USA
8169,Deepinder Singh,Torrance,CA,USA
8170,Hoflehner Helmut,Eggersdorf,Unknown,AT
8171,Denis Timofeev,Springfield,MA,USA
8172,Christian Nilles,Unknown,Unknown,DE
8173,Mel Elpusan,Seattle,WA,USA
8174,Jonathan Kyriakides,Pickering,Unknown,CA
8175,Brian Stengel,Unknown,CT,USA
8176,Rory Rees-Brennan,Dublin,Unknown,IE
8177,Darin Feinstein,Beverly Hills,CA,USA
8178,Brandon West,Las Vegas,NV,USA
8179,Steve Pavlichek,Dacula,GA,USA
8180,Daniel Ferszt,Aurora,CO,USA
8181,Shawn Wilson,Woodstock,ON,CA
8182,Raad Farida,La Mesa,CA,USA
8183,Bryan Ngo,Richmond,VA,USA
8184,Hung Le,Huber Heights,OH,USA
8185,Jeremy Saderne,St Nitre Les Remparts,Unknown,FR
8186,Ryan Breslin,New York,NY,USA
8187,Travis Ormond,Austin,TX,USA
8188,James James,Hawthorn Woods,IL,USA
8189,Peter Treglia,Irvine,CA,USA
8190,George Tomasevich,Burbank,IL,USA
8191,Phillip Hui,Lauderhill,FL,USA
8192,Victor Choupeaux,Saint Brieve,Unknown,FR
8193,Rene Charland,South Windsor,CT,USA
8194,Michal Lubas,Zielona Gora,Unknown,PL
8195,Darin Utley,Cedar Rapids,IA,USA
8196,Craig Chait,Newport Beach,CA,USA
8197,Kyle Hartree,Edmonton,AB,CA
8198,Robert Boyko,Yonkers,NY,USA
8199,Ronald Surenkamp,Avon,IN,USA
8200,Michael Newman,Fort Lauderdale,FL,USA
8201,Jeffrey Castilho,Sausalito,CA,USA
8202,Cindy Kerslake,Calgary,ON,CA
8203,Richard Tinsley,Los Gatos,CA,USA
8204,Dean Murphy,Montreal,Unknown,CA
8205,Manh Nguyen,Homestead,PA,USA
8206,Di Zhang,Unknown,Unknown,CN
8207,Benjamin Chalot,Budapest,Unknown,FR
8208,Darrell Shock,Las Vegas,NV,USA
8209,Allen Kuo,San Francisco,CA,USA
8210,Alexander Deutsch,Plano,TX,USA
8211,Jules Dickerson,Kent,Unknown,GB
8212,Jack King,Clayton,NJ,USA
8213,Maximilian Schindler,Saint Louis,MO,USA
8214,Ryan Phan,Omaha,NE,USA
8215,Ronald Sullivan,Bradenton,FL,USA
8216,Paul Baksi,Ridley Park,PA,USA
8217,Joshua Greenberg,Las Vegas,NV,USA
8218,Jonathan Mohl,Yorktown Heights,NY,USA
8219,Tony Miles,Ormond Beach,FL,USA
8220,Michael Dyer,Houston,TX,USA
8221,Nicolas Manion,Muskegon,MI,USA
8222,Aram Zobian,Las Vegas,NV,USA
8223,Artem Metalidi,Kiev,Unknown,UA
8224,Antoine Labat,Vincenna,Unknown,FR
8225,Konstantin Beylin,Saint Louis,MO,USA
8226,Martijn Gerrits,Unknown,Unknown,NL
8227,Ming Xi,Nanjing,Unknown,CN
8228,Alexander Haro,Claremont,CA,USA
8229,Paulo Goncalves,Belo Horizonte,Unknown,BR
8230,Nirath Rean,Bellevue,WA,USA
8231,Eric Froehlich,Las Vegas,NV,USA
8232,Bart Lybaert,Mechelen,Unknown,BE
8233,Barry Hutter,Hollywood,FL,USA
8234,Jorden Fox,Los Angeles,CA,USA
8235,Samuel Bernabeu,Elda,Unknown,ES
8236,Danny Tang,Unknown,Unknown,HK
8237,Andres Jeckeln,Mar Del Plata,Unknown,AR
8238,Nishant Sharma,Clermont,KY,USA
8239,Ricardo Souza,Rio De Janeiro,Unknown,BR
8240,Jan Mach,Havirov,Unknown,CZ
8241,Kerry Bell,Bogart,GA,USA
8242,Randall Lack,Houston,TX,USA
8243,Richard Pyne (FL),Lake Mary,FL,USA
8244,Ubaid Gada Habib,Tracy,CA,USA
8245,Mike Jukich,Lynchburg,VA,USA
8246,Mark Stockton,Las Vegas,NV,USA
8247,Volodymyr Drokin,Unknown,Unknown,UA
8248,Ryan Rivers,Orillia,ON,CA
8249,Franklin Azevedo,Dos Palos,CA,USA
8250,Shaun O'Donnell,Succasunna,NJ,USA
8251,Roger Lussier,East Islip,NY,USA
8252,Michael Cordell,Little Rock,AR,USA
8253,Krasimir Yankov,Blagoevgrad,Unknown,BG
8254,Michael Feil,Bruck,Unknown,DE
8255,Brent Ballentine,Southgate,MI,USA
8256,Mario Mosbock,St Polten,Unknown,AT
8257,Nils Tolpingrud,Glen Burnie,MD,USA
8258,Mason Barrell,Eugene,OR,USA
8259,Robert Fabre,Florence,KY,USA
8260,Paulino Uemura,Unknown,Unknown,BR
8261,Laurynas Levinskas,Kaunas,Unknown,LT
8262,Vicent Bosca,Unknown,Unknown,ES
8263,Alexander Ziskin,Vernon Hills,IL,USA
8264,Aleksandr Shevelev,Krasnoyursk,Unknown,RU
8265,Peter Nguyen,Plano,TX,USA
8266,Sharukh Shaw,Poughkeepsie,NY,USA
8267,Jack Duong,South Plainfield,NJ,USA
8268,Alexander Gross,Hawthorn Woods,IL,USA
8269,Vivek Rughani,Unknown,Unknown,IN
8270,Jeremy Ansher,Columbia,MD,USA
8271,Barry Faecher,Lakewood,CO,USA
8272,Philip Chun,Houston,TX,USA
8273,Seth Foster,Deberry,TX,USA
8274,Ayman Qutami,Redwood City,CA,USA
8275,Ognjen Sekularac,Belgrade,Unknown,RS
8276,Justin Harvell,Nashville,TN,USA
8277,Brayden Gazlay,Scottsdale,AZ,USA
8278,Chris Da-Silva,Dagenham,Unknown,GB
8279,Michael Lavenburg,Montville,NJ,USA
8280,Cory Williams,Alva,FL,USA
8281,Sean Marshall,Burlingame,CA,USA
8282,Jonathon Prested,Newcastle-Upon,Unknown,GB
8283,Jason Maeroff,Atlanta,GA,USA
8284,Victor Pedote Dos Santos,Unknown,Unknown,BR
8285,Hector Dominguez-Depaz,Las Vegas,NV,USA
8286,Nikolaos Platis,Unknown,Unknown,USA
8287,Brian Altman,Boston,MA,USA
8288,Steven Federspiel,Tiffin,IA,USA
8289,Matas Cikinas,Unknown,Unknown,LT
8290,Adam Rude,Clarksville,TN,USA
8291,Matthew Sabia,Bethlehem,PA,USA
8292,Natalie Teh,Unknown,Unknown,MY
8293,Joseph Melancon,San Diego,CA,USA
8294,Stanley Lee,Las Vegas,NV,USA
8295,Timothy McDermott,Santa Rosa,CA,USA
8296,Daniel Merrilees,Unknown,Unknown,GB
8297,William Kopp,Brecksville,OH,USA
8298,Kartik Ved,Mumbai,Unknown,IN
8299,Noe Cantu,Victoria,TX,USA
8300,Jeffery Hobrecker,Niagara Falls,NY,USA
8301,Eric Kepper,Seattle,WA,USA
8302,Rodeen Talebi,Los Angeles,CA,USA
8303,Fredrik Kaarem,Oslo,Unknown,NO
8304,Ben Jackson,Stafford,Unknown,GB
8305,Michael Reardon,Saint Clair Shores,MI,USA
8306,Daniel Wolf,Butler,PA,USA
8307,Brett Silverman,Dacula,GA,USA
8308,Phillip Mighall,Brighton,Unknown,GB
8309,Kenneth Watson,Montego Bay,Unknown,JM
8310,John Botticello,Manalapan,NJ,USA
8311,Scott Einiger,Montebello,NY,USA
8312,Eric Liebeler,Mclean,VA,USA
8313,Tristan Bain,Richmond,Unknown,AU
8314,Rocco Palumbo,Unknown,Unknown,IT
8315,Martin Sejer,Unknown,Unknown,DK
8316,Tobias Ziegler,Bruhl,Unknown,DE
8317,Matthew Stein,Bettsville,OH,USA
8318,Bryce McVay,Tampa,FL,USA
8319,Mantas Bagicuis,Nilruis,Unknown,LT
8320,William Hickey,Dallas,TX,USA
8321,John Bolton,Matteson,IL,USA
8322,Brian Borne,Spring Branch,TX,USA
8323,Pierre Gentil,Puisserguier,Unknown,FR
8324,Gregory Perry,Cortland,OH,USA
8325,Anthony Desai,Lancaster,CA,USA
8326,Rayo Kniep,San Francisco,CA,DE
8327,Brian Green,Decatur,TX,USA
8328,Christopher Ahrens,Malkenbach,Unknown,DE
8329,Scott Wilson,Vancouver,BC,CA
8330,Michael Haddad,Yonkers,NY,USA
8331,Loc Nguyen,Trussville,AL,USA
8332,Shigeho Yoshioka,Tokyo,Unknown,JP
8333,Roman Lanzerstorfer,Leopoldsch Lag,Unknown,AT
8334,Kilian Loeffler,Unknown,Unknown,DE
8335,Chou Chou,Las Vegas,NV,USA
8336,Vi Do,Las Vegas,NV,USA
8337,Gavin Cochrane,Welwyn,Unknown,GB
8338,William Simpson,Baton Rouge,LA,USA
8339,Ashley Locker,Scarborough,Unknown,GB
8340,David Chen,Burlingame,CA,USA
8341,Santiago Soriano,Barcelona,Unknown,ES
8342,Tomas Novotny,Praha,Unknown,CZ
8343,Juan Pardo Dominguez,Cortilligos,Unknown,ES
8344,Scott Franklin,London,Unknown,GB
8345,Pablo Fernandez Campo,London,Unknown,GB
8346,Peter Cross,Glendale,CA,USA
8347,Frederik Salari,Vancouver,BC,CA
8348,Crystal Utley,Morganfield,KY,USA
8349,Federico Quevedo,San Costa,Unknown,CR
8350,Takashi Matsushita,Unknown,Unknown,JP
8351,Erwin Fonacier,Yonkers,NY,USA
8352,Alexander Wong,Ottawa,ON,CA
8353,James Romano,Lone Tree,CO,USA
8354,Matthew Klapstein,Edmonton,AB,CA
8355,Robert Welch,Baldwinville,MA,USA
8356,Robert Gussoni,Los Angeles,CA,USA
8357,Alexandro Tricarico,Belgium,Unknown,BE
8358,Timothee Scotti,Lavallos-Perret,Unknown,FR
8359,Yang Zhang,Dalian,Unknown,CN
8360,Robert Goldbaum,Chappaqua,NY,USA
8361,Chi Chan,Vancouver,BC,CA
8362,Aymon Hata,Meerbusch,Unknown,DE
8363,Tobias Peters,Alkmaar,Unknown,NL
8364,Axel Hallay,Angers,Unknown,FR
8365,Dong Kim,Las Vegas,NV,USA
8366,Samuel Touil,Unknown,Unknown,FR
8367,Craig Trost,Madison,WI,USA
8368,Andrea Buonocore,Unknown,Unknown,IT
8369,Jans Arends,Groningen,Unknown,NL
8370,Jake Schwartz,New York,NY,USA
8371,Anthony Marsico,Bloomingdale,IL,USA
8372,Yashuo Chin,Wichita,KS,USA
8373,Nicholas Petitti,Denver,CO,USA
8374,Ludovic Geilich,Glasgow,Unknown,GB
8375,Simon Thwaites,Dunedin,Unknown,NZ
8376,Jeffrey Benhart,Lutherville,MD,USA
8377,Justin Nguyen,Stockton,NV,USA
8378,Arsenii Karmatckii,Yekaterinburg,Unknown,RU
8379,Ignacio Lopez De Maturana,Madrid,Unknown,ES
8380,Matthew Reimers,Waukee,IA,USA
8381,Brandon Abbaspour,Seminole,FL,USA
8382,Loc Nguyen,Houston,TX,USA
8383,Eric Sfez,Neuilly Sur Seine,Unknown,FR
8384,Nicholas Treppiedi,South Richmond Hill,NY,USA
8385,Chad Ryan,Fort Mcmurray,AB,CA
8386,Stephan Sieber,Erfurt,Unknown,DE
8387,Victor Chu,Medford,MA,USA
8388,Daniel Engels,Las Vegas,NV,DE
8389,Joshua Jackson,Torrance,CA,USA
8390,Park Yu Cheung,Unknown,Unknown,HK
8391,Julius Colman,Brighton,Unknown,AU
8392,Tommy Townsend,Boerne,TX,USA
8393,Mina Greco,Katy,TX,USA
8394,Beau Wilshire,Shawnee,KS,USA
8395,Jurgen Wenigwieser,Unknown,Unknown,AT
8396,Matt Mercurio,Las Vegas,NV,USA
8397,Zakarya Wolgamott,Coconut Creek,FL,USA
8398,Johan De Graaff,Boksburg,Unknown,ZA
8399,Mohamed Mokrani,Unknown,Unknown,FR
8400,Christopher Fitzgerald,Menlo Park,CA,USA
8401,Michael Bailey,Oshawa,ON,CA
8402,Richard Ali,Oakdale,PA,USA
8403,Sunil Verma,Tarrytown,NY,USA
8404,Jimmy Fedorkevich,Austin,TX,USA
8405,Erwin Dewald,Fort Worth,TX,USA
8406,Lawrence Pileggi,Pittsburgh,PA,USA
8407,Paul Michaelis,Unknown,Unknown,DE
8408,Lior Segre,Foxboro,MA,USA
8409,Christopher Wicher,Endicott,NY,USA
8410,Kyle Merron,Athol,MA,USA
8411,Mark Kaganovsky,Brooklyn,NY,USA
8412,Gal Yifrach,Los Angeles,CA,USA
8413,Nils Forss,Staffanstorp,Unknown,SE
8414,Winson Yuen,Graham,NC,USA
8415,Daniel Hernandez,Honolulu,HI,USA
8416,Tyler Rueger,New Hartford,NY,USA
8417,James Little,San Francisco,CA,USA
8418,Kaylen Lebaron,Anchorage,AK,USA
8419,Laurent Polito,Nevilly Sur Seine,Unknown,FR
8420,Anthony Hugenberg,Folsom,CA,USA
8421,Kenneth Adams,Washington,DC,USA
8422,Emin Babayev,Kasan,Unknown,AZ
8423,Michael Wong,Westminster,CA,USA
8424,Anatoly Korochensky,Rostov On Don,Unknown,RU
8425,Hayden Glassman,Rochester,NY,USA
8426,Joseph Young,Frisco,TX,USA
8427,Cash Carpenter,Olathe,KS,USA
8428,Will Jaffe,Bridgehampton,NY,USA
8429,Amauri Grutka,Passo Fundu,Unknown,BR
8430,Stephen Torre,West Bend,WI,USA
8431,Dennis Wilke,Greigswald,Unknown,DE
8432,Christopher Leslie,Portland,OR,USA
8433,Cleadus Thompson,New Market,AL,USA
8434,Aaron Moreau-Cook,Bothell,WA,USA
8435,Edward Alicea,Ramsey,NJ,USA
8436,Pedro Correa,Santo Andre,Unknown,BR
8437,Mustapha Kanit,Alessandria,Unknown,IT
8438,Michael Haberman,Brick,NJ,USA
8439,Larry Hirschfield,Boca Raton,FL,USA
8440,Darren Elias,Philadelphia,PA,USA
8441,Kevin Mcminniman,Lewisville,TX,USA
8442,Benjamin Keiley,Missoula,MT,USA
8443,Ivan Galinec,Unknown,Unknown,HR
8444,Nick Jivkov,Plovdiv,Unknown,BG
8445,Oleg Chebotarev,Lipetsk,Unknown,RU
8446,Samy Boujmala,Mareillan,Unknown,FR
8447,Tam Nguyen,Riverside,CA,USA
8448,Kathryn Cappuccio,Brigantine,NJ,USA
8449,Yoon Kim,Greenfield,WI,USA
8450,Ian Bott,Austin,TX,USA
8451,Simon Mallemaci,Rio Grande,Unknown,AR
8452,Jerad Klick,Canton,OH,USA
8453,Anthony Ibrahim,Annandale,VA,USA
8454,Chad Wiedenhoeft,Whitewater,WI,USA
8455,Rafael Oliveira Ferreira,Porto Alegre,Unknown,BR
8456,Rene Crha,Brno,Unknown,CZ
8457,Scott Vener,Los Angeles,CA,USA
8458,Keith Carter,Dallas,TX,USA
8459,Andrew Wilson,Bolton,Unknown,GB
8460,Quang Vu,Westminster,CA,USA
8461,Borut Mlakar,Solvenia,Unknown,SI
8462,Jose Puente,Huelva,Unknown,ES
8463,In Sun Geoum,New York,NY,USA
8464,Chen-An Lin,New Taipei,Unknown,TW
8465,Jesse McVicker,Lawton,OK,USA
8466,Ronald Sewell,Shelby,NC,USA
8467,Adam Walton,Thousand Oaks,CA,USA
8468,Scott Hamilton-Hill,Unknown,Unknown,NZ
8469,Carole Agostini,West Hollywood,CA,USA
8470,Smain MAMOUNI,Svigny Islorge,Unknown,FR
8471,Romain Lefebvre,Paris,Unknown,FR
8472,Ryan Hohner,South Plainfield,NJ,USA
8473,Felix Merdinger,Strasbourg,Unknown,FR
8474,Michael Messick,Herndon,VA,USA
8475,Marco Iodice,Unknown,Unknown,IT
8476,Lachezar Petkov,Unknown,Unknown,BG
8477,Mike Takayama,Mandalvyn,Unknown,PH
8478,Arturas Astrauskas,Willowbrook,IL,USA
8479,Frank Flowers,Pleasant Valley,NY,USA
8480,Ronnie Day,Fairborn,OH,USA
8481,Dan Wirgau,Bloomfield Hills,MI,USA
8482,Hisham Salama,San Francisco,CA,USA
8483,Dominik Panka,Kilinskiego,Unknown,PL
8484,Blake Battaglia,Chicago,IL,USA
8485,Sterling Lipscomb,Spokane,WA,USA
8486,Juan Vecino,Grenville,Unknown,ES
8487,Stephen Song,Greenwich,CT,USA
8488,Donald Holmes,Watkinsville,GA,USA
8489,Samy Charni,Saint Julion,Unknown,FR
8490,Benjamin Jones,Unknown,Unknown,GB
8491,Not Reported,Stockholm,Unknown,SE
8492,Glen Chadwick,Melbourne,Unknown,AT
8493,Fabian Gumz,Unknown,Unknown,DE
8494,Christopher Park,Los Angeles,CA,USA
8495,Nadya Magnus,Palatine,IL,USA
8496,Elias Hourani,Houston,TX,USA
8497,Jeffrey Kim,Huntingdon Valley,PA,USA
8498,Christopher Mcnally,Bensalem,PA,USA
8499,Cody Espeseth,Merrifield,MN,USA
8500,Shinya Shimada,Maizuru,Unknown,JP
8501,Bobby Lee,Las Vegas,NV,USA
8502,Edward Ludwig,Metairie,LA,USA
8503,Tony Hartmann,Shakopee,MN,USA
8504,Raphael Lovey,Unknown,Unknown,CH
8505,Ari Shin,Hermosa Beach,CA,USA
8506,Jacob Rasmussen,Copenhagen,Unknown,DK
8507,Frank Lin,Los Angeles,CA,USA
8508,Manuel Saavedra Nunez,Badajoz,Unknown,ES
8509,Jeffery Stocking,Saint Joseph,MO,USA
8510,Gary Hasson,Brussels,Unknown,BE
8511,Noel Oconnor,Abington,MA,USA
8512,Yuan Ting,Silver Spring,MD,USA
8513,Christopher Tham,San Francisco,CA,USA
8514,Moundir Zoughari,Unknown,Unknown,FR
8515,Joshua Blatchford,West Warwick,RI,USA
8516,Bruce Russell,Los Angeles,CA,USA
8517,Alexander Zeligman,Surrey,Unknown,GB
8518,Robert Suer,Dana Point,CA,USA
8519,Sean Ruane,Maywood,NJ,USA
8520,Connor Berkowitz,Manalapan,NJ,USA
8521,Bo Oh,Los Angeles,CA,USA
8522,Adam Burriss,Durham,NC,USA
8523,Paul Schattauer,Seattle,WA,USA
8524,Matthew Emmel,Charlotte,NC,USA
8525,Eric Fields,Greensboro,NC,USA
8526,Franck Eburderie,Maule,Unknown,FR
8527,Loi Nguyen,Broomfield,CO,USA
8528,Ryan Van Sanford,Pittsburgh,PA,USA
8529,Shaotong Chang,Beijing,Unknown,CN
8530,Anton Sazonau,Minsk,Unknown,BI
8531,Rijad Hasani,Prishtina,Unknown,XK
8532,Benjamin Ridino,Aptos,CA,USA
8533,Taylor Hale,Strongsville,OH,USA
8534,Roberto Rodriguez Carrera,Unknown,Unknown,ES
8535,Thomas Kubin,St. Louis,MI,USA
8536,David McGowan,Chicago,IL,USA
8537,Rizziero Osso,Harrington Park,NJ,USA
8538,Daniel Howe,Brigantine,NJ,USA
8539,Martin Carnero,Davie,FL,USA
8540,Lou Garza,San Antonio,TX,USA
8541,David Quang,Guelph,ON,CA
8542,Samir Bhatia,Plano,TX,USA
8543,Nicholas Bowen,Pensacola,FL,USA
8544,Sami Shurbaji,Dyer,IN,USA
8545,Mladen Vukovic,Glenwaverley,Unknown,AU
8546,Eugene Todd,Brooklyn,NY,USA
8547,Daniel Marin,Bastrop,TX,USA
8548,Peter Forsstrom,Atlanta,GA,USA
8549,Daniel Vandyke,Canton,MI,USA
8550,Jacob Corda,Birmingham,AL,USA
8551,Tweed Vorhees,Dover,OH,USA
8552,James Lykins,Summerville,SC,USA
8553,Maksym Lavrov,Kharkov,Unknown,UA
8554,Lumni Zhuta,Wolcott,CT,USA
8555,Jessica Dawley,Las Vegas,NV,USA
8556,Lucas Drolet,Shawinigan,QC,CA
8557,Bogdan Capitan,Cluj,Unknown,RO
8558,Alexandre Amiel,Unknown,Unknown,USA
8559,Richard Thousand,Ankeny,IA,USA
8560,Brian Sherrier,Point Pleasant Boro,NJ,USA
8561,Frank Pasquale,Budd Lake,NJ,USA
8562,David Nardella,Lewis Center,OH,USA
8563,Yarron Bendor,Scottsdale,AZ,USA
8564,Alexander Ignatov,Chicago,IL,USA
8565,Raymond Trujillo,Barstow,CA,USA
8566,Terry Shortland,Powder Springs,GA,USA
8567,Nikolay Fal,Moscow,Unknown,RU
8568,Nageswaran Sarangapani,West Roxbury,MA,USA
8569,Gerard Cassis,Unknown,Unknown,HT
8570,Thomas Winstone,Unknown,Unknown,GB
8571,David Espinola,Dracut,MA,USA
8572,Tomas Szwarcberg,Mexico City,Unknown,MX
8573,Christopher Herrin,Rancho Cucamonga,CA,USA
8574,Rotem Chen,Las Vegas,NV,USA
8575,Cody Bell,Yorba Linda,CA,USA
8576,Yannik Hofmann,Vienna,Unknown,DE
8577,Jaideep Sajwan,Unknown,Unknown,IN
8578,Andy Phan,Garden Grove,CA,USA
8579,Robert Sherwood,Birmingham,Unknown,GB
8580,Gergely Kulcsar,Lanesboro,MA,USA
8581,Michael Stokey,Dover,OH,USA
8582,Debby Perkins,Santa Monica,CA,USA
8583,Toby Boas,Daytona Beach,FL,USA
8584,Mark Mazza,Unknown,Unknown,USA
8585,Elizabeth Montizanti,Council Bluffs,IA,USA
8586,Michael Zuckerman,Plantation,FL,USA
8587,Vladimir Burstein,Lipnik Nad,Unknown,CZ
8588,Robert Williams,Unknown,Unknown,USA
8589,John Henwood,Vancouver,Unknown,CA
8590,David Eilers,Rocky Mount,NC,USA
8591,James Romero,Las Vegas,NV,USA
8592,Keith Lutz,La Grange,IL,USA
8593,Andrew Michael,Greenacres,Unknown,AU
8594,Michael Cohen,Manalapan,NJ,USA
8595,Scot Robinson,Rolling Hills Estates,CA,USA
8596,Andrew Yeh,Las Vegas,NV,USA
8597,Colin Robinson,Anthem,AZ,USA
8598,Nicholas Schuman,Raleigh,NC,USA
8599,Aaron Dalnoot,Cambridge,MA,USA
8600,Brandon Bowyer,Riverside,CA,USA
8601,Michael Urhausen,San Jose,CA,USA
8602,Oleksandr Vaserfirer,Unknown,Unknown,UA
8603,Jeremy Eyer,Gulfport,MS,USA
8604,Kelvin Kerber,Unknown,Unknown,BR
8605,Edward Sageer,Syracuse,NY,USA
8606,Nikola Gunchev,Unknown,Unknown,BG
8607,Ying Fu,Beijing,Unknown,CN
8608,Jamie Cohen,Oceanside,NY,USA
8609,Todd Rodgers,Las Vegas,NV,USA
8610,Glenn Davidson,Lexington,KY,USA
8611,Daniel De Almeida,Unknown,Unknown,BR
8612,Dustin Goldklang,Asheville,NC,USA
8613,John Ross,The Woodlands,TX,USA
8614,Arne Ruge,Unknown,Unknown,DE
8615,George Hamati,Canton,MI,USA
8616,Jordan Young,Las Vegas,NV,USA
8617,Frank Dilorenzo,Maywood,NJ,USA
8618,Joris Springael,Mol,Unknown,BE
8619,William Chattaway,Unknown,Unknown,GB
8620,Jeff Berwick,Edmonton,AB,CA
8621,Johnny Skeens,Morrisville,IN,USA
8622,Sean Baik,Whitestone,NY,USA
8623,Jerome Mangum,Oceanside,CA,USA
8624,David Lehnen,Unknown,Unknown,DE
8625,Arden Cho,Studio City,CA,USA
8626,Christopher Wood,Hartepool,Unknown,GB
8627,Edward Hislop,Ottawa,ON,CA
8628,Marc Kleinman,Wilmington,DE,USA
8629,Harold Evans,Evansville,IN,USA
8630,Freddy Caisson,Pirae,Unknown,FR
8631,Chun Yam,Unknown,Unknown,GB
8632,Michael Shelton,Jeffersonvlle,IN,USA
8633,Luiz Carnasciali,Curitiba,Unknown,BR
8634,Vegard Andreassen,Oslo,Unknown,NO
8635,Nitesh Rawtani,Las Vegas,NV,USA
8636,Stuart Taylor,Unknown,QC,CA
8637,Martin Stoyanov,Unknown,Unknown,BG
8638,Clavet Mathieu,Quebec City,QC,CA
8639,Ryan Pignatelli,Oakville,ON,CA
8640,David Cabrera Polop,Unknown,Unknown,ES
8641,Fatima Nanji,Vancouver,BC,CA
8642,Erik Lemarquand,Scarborough,ON,CA
8643,Matthew Gordon,Visalia,CA,USA
8644,David Konsky,Syosset,NY,USA
8645,Bruce Vernet,Palmyra,PA,USA
8646,Craig Gonzales,Highland,CA,USA
8647,Gary Leibovitz,Chicago,IL,USA
8648,Kenneth Stacy,Bristol,VA,USA
8649,Marvin Rosen,Syosset,NY,USA
8650,Peter Splettstoesser,Berlin,Unknown,DE
8651,Scott Watson,Boca Raton,FL,USA
8652,Harley Thrower,Cumming,GA,USA
8653,Austin Wentling,Monroeville,PA,USA
8654,Richard Howe,Seaham,Unknown,GB
8655,Gerald Siemienas,Arlington Heights,IL,USA
8656,Yvonne Mcquillan,Fort Myers,FL,USA
8657,Adrian Lopez,Unknown,Unknown,ES
8658,Hanh Le,Elk Grove,CA,USA
8659,Nicholas Ricciardi,Palm Beach,FL,USA
8660,Esam Smith,Cambridge,MA,USA
8661,John O'Neal,Jacksonville,FL,USA
8662,Josh Bergman,Brookline,MA,USA
8663,Marc Mills,Fontana,CA,USA
8664,Loni Hui,Tamarac,FL,USA
8665,Monte Phelps,Visalia,CA,USA
8666,Jeffery Thomas,Cumming,GA,USA
8667,Jason Wandling,Fort Lauderdale,FL,USA
8668,Barak Oz,Israel,Unknown,IL
8669,Amal Bounahra,Ft Lauderdale,FL,USA
8670,Fengju Sun,Beijing,Unknown,CN
8671,Rohan Bhasin,Noida,Unknown,UA
8672,Ryan Messick,Lansdale,PA,USA
8673,Joshua Abady,Bronxville,NY,USA
8674,Michael Verhaaf,Amsterdam,Unknown,NL
8675,Patrick Barba,Maribyrnang,Unknown,AT
8676,Luigi Knoppers,Swiegi,Unknown,MT
8677,Gary Mccloskey,Chicago,IL,USA
8678,Richard Grant,Jacksonville,FL,USA
8679,Expedito Neto,Sao Paulo,Unknown,BR
8680,Scott Hill,Vancouver,BC,CA
8681,Joseph Altman,Henderson,NV,USA
8682,Jeffrey Griffiths,Pacifica,CA,USA
8683,Joseph Umdenstock,South Hempstead,NY,USA
8684,Elgio Gomez Barrios,Tulare,CA,USA
8685,Brian Hou,Rochester,MI,USA
8686,Anthony Kazgandjian,St Maximin,Unknown,FR
8687,Patrick Truong,Pflugerville,TX,USA
8688,Nicholas Stowell,Portland,OR,USA
8689,Ray Attiyah,Cincinnati,OH,USA
8690,Eric Berger,West Palm Beach,FL,USA
8691,Baoqiang Ho,Unknown,Unknown,SG
8692,Kevin Clarkson,Rch Palos Vrd,CA,USA
8693,Eric Vallee,New Westminster,BC,CA
8694,Garrett Lorman,Sarasota,FL,USA
8695,Kevin Gosnell,Greenville,SC,USA
8696,Zackary Estes,Alton,IL,USA
8697,Garett Dansereau,Vernon,Unknown,CA
8698,Nicandro Filart,Unknown,Unknown,MX
8699,Michael Rocco,Tustin,CA,USA
8700,Jordan Polk,Las Vegas,NV,USA
8701,Farhad Karimi,San Diego,CA,USA
8702,Colten Yamagishi,Edmonton,AB,CA
8703,Scotter Clark,Marion,IA,USA
8704,Khiem Nguyen,Pommernstrabe,Unknown,DE
8705,Mitchell Greenblatt,Danville,CA,USA
8706,Scott Vetter,Washington,IL,USA
8707,Nelson Wong,Edmonton,AB,CA
8708,Derek Csanadi,St Petersburg,FL,USA
8709,Artim Zhuta,Wayne,NJ,USA
8710,Bert Smith,Las Vegas,NV,USA
8711,Mark Oldenburg,Burlington,CT,USA
8712,Aaron Kweskin,Los Angeles,CA,USA
8713,Seth Kugler,Los Angeles,CA,USA
8714,Dien Le,Bellevue,WA,USA
8715,Robert Hendricks,Niles,OH,USA
8716,Ben Cade,Unknown,Unknown,GB
8717,Farhad Sinaei,Las Vegas,NV,USA
8718,Jeffrey Turton,Colleyville,TX,USA
8719,Novak Cvetinovic,Unknown,Unknown,RO
8720,Fabrizio D'Agostino,Unknown,Unknown,IT
8721,Federico Souza,Unknown,Unknown,AR
8722,Christopher Macfarland,Trophy Club,TX,USA
8723,Christopher Thompson,Naples,FL,USA
8724,Ernest Bush,Germantown,TN,USA
8725,Joseph Patrick,Solon,OH,USA
8726,Steven Parkin,Calgary,AB,CA
8727,Kenneth Kenwood,Mesa,AZ,USA
8728,Paul Saso,Milpitas,CA,USA
8729,James Tinney,Natick,MA,USA
8730,Jack O'Neill,Kinoulton,Unknown,GB
8731,Alexander Balcerzak,Chicago,IL,USA
8732,Sean Shah,Delray Beach,FL,USA
8733,Scott Wright,Noblesville,IN,USA
8734,John Gulino,Brooklyn,NY,USA
8735,Ladislav Cervený,Unknown,Unknown,SK
8736,Sakari Setala,Helsinki,Unknown,FI
8737,Ahmed Taleb,Moorhead,MN,USA
8738,Klajdi Lika,Syracuse,NY,USA
8739,Ravid Garbi,Unknown,Unknown,IL
8740,Diosdado Bisco,San Diego,CA,USA
8741,Matthew Land,Clementon,NJ,USA
8742,Martin Malone,Unknown,Unknown,GB
8743,Brett William Blackwood,Ypsilanti,MI,USA
8744,Mans Montgomery,Boise,ID,USA
8745,Nicolas Noguera,Chatou,Unknown,FR
8746,Wadoua Xiong,Visalia,CA,USA
8747,Austin Walton,Cameron,WI,USA
8748,Joseph Russell,Russellville,AL,USA
8749,Jackson White,Houston,TX,USA
8750,Nesrine Reilly,Boston,MA,USA
8751,Paul Berger,Boca Raton,FL,USA
8752,Timothy Burden,Central City,KY,USA
8753,Josue Aguirre,Tijuana,Unknown,MX
8754,Allan Barnes,Mount Pearl,NL,CA
8755,Alexander Farahi,Beverly Hills,CA,USA
8756,TJ Shulman,Boynton Beach,FL,USA
8757,Shane Buchwald,Salt Lake City,UT,USA
8758,Michael Watkins,Woodbridge,VA,USA
8759,Steven Buckner,Margate,FL,USA
8760,Majed Abusaid,St. Louis,MO,USA
8761,Christopher Graydon,Unknown,Unknown,AU
8762,Terry Presley,Huntsville,AR,USA
8763,Stephen Roselius,Seattle,WA,USA
8764,Kenneth Goldman,Las Vegas,NV,USA
8765,Arianna Son,Las Vegas,NV,USA
8766,Fabio Bonatto,Unknown,Unknown,BR
8767,Michael Kamenjarin,Chicago,IL,USA
8768,Stanislav Barshak,Northbrook,IL,USA
8769,Chengyuan Jiang,Unknown,Unknown,CN
8770,Thomas Kim,Brooklyn,NY,USA
8771,Christopher Poole,San Diego,CA,USA
8772,Abraham Araya,Carrollton,TX,USA
8773,Robert Powell,Fleming Island,FL,USA
8774,Sean Drake,Sacramento,CA,USA
8775,Andrej Nagy,Unknown,Unknown,SK
8776,Jared Koppel,Minneapolis,MN,USA
8777,Wilfried Haselmayer,Krumpendorf,Unknown,AT
8778,Michael Tran,Burwood,NSW,AU
8779,Randy Eklund,Billings,MT,USA
8780,Robert Moore,Pacific Plsds,CA,USA
8781,Benjamin Grise,Indianapolis,IN,USA
8782,Martinez Aranzadi,Unknown,Unknown,ES
8783,William Murray,San Francisco,CA,USA
8784,Gregory Witsch,Runnemede,NJ,USA
8785,David Shober,Germantown,MD,USA
8786,Carlos Hey,Porto Velmo,Unknown,BR
8787,Maria Konnikova,Brooklyn,NY,USA
8788,Terrance Coutts,Red Deer,AB,CA
8789,William Harrell,Tampa,FL,USA
8790,Nicklaus Thompson,Mesa,AZ,USA
8791,Daniel Peche,Unknown,Unknown,DE
8792,Jon Gisler,Irvine,CA,USA
8793,Rao Yan,Unknown,Unknown,CN
8794,Ronnie Ebanks,Los Angeles,CA,USA
8795,Donald Forshey,De Soto,KS,USA
8796,David Gutierrez,Toledo,Unknown,ES
8797,Phachara Wongwichit,Merrimac,Unknown,AU
8798,Sean Demild,Fredericksburg,VA,USA
8799,Andrea Klein,Sabula,IA,USA
8800,Dennis Kraus,New York,NY,USA
8801,David Dibernardi,Youngstown,OH,USA
8802,Larissa Bushman,Milpitas,CA,USA
8803,Marko Doljevic,New Hudson,MI,USA
8804,Robert Matty,Camp,AR,USA
8805,Fernando Pfeiffer,Waitisa,Unknown,BR
8806,Tara Snow,Piedmont,AL,USA
8807,Wim Bos,Unknown,Unknown,NL
8808,Oliver Rusing,Garbsen,Unknown,DE
8809,Hoang Quach,Toronto Ontario,ON,CA
8810,Naor Slobodskoy,Rehovot,Unknown,IL
8811,Carlos Cordero,Turlock,CA,USA
8812,Raymond Joll,Pittsburgh,PA,USA
8813,Jen-Yue Chiang,Mesa,AZ,USA
8814,William Firebaugh,Indianapolis,IN,USA
8815,Markku Koplimaa,Unknown,Unknown,EE
8816,Dennis Martin,Trig Il Kibira,Unknown,DE
8817,Abdul Al-Magableh,Houston,TX,USA
8818,Andrew Kaplan,Cranston,RI,USA
8819,Deon Chavon,Wesley Chapel,FL,USA
8820,Robert Markham,Plainfield,IL,USA
8821,Milos Skrbic,Sremska Mitrovica,Unknown,RS
8822,Jason Loehrs,Havertown,PA,USA
8823,Christopher Weber,Chicago,IL,USA
8824,Joshua Haupt,Denver,CO,USA
8825,Nicholas Rivas,Waco,TX,USA
8826,Russell Holt,Mobile,AL,USA
8827,Amir Parvizian,Mc Lean,VA,USA
8828,Adam Murphy,Franklin,WI,USA
8829,Jackson Laskey,New York,NY,USA
8830,Yukiko Sumida,Osaka,Unknown,JP
8831,Timothy Rutherford,Unknown,Unknown,USA
8832,Gabriel Nastasa,Unknown,Unknown,IL
8833,Jordan Spurlin,Tucson,AZ,USA
8834,Yudhishter Jaswal,London,Unknown,GB
8835,Kristen Deardorff,Las Vegas,NV,USA
8836,Jarod Ludemann,Wells,MN,USA
8837,Uriel Remi Levy,West Seneca,NY,USA
8838,Taus Lilius,Frederiksberg,Unknown,DK
8839,Philip Ward,Unknown,Unknown,GB
8840,Andrea Rocci,Avialiana,Unknown,IT
8841,Ronald Ramacci,Ottawa,IL,USA
8842,Mike Heshmati,Morgan Hill,CA,USA
8843,Nicholas Kallenbach,S Lake Tahoe,CA,USA
8844,Allen Lu,Huntington Beach,CA,USA
8845,Lucio Procopio,Liverpool,NY,USA
8846,Shibin Zhang,Guangshou,Unknown,CN
8847,Gabi Hecker,Netanya,Unknown,IL
8848,Ryan Mcknight,Harrisburg,PA,USA
8849,Corbin White,Ft. Lauderdale,FL,USA
8850,Alexey Samkov,Moscow,Unknown,RU
8851,Brian Gudim,San Jose,CA,USA
8852,Fawz Bennis,Las Vegas,NV,USA
8853,Colin Guthrie,Unknown,Unknown,GB
8854,John Newcombe,Ada,OK,USA
8855,Alexandre Saulnier,Unknown,Unknown,FR
8856,Joshua Ormiston,Phoenix,AZ,USA
8857,William Lewandowski,Ransomville,NY,USA
8858,Jaime Menendez,San Juan,PR,USA
8859,Gregory Back,The Woodlands,TX,USA
8860,Jack Peterson,Haslet,TX,USA
8861,Tri Tran,Statesboro,GA,USA
8862,Frank Ray,Crystal Lake,IL,USA
8863,Ba Dinh,London,Unknown,GB
8864,John Gallagher (HI),Kailua Kona,HI,USA
8865,Pedro Llanes,Stateline,NV,USA
8866,Eric Cruz,Las Vegas,NV,USA
8867,Mohammad Shahid,Chicago,IL,USA
8868,Bret Maynard,Englewood,CO,USA
8869,Sundiata Devore,Brooklyn,NY,USA
8870,Edward Ho,Long Beach,CA,USA
8871,Samuel Von Kennel,Spicewood,TX,USA
8872,Bruno Portaro,Victoria,Unknown,AU
8873,Craig Strobel,San Carlos,AZ,USA
8874,Jonathan Levy,Brooklynn,NY,USA
8875,Vasili Firsau,Minsk,Unknown,BY
8876,Todor Plaseski,Unknown,BC,CA
8877,Brian Frasca,Carlisle,PA,USA
8878,Josef Ujlaky,Naples,FL,USA
8879,Robert Ferdinand,Revere,MA,USA
8880,Edwin Lau,Philadelphia,PA,USA
8881,Jacob Meeks,Fort Worth,TX,USA
8882,Corey Dodd,Fargo,ND,USA
8883,Anthony Pinto,Marlton,NJ,USA
8884,Kamel Boukhalfa,Magland,Unknown,FR
8885,James Westenburg,Hamilton,ON,CA
8886,Lexy Gavin-Mather,Stony Brook,NY,USA
8887,Julian Menhardt,Unknown,Unknown,DE
8888,Ronald Rosenberg,Basking Ridge,NJ,USA
8889,Andreas Michelmann,Unknown,Unknown,DE
8890,Jesse Yoder,Topeka,IN,USA
8891,Manuel Javier,Virginia Beach,VA,USA
8892,Sriharsha Doddapaneni,New Dehli,Unknown,IN
8893,Brett Bader,Coconut Creek,FL,USA
8894,Illya Trincher,New York,NY,USA
8895,Jose Montes,Bronx,NY,USA
8896,Wei Zhu,Kogarah,Unknown,AU
8897,Stanley Leopard,Las Vegas,NV,USA
8898,Gregory Katayama,Mississauga,ON,CA
8899,Ranno Sootla,Tallinn,Unknown,EE
8900,Tu Huynh,Anaheim,CA,USA
8901,David Hausmann,Norwood,NJ,USA
8902,Christopher Barrett,Hartford,CT,USA
8903,Jeremy Pozza,San Antonio,TX,USA
8904,Edward Franklin,New Canaan,CT,USA
8905,Tan Nguyen,Orange Park,FL,USA
8906,Marino Candido,Brasilia,Unknown,BR
8907,Mark Brazis,Lafayette,IN,USA
8908,Alexey Laptev,New Orleans,LA,USA
8909,Sandra Knopow,Las Vegas,NV,USA
8910,Ryan Laplante,Las Vegas,NV,USA
8911,Karim Chatur,Calgary,AB,CA
8912,Vincent Fazzolari,Roswell,GA,USA
8913,Michael Jarrell,Jensen Beach,FL,USA
8914,Guy Bottin,Surrey,CA,CA
8915,Edward Liu,Rowland Heights,CA,USA
8916,Rees Scruggs,Denton,TX,USA
8917,Tuomas Veravainen,Espoo,Unknown,FI
8918,Linda Kenney Baden,New York,NY,USA
8919,Joseph Druetto,Knoxville,PA,USA
8920,Cathal Shine,Unknown,Unknown,IE
8921,John Helmle,Winston Salem,NC,USA
8922,Jefferson Morrill,Nashville,TN,USA
8923,Andrew Weisner,Houston,TX,USA
8924,Rittie Chuaprasert,Portland,OR,USA
8925,Antonin Teisseire,La Colle,Unknown,FR
8926,Michel Pomaret,Longnes,Unknown,FR
8927,Andrew Jernigan,Destin,FL,USA
8928,Daniel Hensley,Arlington,TX,USA
8929,Juan Pastor,Ronda,Unknown,FR
8930,Jeffrey Sager,New Orleans,LA,USA
8931,Valentino Kim,Glendale,CA,USA
8932,Rafael Telles,Vitoria,Unknown,BR
8933,Lacey Jones,Las Vegas,NV,USA
8934,Stephan Schiessl,Unknown,Unknown,USA
8935,Matthew Higgins,Rossville,GA,USA
8936,Yotam Shmuelov,San Francisco,CA,USA
8937,Larry Smart,Newmarket,ON,CA
8938,Gennadiy Dvosis,Bellevue,WA,USA
8939,Kimberly Mcclymont,Regina,SK,CA
8940,Kyle Chang,Toronto,Unknown,CA
8941,Rob Benford,Indian Rocks Beach,FL,USA
8942,Mark Hodge,Osseo,MN,USA
8943,Alan Widmann,Berlin,Unknown,DE
8944,Alexis Fleur,Unknown,Unknown,FR
8945,Apoorva Goel,New Delhi,Unknown,IN
8946,John Clancy,Saratoga,CA,USA
8947,Tony Mcglone,Maineville,OH,USA
8948,David Yan,Auckland,Unknown,NZ
8949,Andrew Nguyen (Milpitas),Milpitas,CA,USA
8950,Mark Friese,Alexandria,VA,USA
8951,Qing Liu,Pasadena,CA,USA
8952,Uzui Li,Mountain View,CA,USA
8953,Victor Chung,Shoreline,WA,USA
8954,Keiko Lim,Scarsdale,NY,USA
8955,Steven Pelsnik,Brook Park,OH,USA
8956,Gabriel Abusada,Houston,TX,USA
8957,Yusuke Akiba,Osaka,Unknown,JP
8958,Christopher Merrill,Burbank,CA,USA
8959,Shi Chen,Chino Hills,CA,USA
8960,Douglas Malmoe,Seattle,WA,USA
8961,Mitesh Patel,Unknown,Unknown,GB
8962,Or Ben,Kyriat Bialik,Unknown,IL
8963,Zachary Hench,Louisville,KY,USA
8964,Joshua Millet,Los Angeles,CA,USA
8965,Griffin Malatino,Maitland,FL,USA
8966,Vladimir Dmitriev,Moscow,Unknown,RU
8967,Mark Becker,New York,NY,USA
8968,Temperance Hutter,Charlottesville,VA,USA
8969,Timothy Totten,Humacao,Unknown,PR
8970,Vadim Rozin,Thornhill,ON,CA
8971,Dave Straus,Mill Valley,CA,USA
8972,Hossein Ensan,Muenster,Unknown,DE
8973,Kevin Maahs,Chicago,IL,USA
8974,Nick Marchington,Hornchurch,Unknown,GB
8975,Timothy Su,Boston,MA,USA
8976,Viktor Rau,Vienna,Unknown,AT
8977,Enrico Rudelitz,Vienna,Unknown,AT
8978,Duey Duong,Anaheim Hills,CA,USA
8979,Warwick Mirzikinian,New South Wales,Unknown,AU
8980,Preben Stokkan,Corvallis,OR,USA
8981,Nicholas Danias,Los Angeles,CA,USA
8982,Marcelo Cudos,Rosario,Unknown,AR
8983,Hiroki Nawa,Tokyo,Unknown,JP
8984,Zackary Koerper,Las Vegas,NV,USA
8985,Oliver Bithell,London,Unknown,GB
8986,Luke Graham,Palm City,FL,USA
8987,Mario Navarro,Malaga,Unknown,ES
8988,Daniel Charlton,Macclesfield,Unknown,GB
8989,Thomer Pidun,Kreiss,Unknown,DE
8990,Steven Parrott,Cherry Valley,IL,USA
8991,Ryan Yu,Ontario,BC,CA
8992,Ian Pelz,Eugene,OR,USA
8993,Atlee Jones,Saskatoon,SK,CA
8994,Adedapo Ajayi,Littleton,CO,USA
8995,Michael Tomeny,Baton Rouge,Louisiana,USA
8996,Steven Au,Hong Kong,Unknown,HK
8997,David Vedral,Vienna,Unknown,AT
8998,Adam Duong,San Jose,CA,USA
8999,Jiwoon Kim,Seoul,Unknown,KR
9000,Christopher Wynkoop,Peru,IN,USA
9001,Jonathan Cohen (SD),San Diego,CA,USA
9002,Laurids Nielsen,London,Unknown,GB
9003,Florian Dimitrie Duta,Unknown,Unknown,RO
9004,Alex Winter,Roseville,MN,USA
9005,Thomas Parkes,Alburtis,PA,USA
9006,Romain Lewis,Latresne,Unknown,FR
9007,William Romaine,Las Vegas,NV,USA
9008,Tobias Duthweiler,Vienna,Unknown,AT
9009,Martin Huk,Vienne,Unknown,PL
9010,Fan Fan,Tianjin,Unknown,CN
9011,Pim Gieles,Rotterdam,Unknown,NL
9012,Jarred Solomon,Johannesburg,Unknown,ZA
9013,Jacob Thibodeau,Juneau,AK,USA
9014,Kevin Unkel,Broken Arrow,OK,USA
9015,Matthew Davis,Brownstown,MI,USA
9016,Shane Abbott,Seattle,WA,USA
9017,Daniel Hachem,Melbourne,Unknown,AU
9018,Ivonir Bento,Toledo,Unknown,BR
9019,Kevin Rand,Austin,TX,USA
9020,Michael Kapernaros,East Lyme,CT,USA
9021,Renato Ribeiro,Ponto,Unknown,PT
9022,Henning Wendlandt,Unknown,Unknown,DE
9023,Andrew Brinkley,Atlanta,GA,USA
9024,Gregoire Auzoux,Paris,Unknown,FR
9025,Kenny Smaron,Philadelphia,PA,USA
9026,John Hashem,Regina,SK,CA
9027,Benjamin Souriau,Paris,Unknown,FR
9028,Daniel Kirsch,Toronto,ON,CA
9029,Carl Shaw,Telford,Unknown,GB
9030,Jaysun Petruce,Lubbock,TX,USA
9031,Mostafa Ashkarkhizani,Tulsa,OK,USA
9032,Yulian Bogdanov,Unknown,Unknown,BG
9033,Carlos Guerrero,Orlando,FL,USA
9034,Robert Pardo,White Plains,NY,USA
9035,Sean Mills,England,Unknown,GB
9036,Thomas Schropfer,Unknown,Unknown,DE
9037,Jill Bryant,Aurora,IL,USA
9038,Joseph Leung,Vancouver,BC,CA
9039,Sejin Park,Unknown,Unknown,KR
9040,Michael Pearson,San Francisco,CA,USA
9041,Carlos Alan Garcia,Unknown,Unknown,MX
9042,Pedro Marques,Corroios,Unknown,PT
9043,Anuj Agarwal,Los Angeles,CA,USA
9044,Edward Pham,Lansdale,PA,USA
9045,Jasper Meijer Van Putten,Unknown,Unknown,NL
9046,Jeffrey Dewitt,Surprise,AZ,USA
9047,Kristofer Kneale,Los Angeles,CA,USA
9048,Richard Seymour,Suwanee,GA,USA
9049,Dario Marinelli,San Giorgio Ionico,Unknown,IT
9050,Tanner Bibat,Dunwoody,GA,USA
9051,Nicholas Nordgreen,Culver City,CA,USA
9052,Dmitry Yurasov,Moscow,Unknown,RU
9053,Andy Tsai,Huntington Beach,CA,USA
9054,James Rice,Denver,CO,USA
9055,Jeffrey Eldred,Calgary,AB,CA
9056,Roland Rokita,Unknown,Unknown,AT
9057,Xuming Qi,Unknown,Unknown,CN
9058,Joshua Tam,San Francisco,CA,USA
9059,Giovanni Petroni,Bari,Unknown,IT
9060,Olivier Chaume,San Francisco,CA,USA
9061,Jerod Smith,St. Louis,MO,USA
9062,Dean Morrone,Dawson Creek,BC,CA
9063,Sergei Petrushevskii,Russia,Unknown,RU
9064,Jody Fayant,Edmonton,AB,CA
9065,Tony Sinishtaj,Flushing,NY,USA
9066,Michael Marvanek,Strafford,VT,USA
9067,Jacek Ladny,Warsaw,Unknown,PL
9068,Shawn Kjetland,Colorado Springs,CO,USA
9069,Sandra Postelwait,Catoosa,OK,USA
9070,Nikolay Ponomarev,London,Unknown,GB
9071,Paul Dewald,Littleton,CO,USA
9072,Caleb Furth,Bethesda,MD,USA
9073,Cassio Pisapia,Osasco,Unknown,BR
9074,Elias Gutierrez,Georgia,Unknown,CH
9075,Yuanxi Chen,Kansas City,MO,USA
9076,Jake Daniels,Katy,TX,USA
9077,Andrew Martin,Shrewsbury,Unknown,GB
9078,Bogdan Munteanu,Unknown,Unknown,RO
9079,Mariano Mir,Palermo,Unknown,AR
9080,Andrew Geller,Delray Beach,FL,USA
9081,Joshua Ray,Chattanooga,TN,USA
9082,Christian Liel,Senheim,Unknown,DE
9083,David Enda,Las Vegas,NV,USA
9084,Ross Ward,Isle Of Palms,SC,USA
9085,Jeonggyu Cho,Seoul,Unknown,KR
9086,Tom Waters,Hitchin,Unknown,GB
9087,Aaron Van Blarcum,Miami,FL,GA
9088,George Holmes,Atlanta,GA,USA
9089,Vlastimil Pustina,Vhersky Brod,Unknown,CZ
9090,Tara Cain,Willmar,MN,USA
9091,Lei Zhou,Chicago,IL,USA
9092,Felix Bleiker,Zurich,Unknown,CH
9093,Patrice Brandt,Duisburg Nrw,Unknown,DE
9094,Sulabh Choudhury,Santa Paula,CA,USA
9095,Pedro Padilha,San Pailo,Unknown,BR
9096,Heidi Alexander,Gardner,MA,USA
9097,Tanya Kirk,San Jose,CA,USA
9098,Jeffrey Schwimmer,Valley Vlg,CA,USA
9099,Colin McHugh,Halifax,Nova Scotia,CA
9100,Ryan Hoffman,Canton,MI,USA
9101,Anthony Spinella,Las Vegas,NV,USA
9102,Hlib Kovtunov,Kiev,Unknown,UA
9103,Daniel Couzens,West Hartford,CT,USA
9104,Lawrence Brandt,Arlington,TX,USA
9105,Ezequiel Waigel,Bahia Blanca,Unknown,AR
9106,Ory Hen,Hollywood,FL,USA
9107,Galen Hall,New York City,NY,USA
9108,Daniel Holmes,Lafayette,LA,USA
9109,Niels De Moree,Tiel,Unknown,NL
9110,Dylan Meier,Grand Island,NE,USA
9111,Quan Zhou,Unknown,Unknown,CN
9112,Juan Ignacio Pallotta,Buenos Aires,Unknown,AR
9113,Dante Goya,Unknown,Unknown,BR
9114,Stanley Tang,San Francisco,CA,USA
9115,Eran Aydin,Marietta,GA,USA
9116,Michael Dollins,Long Beach,CA,USA
9117,Gabriel Andrade,Unknown,Unknown,EC
9118,Thomas Revello,Bridgewater,NJ,USA
9119,Nicholas Getzen,Atlanta,GA,USA
9120,Guofeng Wang,Beijing City,Unknown,CN
9121,Miguel Seoane Iglesias,Madrid,Unknown,ES
9122,Yaji Ren,Ithaca,NY,USA
9123,David Pecheur,Paris,Unknown,FR
9124,Larry Ross,West Covina,CA,USA
9125,Daisuke Ogita,Unknown,Unknown,JP
9126,Dapeng Mu,New York,NY,USA
9127,Jeremy Pekarek,Sycamore,IL,USA
9128,Nai Hu,Taipei,Unknown,TW
9129,Timothy Telliard,Riverside,CA,USA
9130,Chad Mizner,Scottsdale,AZ,USA
9131,Thomas Syversen,Moelu,Unknown,NO
9132,Brendan Baksh,Costa Mesa,CA,USA
9133,Evangelos Kokkalis,Unknown,Unknown,GR
9134,James Everist,Oakland,NJ,USA
9135,Tom Gottlieb,Tel Aviv,Unknown,IL
9136,James Mackey,Las Vegas,NV,USA
9137,Akshay Nasa,New Delhi,Unknown,IN
9138,Jaspal Brar,Edmonton,AB,CA
9139,Charles Johnson Jr,Lockport,NY,USA
9140,Christian Stratmeyer,Unknown,Unknown,DE
9141,Ignacio Molina,Escaldes,Unknown,AD
9142,John Lombardo,Frankston,Unknown,AU
9143,Joseph Walters,Houston,TX,USA
9144,Allen Kessler,Las Vegas,NV,USA
9145,Philip Leibow,Vienna,VA,USA
9146,Sasha Liu,Las Vegas,NV,USA
9147,Alireza Amiri,San Diego,CA,USA
9148,Sai Sirandas,San Francisco,CA,USA
9149,Jason Pardy,Ansonia,CT,USA
9150,Paul Marzarella,Linden,NJ,USA
9151,Shuaipeng Fang,Kunming,Unknown,CN
9152,Jordan Redavid,Unknown,FL,USA
9153,Julian Milliard-Feral,Unknown,Unknown,FR
9154,Michael McKenna (NJ),Unknown,NJ,USA
9155,Jacqueline Burkhart,Boring,OR,USA
9156,Shintaro Baba,Hakataku,Unknown,JP
9157,Peter Linton,Nottingham,Unknown,GB
9158,Jesper Hoog,Grodinge,Unknown,SE
9159,Jason Tompkins,Kildare,Unknown,IE
9160,April Shih,Los Angeles,CA,USA
9161,Carl Cajuste,Dania Beach,FL,USA
9162,Thomas Seaman,Doncaster,Unknown,GB
9163,Maxim Lykov,Moscow,Unknown,RU
9164,Rayan Chamas,Dollard-Des-Ormeaux,QC,CA
9165,Tommy Nguyen,Mississauga,ON,CA
9166,Sergei Verbitski,Tallinn,Unknown,EE
9167,Jessie Bryant,Conway,AR,USA
9168,John Stauffer,Shoreline,WA,USA
9169,Ricky Guan,Brooklyn,NY,USA
9170,David Leja,Palme De Mallopica,Unknown,ES
9171,Jeffrey Copeland,Saint Peters,MO,USA
9172,James Kerr,Auburndale,FL,USA
9173,Johann Ibanez,Unknown,Unknown,CO
9174,Michael Kane,Uddington Glascow,Unknown,GB
9175,Giovani Torre,Funchal,Unknown,PT
9176,Antonio Gutierrez,Roseville,CA,USA
9177,Christopher Dowling,Naas,Unknown,IE
9178,Jason Brin,De Soto,KS,USA
9179,Paul Pritchett,Ajax,ON,CA
9180,Daniel Tarwater,Leawood,KS,USA
9181,Robert Mcadam,Chester,Unknown,GB
9182,Richard Wilcox,Braselton,GA,USA
9183,Hongbin Guo,Maribyrnong,Unknown,AT
9184,Leonardo Lisi,Tandil,Unknown,AR
9185,Chris Foster,Calgary,AB,CA
9186,Antti Halme,Unknown,Unknown,FI
9187,Michael Mather,Manchester,MD,USA
9188,Jason Fan,Arcadia,CA,USA
9189,Isai Coello Ledezma,Pharr,TX,USA
9190,Takehiro Kato,Unknown,Unknown,JP
9191,Oskar Prehm,Vienna,Unknown,AT
9192,Viktor Lavi,Unknown,Unknown,EG
9193,Cody Brinn,Elgin,IL,USA
9194,Ronald Ellis,Zion,IL,USA
9195,Jeffrey Sauer,Saint Louis,MO,USA
9196,Lyudmil Ivanov,Unknown,Unknown,BG
9197,Ronald West,Beverly Hills,CA,USA
9198,Paul Patouilliart,Muret,Unknown,FR
9199,Stuart Graves,Fairfax Station,VA,USA
9200,Thomas Hambrock,Winsen Niederschsen,Unknown,DE
9201,Marc Evanier,Clinton,CT,USA
9202,Colton Blomberg,Tempe,AZ,USA
9203,Trushang Desai,Webster,NY,USA
9204,Alberto Ortiz Such,Unknown,Unknown,ES
9205,Harry Arutyunyan,Glendale,CA,USA
9206,Derek Sudell,Greenwich,CT,USA
9207,Junichi Nakanowatari,Tokyo,Unknown,JP
9208,Joseph Saad,Dallas,TX,USA
9209,John Holley,Destin,FL,USA
9210,Peter Mercini,Balneario,Unknown,BR
9211,Carla Castelo,Torrance,CA,USA
9212,Timothy Dix,Arlington Heights,IL,USA
9213,Camilla Reventlow,Unknown,Unknown,DK
9214,Timothy Flanders,Preston,Unknown,GB
9215,Bryan Campanello,Southlake,TX,USA
9216,Aaron Mathis,Lake Forest,CA,USA
9217,Roland Pieterman,Midlothian,VA,USA
9218,Robert Serulla,Shelbyville,MI,USA
9219,Ronnie Pasztor,Baltimore,MD,USA
9220,Maksim Kolosov,Saint Petersburg,Unknown,RU
9221,Thomas Drinkwater,London,Unknown,GB
9222,Christopher Roberts,West Chester,OH,USA
9223,Jerold Saeman,Hasting,MI,USA
9224,William Mitchell,Jefferson,SC,USA
9225,Charles Sewell,Phoenix,AZ,USA
9226,Chenxu Zhang,Unknown,Unknown,CN
9227,Vladislav Donchev,Kyustendil,Unknown,BG
9228,Jeffrey Hart,Westerville,OH,USA
9229,Donald Schiavone,Brookings,OR,USA
9230,Igor Merda,Unknown,Unknown,DE
9231,Christopher Wolfe,Lake Tapps,WA,USA
9232,Qing Lu,Walnut,CA,USA
9233,Todd Vincent,Adams,MA,USA
9234,Michael Vanderwoude,Crown Point,IN,USA
9235,George Petten,Toronto,ON,CA
9236,Richard Anthony,New York,NY,USA
9237,Hugo Pingray,Unknown,Unknown,FR
9238,Michael Schmidt,Monterey,CA,USA
9239,Michael Monroig,Johnson City,NY,USA
9240,Joseph Ashor,Bloomfield Hills,MI,USA
9241,Gilad Gutkin,London,Unknown,GB
9242,Robert Stevanovski,Cornelius,NC,USA
9243,Brandon Schwartz,North Bay Village,FL,USA
9244,Ronald Larsen,Redding,CA,USA
9245,Sota Sato,Houyo,Unknown,JP
9246,Georgios Karakousis,Livadia,Unknown,GR
9247,Mark Ostrovsky,Richmond,BC,CA
9248,Jan Larsson,Unknown,Unknown,FI
9249,Tan Trinh,Seffner,FL,USA
9250,Stuart McNally,Glasgow,Unknown,GB
9251,Skylar Stillwagon,Robinson,TX,USA
9252,Paul Hockin,Chartwell Hamilton,Unknown,NZ
9253,Antonio Fernandez Millan,Unknown,Unknown,ES
9254,Ricardo Graells De Dios,Torredembarra,Unknown,ES
9255,Sanjay Mayekar,Fremont,CA,USA
9256,Michael Stecker,Granite Bay,CA,USA
9257,Ryan Wince,Delaware,OH,USA
9258,Brett Rosen,La Jolla,CA,USA
9259,Marcelo Delgado,Shanghai,Unknown,CN
9260,Yong Wang,Unknown,Unknown,CN
9261,Scott Koiner,Plano,TX,USA
9262,Alexander Pope,Toronto,ON,CA
9263,Matthew Farmer,Sugar Grove,IL,USA
9264,Christopher Hayes,North Bellmore,NY,USA
9265,John Reading,Coon Rapids,MN,USA
9266,David Kahan,Luanda,Unknown,BE
9267,Trong Dang,Bellevue,WA,USA
9268,Raul Martinez,London,Unknown,GB
9269,Luke Martinelli,Melbourn,Unknown,AU
9270,Stephen Deutsch,Greensboro,NC,USA
9271,Irene Carey,Banner Elk,NC,USA
9272,Gregory Mccurry,Prospect,KY,USA
9273,Sosia Jiang,Unknown,Unknown,NZ
9274,Ludovic Breau,Sliema,Unknown,MT
9275,Michael Noori,Tarzana,CA,USA
9276,Jiang Qian,Unknown,NY,USA
9277,Pierre Joubert,Unknown,Unknown,GB
9278,Mark Epstein,Peabody,MA,USA
9279,Allen Nielson,Mercer Island,WA,USA
9280,Charles Hawkins,Fairfield,CT,USA
9281,Rami Boukai,San Diego,CA,USA
9282,Larry Hoffman,Lake Mary,FL,USA
9283,Francis Pasqualino,Chicago,IL,USA
9284,Thomas Cardona,Upland,CA,USA
9285,Hirofumi Kono,Tokyo,Unknown,JP
9286,Amir Mirrasouli,Santa Ana,CA,USA
9287,Bryan Kim,Cerritos,CA,USA
9288,Johnny Tan,Chicago,IL,USA
9289,Gerald Claunch,Caseyville,IL,USA
9290,Jacob Ferro,N Syracuse,NY,USA
9291,Jordan Joeckel,Bristol,CT,USA
9292,Mick Heder,Unknown,Unknown,DK
9293,Martin Lang,Dover,OH,USA
9294,Jay Romano,Boca Raton,FL,USA
9295,Howard Feingold,New York,NY,USA
9296,Paul Garcia,Woodbridge,CT,USA
9297,Adam Owen,Folkestone,Unknown,GB
9298,Sam Miller,Essex,Unknown,GB
9299,Gianluca Petrone,Casamassima,Unknown,IT
9300,Charles Combes,Hersham,Unknown,GB
9301,Joshua Boulton,Unknown,Unknown,GB
9302,Mark Castaldo,Fairfax,Unknown,USA
9303,Antti Marttinen,Unknown,Unknown,FI
9304,James Frank,Stayton,OR,USA
9305,Janet Hornung,Sebastian,FL,USA
9306,Sather Oystein,Oslo,PR,NO
9307,Michael Faulkner,Viola,ID,USA
9308,Steven Himebaugh,Phoenix,AZ,USA
9309,Adria Diaz,Century Wharf,Unknown,ES
9310,James Ray,Churubusco,IN,USA
9311,Jonathan Aguirre,Duncanville,TX,USA
9312,Brendon Kaufman,Austin,TX,USA
9313,Alex Difelice,Ft Collins,CO,USA
9314,Alan Lau,Unknown,Unknown,HK
9315,William Klein,Laguna Hills,CA,USA
9316,Mikhail Sokolovskiy,Moscow,Unknown,RU
9317,Michael Soccio,Burbank,CA,USA
9318,David Lindquist,Benton Harbor,MI,USA
9319,Brian Ray,Exton,PA,USA
9320,Phillip Hartmann,Las Vegas,NV,USA
9321,Mohamed Mamouni,Viry Chatillow,Unknown,FR
9322,Piet Pape,Hamburg,Unknown,DE
9323,Scott Ball,Carlsbad,CA,USA
9324,Stephen Rose,Roxbury,MA,USA
9325,David Mzareulov,Unknown,Unknown,AZ
9326,Walter Atwood,Huntington Beach,CA,USA
9327,Richard Hu,Bakersfield,CA,USA
9328,Chunhui Ji,Las Vegas,NV,USA
9329,Tomasz Kozub,Bialystok,Unknown,PL
9330,Denise Pratt,Olive Branch,MS,USA
9331,Joseph Tauber,Harwood Heights,IL,USA
9332,Richard Martell,Santa Monica,CA,USA
9333,Joshua Ahler,Spring Hill,TN,USA
9334,Yaniv Peretz,Riga,Unknown,IL
9335,Jonathan Gerrick,Las Vegas,NV,USA
9336,Alexander Clark,England,Unknown,GB
9337,William Gray,Yucaipa,CA,USA
9338,Danilo Radonjic,Belgrade,Unknown,RU
9339,George Janssen Jr,Bad Axe,MI,USA
9340,Matthew Maks,Forest Lodge,Unknown,AT
9341,Chris Marrone,Marlton,NJ,USA
9342,Mark Wates,Unknown,Unknown,USA
9343,Steven Thornton,Dallas,TX,USA
9344,Kevin Law,Mill Creek,WA,USA
9345,Ryan Baysinger,Barrington,IL,USA
9346,Xing Jiang,Vancouver,BC,CA
9347,Yuval Gottenstein,Ramat Hasharon,Unknown,IL
9348,Alfred Poon,Chestnut Hill,MA,USA
9349,Philip Clarke,Derby,Unknown,GB
9350,Matthew Ellis,Bentonville,AR,USA
9351,Dariusz Glinski,Warsaw,Unknown,PL
9352,Ngon Hoang,Mc Lean,VA,USA
9353,Billy Gurule,Alamosa,CO,USA
9354,David Moreno,Seabrook,TX,USA
9355,Patrick Lacy,Wallaceburg,ON,CA
9356,Clayton Saliba,San Antonio,TX,USA
9357,Nidal Echaust,Munich,Unknown,DE
9358,John Misirian,North Hollywood,CA,USA
9359,Brandon Bergin,Hampton,GA,USA
9360,John Andrews,Boothbay,ME,USA
9361,Mario Hudson,Saint Paul,MN,USA
9362,Lucas Fritz,Eisenstadt,Unknown,AT
9363,Jeff Sluzinski,Henderson,NV,USA
9364,Felipe Leme,Belmont,CA,USA
9365,Samuel Tsehai,Unknown,Unknown,CA
9366,Dana Katzenmeier,San Diego,CA,USA
9367,Martin Kus,Guelph,Unknown,CA
9368,Michel Bouskila,Sydney,Unknown,AU
9369,Khang Pham,Santa Ana,CA,USA
9370,Jon Bennett,Oklahoma City,OK,USA
9371,Milos Scekic,Bethpage,NY,USA
9372,Simon Rudin,East Windsor,NJ,USA
9373,Perica Josic,Vrsac,Unknown,RS
9374,Trygve Leite,Oslo,Unknown,NO
9375,Michael Paski,Grand Ledge,MI,USA
9376,Ryan Thorpe,Vancouver,BC,CA
9377,Christopher Hyden,Saint Petersburg,FL,USA
9378,Eric Salazar,Greensboro,NC,USA
9379,Robert Paddock,Houston,TX,USA
9380,Pin Jiang,Missoula,MT,USA
9381,Jacob Haller,Mustang,OK,USA
9382,Ross Boucher,Encinitas,CA,USA
9383,Haim Haggiag,Unknown,Unknown,USA
9384,Kelly Andrews,Florence,SC,USA
9385,Joseph Sabe,Lille,Unknown,FR
9386,Mathias Bennick,Unknown,Unknown,DK
9387,Quoc Nguyen,Boston,MA,USA
9388,Julien Duveau,Rueil,Unknown,FR
9389,Anatolii Zyrin,Lesnoy Gorodok,Unknown,RU
9390,Stefan Soderstrom,Unknown,Unknown,SE
9391,Adam Adler,Mount Pleasant,SC,USA
9392,Zhan Peng Ma,Glendale,NY,USA
9393,Roger Campbell,Centralia,IL,USA
9394,Herbert Karp,Los Angeles,CA,USA
9395,Kliment Tarmakov,Toronto,ON,CA
9396,Namir Mohamed,Ballsbridge   Dublin,Unknown,IE
9397,Samuel Devers,Fenton,MO,USA
9398,Alexandru Baron,Laval,QC,CA
9399,Michael Jen,San Jose,CA,USA
9400,Adam Dipasquale,Windsor,ON,CA
9401,Joel Lynn,Lillington,NC,USA
9402,Cecil Gabbidon,Brooklyn,NY,USA
9403,Ray Qartomy,Spring,TX,USA
9404,Ryan Von Bevern,Olathe,KS,USA
9405,Kyle Aiken,West Palm Bch,FL,USA
9406,Ferdinand Putra,Unknown,Unknown,ID
9407,Shenming Yin,Shanghai,Unknown,CN
9408,Mark Lewandowski,Cleveland,OH,USA
9409,Matthew Kassela,Germantown,TN,USA
9410,Fadi Barakeh,Unknown,Unknown,LB
9411,Jonathan Guez,Paris,Unknown,FR
9412,Jeanphilippe Goulet-Ratelle,St-Jerome,QC,CA
9413,Samuel Goodman,Colchester,Unknown,GB
9414,Jeffrey Hewitt,Atlanta,GA,USA
9415,Mike Meskin,Belmont,MA,USA
9416,Gary Blackwood,Unknown,Unknown,GB
9417,Francisco Rios Vallejo,Torreon,Unknown,MX
9418,Brian Opyrchal,Troy,MI,USA
9419,Greg Garabedian,Pasadena,CA,USA
9420,Jeffrey Korn,New York,NY,USA
9421,Shaun Zammit,Malden,MA,USA
9422,Norberto Lopez,Unknown,Unknown,ES
9423,Solaim Aomon,Westlake Village,CA,USA
9424,Marcos Rodriguez,Santee,CA,USA
9425,Jeff Williams,Decatur,GA,USA
9426,Robert Natividad,Cerritos,CA,USA
9427,Pavel Plesuv,Unknown,Unknown,MD
9428,Glenn Ward,Salem,OR,USA
9429,Zizheng Huang,Unknown,Unknown,CN
9430,Kevin Stern,Meadville,PA,USA
9431,Neal Liptak,Farmington,CT,USA
9432,Hao Chen,Shanghai,Unknown,CN
9433,James Henson,Tiki Island,TX,USA
9434,Matthew Wood,Whitby,ON,CA
9435,Daniel Frederick,Lancaster,NY,USA
9436,Matthew Stammen,Coldwater,OH,USA
9437,Christian Christner,Brighton,Unknown,GB
9438,Jarod Minghini,South Lake Tahoe,CA,USA
9439,Yevgeniy Fidchuk,Unknown,Unknown,RU
9440,Byoung Kim,Goleta,CA,USA
9441,Simon Welsch,Unknown,Unknown,AU
9442,Jacob Beck,Menifee,CA,USA
9443,Bruno Politano,Fortaleza,Unknown,BR
9444,Brekstyn Schutten,Grand Rapids,MI,USA
9445,Kaleookalani McCabe,Honolulu,HI,USA
9446,Marcus Laffen,San Jose,CA,USA
9447,Scott Herbertson,Danville,CA,USA
9448,Adam Bishop,Reno,NV,USA
9449,Igor Kroujalov,Moscow,Unknown,RU
9450,Gil George,Desoto,TX,USA
9451,Steven Morris,Birmingham,Unknown,GB
9452,Loyal Sprague,Bartonville,IL,USA
9453,Quentin Jones,Tampa,FL,USA
9454,David Valone,New Haven,CT,USA
9455,Maxwell Schrack,Glen Burnie,MD,USA
9456,Sean Iannucci,Orlando,FL,USA
9457,Benjamin Notgrass,New Braunfels,TX,USA
9458,Michael Youngman,Deerfield,IL,USA
9459,Edward Ross,Los Gatos,CA,USA
9460,Anant Patel,Norwalk,CA,USA
9461,Ankit Ahuja,Unknown,Unknown,IN
9462,Matthew Bergart,Mississauga,Unknown,CA
9463,Thomas Korecook,Dorchester,MA,USA
9464,Paul Vacchio,Carteret,NJ,USA
9465,Daniel Demicki,Bulgaria,Unknown,PL
9466,David Kim,Wilmette,IL,USA
9467,Timothy Smith,North Charleston,SC,USA
9468,Geno Francione,Ottawa,IL,USA
9469,Bret Gross,Redondo Beach,CA,USA
9470,Andrew Pacifico,Middleburg,FL,USA
9471,Aaron Running,Solvang,CA,USA
9472,Louis Pfaff,Unknown,Unknown,USA
9473,Clement Dumortier,Bondsville,MA,USA
9474,Timothy Mcbride,Mansfield,TX,USA
9475,Michael Holm,Woodridge,IL,USA
9476,Scott Bain,Grand Blanc,MI,USA
9477,Samuel Vizza,Crestwood,IL,USA
9478,Ziran Xiao,Livingston,NJ,USA
9479,AJ Paleatsos,Flushing,NY,USA
9480,Jean-Pierre Besancon,Paris,Unknown,FR
9481,Eric Barnes (WI),Kenosha,WI,USA
9482,Nicola Bracchi,Brescia,Unknown,IT
9483,Bobby Zhang,Las Vegas,NV,USA
9484,Martin Stoller,Condshut,Unknown,DE
9485,Ryan Dersch,Louisville,KY,USA
9486,Michael Monaco,Clearwater,FL,USA
9487,Robert Cheung,Vancouver,BC,CA
9488,Anuj Kwatra,Girard,OH,USA
9489,Jeffrey Outlaw,Mcdonough,GA,USA
9490,Ashish Kasaraneni,Hyderabad,Unknown,IN
9491,Andreas Boelling,Hamm,Unknown,DE
9492,Lisa Pickell,Brick,NJ,USA
9493,Nasaharu Tomita,Tokyo,Unknown,JP
9494,Aleksa Pavicevic,Naples,FL,USA
9495,Fernando Pedro Tavares Barroso,Unknown,Unknown,PT
9496,Alen Patatanyan,Encino,CA,USA
9497,Guillermo Sanchez,Manchester,Unknown,GB
9498,Harrison Gimbel,Jupiter,FL,USA
9499,Radoslav Stoyanov,Pernik,Unknown,BG
9500,Mark Wahba,Cleveland,OH,USA
9501,Ben Myers,Sarasota,FL,USA
9502,Clifton Temm Ii,Kennebunk,ME,USA
9503,Marios Savvides,Marina Del Rey,CA,USA
9504,Robert Render,Houston,TX,USA
9505,Denys Shafikov,Unknown,Unknown,UA
9506,Tom Vogelsang,Unknown,Unknown,NL
9507,Paul Duyvejonck,Yorkville,IL,USA
9508,John McNulty,Jacksonville,FL,USA
9509,Adam Krizbai,Oxford,MS,USA
9510,Rachid Amamou,Unknown,Unknown,CH
9511,Martin Pineiro,Buenos Aries,Unknown,AR
9512,Paul Sharpe,Plymouth,MI,USA
9513,Bartlomiej Machon,Lublin,Unknown,PL
9514,Sami El Dein,Marshall,MN,USA
9515,Peter Chen,Toronto,Unknown,CA
9516,Sangjun Lee,Poongamdong,Unknown,KR
9517,Jack Salter,London,Unknown,GB
9518,Armand Matti,Unknown,Unknown,GB
9519,Kalidou Sow,Lhay Les Roses,Unknown,FR
9520,Brandon Gale,Toronto,ON,CA
9521,Femi Fashakin,Unknown,Unknown,NG
9522,Matthew Reeser,Canyon Country,CA,USA
9523,Veselin Dimitrov,Las Vegas,NV,USA
9524,William Courtade,Austin,TX,USA
9525,Joseph Moore,Mamaroneck,NY,USA
9526,Michael Kuney,Kingwood,TX,USA
9527,Christopher Decarlo,Manchester,CT,USA
9528,Miguel Capriles,Unknown,Unknown,VE
9529,Ky Badgley,Schaumburg,IL,USA
9530,Kazuki Sasaki,Aichi,Unknown,JP
9531,Camille Mikhael,Ottawa,Unknown,CA
9532,Pal Zagreda,Bronx,NY,USA
9533,James Nahikian,Playa Vista,CA,USA
9534,Gediminas Garmus,St Petersburg,FL,USA
9535,Nichlaus Staker,Fort Wayne,IN,USA
9536,Preston McEwen,Murfreesboro,TN,USA
9537,Joao Gaspar,Manchester,NH,USA
9538,Bradley Zusman,Gresham,OR,USA
9539,Joseph Zamarelli,Salem,OH,USA
9540,Edwin Buskirk,Bayside,NY,USA
9541,Siddharth Karia,Memnegar,Unknown,IN
9542,Anthony Hice,Garden City,MI,USA
9543,Viacheslav Igin,Bataysk,Unknown,RU
9544,Adam Daniel,Norfolk,Unknown,GB
9545,Ricky Green,Austin,TX,USA
9546,Daniel Beers,Canal Fulton,OH,USA
9547,Adrian Scarpa,Manchester,CT,USA
9548,Kevin Buck,Las Vegas,NV,USA
9549,Theodore Mcneely,Myrtle Point,OR,USA
9550,Nicholas Manganaro,Omaha,NE,USA
9551,Andrew Nassery,Poway,CA,USA
9552,Michael Klein,Henderson,NV,USA
9553,Kharlin Sued,Pembroke Pines,FL,USA
9554,Travis Tachibana,Torrance,CA,USA
9555,Chris Determeyer,London,Unknown,GB
9556,Fabio Miranda,Unknown,Unknown,PT
9557,Timothy Stanczak,Carlsbad,CA,USA
9558,Domenico Gala,Big Bar,CA,USA
9559,Peter Levine,Woodhills,CA,USA
9560,Benjamin Underwood,Port Elgin,ON,CA
9561,Robert Warburton,Manchester,Unknown,GB
9562,Stephen Hay,Teignmouth,Unknown,GB
9563,Stephen Rakower,Corona Dl Mar,CA,USA
9564,Martins Kleins,Unknown,Unknown,LV
9565,Ugo Faggioli,St. Max,Unknown,FR
9566,Andrey Marsavin,San Jose,CA,USA
9567,Yousef Saleh,Meridian,MS,USA
9568,Ettore Ricci,Unknown,Unknown,IT
9569,Nick Caltabiano,Clay,NY,USA
9570,Ryan Stoker,Spokane,WA,USA
9571,Mark Stevens,Ada,MI,USA
9572,Nazih Sibaei,Brunswick,Unknown,AU
9573,Jan Ladew,Moorpark,CA,USA
9574,Massoud Eskandari,Mission Viejo,CA,USA
9575,Andrew Leto,Unknown,AZ,USA
9576,GaoMing Zhu,Irvine,CA,USA
9577,Elilton Gouveia,Acworth,GA,USA
9578,Sean Barringer,Saugerties,NY,USA
9579,Joao Barroso Valli,Vila Velma,Unknown,BR
9580,Romit Advani,Unknown,Unknown,USA
9581,Nello Giongo,Sao Paulo,Unknown,BR
9582,Boris Kasabov,Houston,TX,USA
9583,Domnick Sarle,Long Beach,NY,USA
9584,Murray Chick,Castle Hill,Unknown,AU
9585,Joseph Galazzo,Union,NJ,USA
9586,Adam Barker,Bonney Lake,WA,USA
9587,Mate Mecs,Budapest,Unknown,HU
9588,Francisco Lopez,Murcia,Unknown,ES
9589,Ivan Uzunov,Plevem,Unknown,BG
9590,David Thomas,Clovis,CA,USA
9591,Jack Maskill,London,Unknown,GB
9592,Clayton Kalisek,San Antonio,TX,USA
9593,Linda Huard,Longueuil,QC,CA
9594,Gregory Kary,Houston,TX,USA
9595,Kevin Ward,Jerseyville,IL,USA
9596,Julian Sacks,Ridgewood,NJ,USA
9597,Quentin Roussey,Begangon,Unknown,FR
9598,Sammy Paik,Las Vegas,NV,USA
9599,Matthew Friendly,Miami,FL,USA
9600,Caroline Dupre,South Plainfield,NJ,USA
9601,Kevin St Clair,Miami Beach,FL,USA
9602,Farhad Davoudzadeh,Palmdale,CA,USA
9603,Cyril Andre,London,Unknown,GB
9604,Christophe Pommier,Lesigny,Unknown,FR
9605,Jeffrey Farnes,Dallas,OR,USA
9606,Nadine Borelli,Morgan Hill,CA,USA
9607,Jason Antonelli,Sammamish,WA,USA
9608,David Vasil,Mars,PA,USA
9609,Patrick Serda,Winnipeg,MB,CA
9610,Alexander Whitt,Austin,TX,USA
9611,Rina Kuroiwa,Tokyo,Unknown,JP
9612,Jorge Arriola,Midland,TX,USA
9613,Jason Paradis,Wrentham,MA,USA
9614,Kyle Kloeckner,Saint Louis,MO,USA
9615,Luigi Esposito,Howard Beach,NY,USA
9616,Brian Oshust,Red Deer,AB,CA
9617,Claude Ngangacodru,Hollywood,FL,USA
9618,Kyung Jung,Unknown,Unknown,KR
9619,Robert Fisher,Clayton,OH,USA
9620,Alessandro Siena,Unknown,Unknown,IT
9621,Scott Drobes,Duluth,GA,USA
9622,Chris Meyer,Inver Grove Heights,MN,USA
9623,Mark Adkins,Las Vegas,NV,USA
9624,Moshe Angert,Unknown,Unknown,CA
9625,Rania Nasreddine,Tulsa,OK,USA
9626,Jean Alaux,Toulouse,Unknown,FR
9627,Stanislav Cifka,Unknown,Unknown,CZ
9628,Sherif El-Messiri,Windsor,ON,CA
9629,Mary Warren,Saint Ann,MO,USA
9630,Huidong Gu,Unknown,Unknown,CN
9631,Andrew Hanna,Lanoka Harbor,NJ,USA
9632,Joseph Cappuccio,Brigantine,NJ,USA
9633,Michael Lavoie,Wolcott,CT,USA
9634,Edward Ribeiro,Marstons Mills,MA,USA
9635,Dean Kerl,Vancouver,Unknown,CA
9636,Paul Freedman,Lawrence,MA,USA
9637,Todd Louer,Delray Beach,FL,USA
9638,Joey To,Brea,CA,USA
9639,Marc Vernick,Chicago,IL,USA
9640,Andrei Spitsyn,Unknown,Unknown,RU
9641,James Buckley,Los Angeles,CA,USA
9642,Niovel Chirino Alvarez,Hialeah,FL,USA
9643,Gisela Staton,San Jose,CA,USA
9644,Kiyoto Burke,San Diego,CA,USA
9645,Goonjan Mall,Karnataka,Unknown,IN
9646,Max Steinberg,Benicia,CA,USA
9647,Andreas Wagner,Unknown,Unknown,DE
9648,Nabil Cardoso,Unknown,Unknown,ES
9649,Maksim Prokhorov,Moscow,Unknown,RU
9650,Brett Hartfiel,Appleton,WI,USA
9651,Glenn Larson,Olympia,WA,USA
9652,Martin Arce,Buenos Aires,Unknown,AR
9653,Gerald Johonnot,Las Vegas,NV,USA
9654,Jason Scott,Portsmouth,NH,USA
9655,Qinghai Pan,Las Vegas,NV,USA
9656,Dragoljub Martinovic,Unknown,Unknown,RS
9657,Paulo Villena,Valencia,Unknown,ES
9658,Mario Lopez,Unknown,Unknown,AR
9659,Jesus Espinosa,Unknown,Unknown,ES
9660,Steven Sanzaro,Naples,FL,USA
9661,Jeremey Frost,Onida,SD,USA
9662,Martin Heubeck,Grafruth,Unknown,DE
9663,Perry Zhao,North Potomac,MD,USA
9664,Mark Jun,Fontana,CA,USA
9665,Cesar Machado,Sao Paulo,Unknown,BR
9666,Nicholas Lore,El Paso,TX,USA
9667,Aki Pyysing,Helsinki,Unknown,FI
9668,Seth Berger,Berwyn,PA,USA
9669,Ye Shen,Shanghai,Unknown,CN
9670,Julien Loire,Unknown,Unknown,FR
9671,Michael Anvari,Annapolis,MD,USA
9672,Michael Blake,Broomfield,CO,USA
9673,John Harms,Monroe,NE,USA
9674,Jeremy Calverley,Burnsville,MN,USA
9675,Michael Petro,Waterbury,CT,USA
9676,Alex Fortin Demers,Longueuil,Unknown,CA
9677,Jan Eric Schwippert,Brighton,Unknown,GB
9678,Chao Wu,Beijing,Unknown,CN
9679,Jacek Pustula,Brzeszcze,Unknown,PL
9680,Nathan Fair,Champlin,MN,USA
9681,David Ritter,Austin,TX,USA
9682,Didrik Mantor,Oslo,Unknown,NO
9683,David Brookshire,Baltimore,MD,USA
9684,Spencer Champlin,Scarborough,ME,USA
9685,Marko Maher,Ljubljana,Unknown,SI
9686,Renji Mao,Unknown,Unknown,CN
9687,Simon Casserly,Montego Bay,Unknown,JM
9688,Justin Hutton,Edmond,OK,USA
9689,Dennis Barrett,Jacksonville,FL,USA
9690,Benjamin Dobson,Poole,Unknown,GB
9691,Nick Pupillo,Gilbert,AZ,USA
9692,Molly Mossey,Clearwater,MN,USA
9693,Leo Worthingtonleese,Storrington,Unknown,GB
9694,Gil Levy,Orlando,FL,USA
9695,Liraz Weiman,Tel Aviv,Unknown,IL
9696,Mathieu Smith,Pontoise,Unknown,FR
9697,Eric Semel,Los Angeles,CA,USA
9698,Samuel Hughes,Arp,TX,USA
9699,Kai Lanser,Campusallee,Unknown,DE
9700,Igor Grytsak,Unknown,Unknown,UA
9701,David Clarke,Bedminster,NJ,USA
9702,Fares Santana,Anthem,AZ,USA
9703,Hsusheng Wang,Kaohsiung,Unknown,TW
9704,Jean-Francois Lauzon,Quebec,QC,CA
9705,Evan Cutler,Hoboken,NJ,USA
9706,Kyle Keating,Rohnert Park,CA,USA
9707,Daniel Stickel,Buffalo Grove,IL,USA
9708,William White,Belfast,Unknown,GB
9709,Jeffrey Muncy,North Lewisburg,OH,USA
9710,Gary Chakoian,North Providence,RI,USA
9711,Tom Dekkers,Unknown,Unknown,NL
9712,Clinton Monfort,Long Beach,CA,USA
9713,Lauren Monosson,Woodbury,NY,USA
9714,Albertus Stegeman,Amsterdam,Unknown,NL
9715,Balram Bhandari,Las Vegas,NV,USA
9716,Bradley Snider,Plantation,FL,USA
9717,Baitai Li,Mount Kisco,NY,USA
9718,Yuhan Huo,Marina,CA,USA
9719,Brandon Golden,Jacksonville,FL,USA
9720,Li Ta Hsu,Taipei,Unknown,TW
9721,Carl Pfenninger,Waco,TX,USA
9722,William Criego,Prior Lake,MN,USA
9723,Dejuante Alexander,Houston,TX,USA
9724,Keith Curro,Bellflower,CA,USA
9725,Andrew Glauberg,Tenafly,NJ,USA
9726,Nils Bardsley,Denver,CO,USA
9727,Joaquim Junior,Abrantes,Unknown,BR
9728,David Hantman,New York,NY,USA
9729,Jacob Davis,Tigard,OR,USA
9730,Geramy Dickerson,San Diego,CA,USA
9731,Julie Dang,Rosemead,VN,USA
9732,Rustam Hajiyev,Azerbaijan,Unknown,AZ
9733,Weihua Cai,Northville,MI,USA
9734,Bud Lavassani,Burbank,CA,USA
9735,Berg Gullapyan,Hacienda Hts,CA,USA
9736,Michael Weber,Fishers,IN,USA
9737,Scott Sharpe,Leawood,KS,USA
9738,Morgane Portier,Edinburgh,Unknown,FR
9739,David Hu,Tilburg,Unknown,NL
9740,Takao Shimizu,Unknown,Unknown,JP
9741,Michael Marder,Sewell,NJ,USA
9742,Jorge Rios,Seberov,Unknown,CZ
9743,Kento Mori,Kawasakishi,Unknown,JP
9744,Shuichi Hiratsuka,Tokyo,Unknown,JP
9745,Igor Dursel,London,Unknown,GB
9746,Kyriakos Papadopoulos,Unknown,Unknown,GR
9747,Leanne Brown,Rimbey,AB,CA
9748,Tim Lim,Nashville,TN,USA
9749,Paul Davison,Grand Ledge,MI,USA
9750,Patrick Herbert,Unknown,Unknown,DE
9751,Kevin Le,Westminster,CA,USA
9752,Michael Selznick,Chattanooga,TN,USA
9753,Sergei Nikiforov,Odintsovo,Unknown,RU
9754,Erik Gamans,Upland,CA,USA
9755,Oscar Alache,Viva Del Mar,Unknown,CL
9756,Edwin Roman,Bayonne,NJ,USA
9757,Craig Fishman,Heathrow,FL,USA
9758,Jack Oliver,Markyate,Unknown,GB
9759,Joshua Paige Remitio,Gilbert,AZ,USA
9760,Ozgur Secilmis,Istanbul,Unknown,TR
9761,Alejandro Lococo,Unknown,Unknown,AR
9762,Chase Bianchi,Columbia,MD,USA
9763,Sean Ragozzini,Stafford,Unknown,AU
9764,Arkadi Onikoul,Woodland Hills,CA,USA
9765,Vasu Amarapu,Bellingham,MA,USA
9766,Ramon Colillas,Barcelona,Unknown,ES
9767,Mitchell Halverson,West Linn,OR,USA
9768,Nicolas Vayssieres,Unknown,Unknown,FR
9769,Jung Woo,Bellevue,WA,USA
9770,Lewis Spencer,Stockport,Unknown,GB
9771,Elton Beebe,Ridgeland,MS,USA
9772,Nicolas Dumont,Sannois,Unknown,FR
9773,Jesse Lonis,Medford,OR,USA
9774,Philipe Pizzari Pinto,Miami,FL,USA
9775,Norbert Koh,Unknown,Unknown,SG
9776,Matthew Jewett,Seattle,WA,USA
9777,Roongsak Griffeth,Columbus,GA,USA
9778,Denys Prydvor,Dnipro,Unknown,UA
9779,Matija Dobric,Slatina,Unknown,HR
9780,Matthew Schulte,Hamilton,OH,USA
9781,Ronnie Abro,West Bloomfield,MI,USA
9782,Tonio Roder,Ruesselsheim,Unknown,DE
9783,Behrooz Jamshidi,Ellicott City,MD,USA
9784,Zachary McDiarmid,Chico,CA,USA
9785,Jason Osser,Annandale,VA,USA
9786,Breno Silva,Belo Horizonte,Unknown,BR
9787,Ronald Jensen,Euless,TX,USA
9788,Mikiya Kudo,Unknown,Unknown,JP
9789,Nicholas Rigby,South Park,PA,USA
9790,Gabriel Sack,Las Vegas,NV,USA
9791,Jon Shoreman,Las Vegas,NV,USA
9792,Daniel Swartz,North Ridgeville,OH,USA
9793,Yaniv Peretz,Dollard Es Omeaux,Unknown,IL
9794,Ehsan Amiri,Unknown,Unknown,AU
9795,Abhinav Iyer,Chennai,Unknown,IN
9796,Cody Wiegmann,San Jose,CA,USA
9797,Eliot Hudon,Montreal,QC,CA
9798,Dragana Lim,Henderson,NV,USA
9799,Jacob Millstein,New York,NY,USA
9800,Bryan Braswell,Fort Worth,TX,USA
9801,John Morgan,Minneapolis,MN,USA
9802,Christopher Trang,Staten Island,NY,USA
9803,Michael Nugent,Winnipeg,MB,CA
9804,Roman Hrabec,Unknown,Unknown,MX
9805,Heng Zhang,St Augustine,FL,USA
9806,Ryan Roeder,Missoula,MT,USA
9807,Patrick Wall,Mckinleyville,CA,USA
9808,Daniel Sewnig,Trenton,NJ,USA
9809,Asher Conniff,Brooklyn,NY,USA
9810,Frank Weigel,San Diego,CA,USA
9811,Shai Arbel,Fort Mc Kavett,TX,USA
9812,Francis Cruz,Unknown,Unknown,DO
9813,Chris Vezzetti,Berkeley,CA,USA
9814,Adrian State,Unknown,Unknown,GB
9815,Raul Manzanares,Manchester,Unknown,GB
9816,Jose Wong,Brick,NJ,USA
9817,Ran Shahar,Unknown,Unknown,IL
9818,Salko Imsirovic,Las Vegas,NV,USA
9819,Weston Pring,Calgary,AB,CA
9820,Hogyun Kang,Unknown,Unknown,KR
9821,Brett Halan,Elburn,IL,USA
9822,John Gonzalez,Harrisburg,PA,USA
9823,Maximilian Wieser,Salzburg,Unknown,AT
9824,Cole Ferraro,Denver,NC,USA
9825,Jose Vieira Martins,Chaves,Unknown,PT
9826,Michael Berland,Cleveland,OH,USA
9827,Christoph Strehl,Salzbury,Unknown,DE
9828,Oshri Lahmani,Jerusalem,Unknown,IL
9829,Jacob Connelly,Indianapolis,IN,USA
9830,Olivier Rebello,Montreal,Unknown,CA
9831,Anar Khalilov,Houston,TX,USA
9832,Craig Schauer,Granada Hills,CA,USA
9833,Pete Skyllas,Astoria,NY,USA
9834,Pete Chen,Taipei,Unknown,TW
9835,Benjamin Armstrong (GA),Canton,GA,USA
9836,Max Avela,Helsinki,Unknown,FI
9837,Shahid Rameez,Montreal,Unknown,CA
9838,David Flood,St Catharines,Unknown,CA
9839,Jose Ferro,Santa Marte,Unknown,CO
9840,Jean-Luc Adam,Unknown,Unknown,FR
9841,Gareth Mcmahon,Celbridge,Unknown,IE
9842,Andrew Dick,Saint Paul,MN,USA
9843,Dan Dyke,Atlanta,GA,USA
9844,Ranganath Kanchi,Carrollton,TX,USA
9845,Conrad Simpson,Wilmington,NC,USA
9846,Jeremy Meacham,Oak Bluffs,MA,USA
9847,Moshe Vaizman,Washington,DC,USA
9848,Yiming Cao,Elkins Park,PA,USA
9849,Brian Metter,Norwalk,CT,USA
9850,Punnat Punsri,Bangkok,Unknown,TH
9851,Robert Feathers,Bellbrook,OH,USA
9852,Tanner Lefferts,Phoenix,AZ,USA
9853,Carlos Matos-Erarte,Bronx,NY,USA
9854,Kyle Arora,Sugar Land,TX,USA
9855,Ken Aldridge,Pleasant Garden,NC,USA
9856,Clifford Conners,Plattsburgh,NY,USA
9857,Robert Lee,Boston,MA,USA
9858,Daniel Weinman,Atlanta,GA,USA
9859,Jeffrey Reardon,Whitby,ON,CA
9860,Aristeidis Moschonas,Anoixi Attikis,Unknown,GR
9861,Andy Li,Hilliard,OH,USA
9862,Gary Cheng,Toronto,ON,CA
9863,Benjamin Steinwachs,Columbus,GA,USA
9864,JJ DeLaGarza,Whittier,CA,USA
9865,Dillon Ott,Altoona,PA,USA
9866,Vladas Tamasauskas,Vilnius,Unknown,LT
9867,Yuhei Sanada,Saitama,Unknown,JP
9868,Charbel Kanterjian,Lasalle,ON,CA
9869,Benjamin Diebold,Mt. Pleasant,SC,USA
9870,Artashes Kartalyan,Pasadena,CA,USA
9871,Hennock Fessehaie,Pomona,CA,USA
9872,Jonas Kronwitter,Munich,Unknown,DE
9873,Takashi Yagura,Yokkaichi,Unknown,JP
9874,Ion Godoroja,Brooklyn,NY,USA
9875,Fernando Rodriguez,Unknown,Unknown,PR
9876,Phong Chau,Fountain Vly,CA,USA
9877,Marcel Mcgray,Lantana,FL,USA
9878,Vangelis Kaimakamis,Unknown,Unknown,GR
9879,Cole Chait,Napa,CA,USA
9880,Steven Kirton,Midlothian,VA,USA
9881,Conrad De Armas,Miami,FL,USA
9882,Florian Fuchs,Vienna,Unknown,AT
9883,Clement Van Driessche,Unknown,Unknown,FR
9884,Dale Jones,Huntsville,AL,USA
9885,Joey Weissman,Boca Raton,FL,USA
9886,Tsz Shing,Brooklyn,NY,USA
9887,Dae Woong Song,Gyeonggi-Do,Unknown,KR
9888,Michael Lavin,Beverly,NJ,USA
9889,Marle Cordeiro,New York,NY,USA
9890,Johan Martinet,Unknown,Unknown,FR
9891,James Anderson,Dallas,TX,USA
9892,Gary Patanjo,East Patchogue,NY,USA
9893,Pierre De Almeida,Melun,Unknown,FR
9894,Bradley Rogoff,Cleveland,OH,USA
9895,Glen Keogh,Dublin,Unknown,IR
9896,Lewe Thiessen,An Der Nybro,Unknown,DE
9897,Matthew Kaplan,Palm Beach Gardens,FL,USA
9898,Frederico Dos Santos Silva,Unknown,Unknown,PT
9899,John Skrovan,Granger,TX,USA
9900,David Lappin Kilmartin,Dublin,Unknown,IE
9901,Richard Alsup,Plymouth,MN,USA
9902,Ivan Deyra,Le Teich,Unknown,FR
9903,Oleksii Kravchuk,Kiev,Unknown,GB
9904,Boshuang Gao,Beijing,Unknown,CN
9905,Melissa Bryne,Las Vegas,NV,USA
9906,Rhett Wiseman,Nashville,TN,USA
9907,Zachary Okin,Queens Village,NY,USA
9908,Ross Santos,Carver,MA,USA
9909,Ayodesi Coker,Alexandria,VA,USA
9910,Robert Cunha,Plymouth,MA,USA
9911,Hao Sun,Milwaukee,WI,USA
9912,Daniel Lowery,Peter Pender,AR,USA
9913,Niv Decalo,Oakland,CA,USA
9914,Carlo Solerti,Seymour,CT,USA
9915,Nang Mak,Bakersfield,CA,USA
9916,Christopher Bolio,Clinton Township,MI,USA
9917,Zachary Grech,Belmont,CA,USA
9918,Jeremy Levin,Studio City,CA,USA
9919,Justin Turner,Manassas,VA,USA
9920,Gerald Cohen,Orinda,CA,USA
9921,Charlie Dawson,Owensboro,KY,USA
9922,Emilio Nunez,Unknown,Unknown,PG
9923,Ryan Clark,Inverary,Unknown,CA
9924,Santiago Plante,Montreal,QC,CA
9925,Yale Greenfield,Chicago,IL,USA
9926,Jackob Datashvili,Forest Hills,NY,USA
9927,Ricky Tang,Markham,ON,CA
9928,Oliver Biles,Christchurch,Unknown,GB
9929,Neel Choksi,Chicago,IL,USA
9930,Connor Arlia,Weirton,WV,USA
9931,J Harris,Unknown,Unknown,USA
9932,Bawoo Yun,Seoul,Unknown,KP
9933,Joseph Marincola,Philadelphia,PA,USA
9934,Chad Thomsen,Surrey,BC,CA
9935,Robert Hover,Whitman,MA,USA
9936,Joe Nalbandyan,Glendale,CA,USA
9937,Alan Merdita,Dearborn Heights,MI,USA
9938,Laura Desantis,Wyckoff,NJ,USA
9939,Keyu Qu,Azusa,CA,USA
9940,Ivan Obradovic,Halifax,NS,CA
9941,Keith Kordowski,Lebanon,OH,USA
9942,Daniel Babb,Lillington,NC,USA
9943,Avi Mukherjee,Fremont,CA,USA
9944,Martin Gavasci,Unknown,Unknown,AR
9945,Drew Abbadessa,Saint Louis,MO,USA
9946,David Prociak,Orlando,FL,USA
9947,Russell Dohan,Coral Gables,FL,USA
9948,Andre Butler,Hammond,IN,USA
9949,Srinivasa Vemulamada,Johns Creek,GA,USA
9950,Jerry Winn,Las Vegas,NV,USA
9951,Ben Landowski,Hartland,WI,USA
9952,Raja Sekhar,Arlington,VA,USA
9953,Luis Pinho,Unknown,Unknown,PT
9954,Joe Cook,Gilbert,AZ,USA
9955,Shane Raikes,Topeka,KS,USA
9956,Michael Schwartz,Roswell,GA,USA
9957,Renan Bruschi,Unknown,Unknown,BR
9958,Dante Goya Fenandes,Unknown,Unknown,BR
9959,Trace Henderson,Gulfport,MS,USA
9960,Thomas Ward,Seatoun Wellington,Unknown,NZ
9961,Connor Stuewe,Las Vegas,NV,USA
9962,Atrayon Trevino,Vista,CA,USA
9963,Maury Barrett,Pensacola,FL,USA
9964,Jason Marshman,Tamarac,FL,USA
9965,Yingge Yan,Berkeley,CA,USA
9966,Benjamin Mccoy,Omaha,NE,USA
9967,Sebastian Gahl,Unknown,Unknown,DE
9968,Samuel Haber,Woodmere,NY,USA
9969,Joel Grunberger,Grand Prairie,TX,USA
9970,Aaron Gunn,Charlotte,NC,USA
9971,Karim Lehoussine,Unknown,Unknown,FR
9972,Niki Nurmisto,Tampere,Unknown,FI
9973,Kathrine Brandt,Ladera Ranch,CA,USA
9974,Ryan Delgros,Erie,PA,USA
9975,Taylor Deane,Pawleys Island,SC,USA
9976,Christopher Makiri,Gilbert,AZ,USA
9977,David Novosel,Cincinnati,OH,USA
9978,John Akin,Atlanta,GA,USA
9979,Kalyan Cheekuri,Telangana,Unknown,IN
9980,Maxx Holland,Chicago,IL,USA
9981,Swadeep Mishra,Sioux Falls,SD,USA
9982,Eshaan Bhalla,Los Angeles,CA,USA
9983,Sergio Fernandez,Barcelona,Unknown,ES
9984,William Benson,Mobile,AL,USA
9985,Thomas Mccabe,Itasca,IL,USA
9986,Andrew Yakubovich,New York,NY,USA
9987,Frank Funaro,Sewell,NJ,USA
9988,Jordan Jayne,Lisle,IL,USA
9989,Danny Chang,Ozone Park,NY,USA
9990,Masam Aslanpour,Costa Mesa,CA,USA
9991,David Levy,Denver,CO,IL
9992,Joshua Stubbs,Conway,AR,USA
9993,Jerwin Pasco,Taguig,Unknown,PH
9994,Michael Delvecchio,Las Vegas,NV,USA
9995,Yi Klassen,Eden Prairie,MN,USA
9996,Starr Bridge,Petaluma,CA,USA
9997,Selahaddin Bedir,Mustafa,Unknown,TC
9998,Ian Tang,Toronto,ON,CA
9999,Jacob Marples,Farmington Hills,MI,USA
10000,Thanh Lam,Houston,TX,USA
10001,Christina Renz,Green Bay,WI,CH
10002,Hieu Tran,Egg Harbor Township,NJ,USA
10003,Wang Lee,St. Louis,MO,USA
10004,Kenneth Neely,Tyler,TX,USA
10005,David Santucci,Monroeville,PA,USA
10006,Benoit Coulombe,Saint Patrick,Unknown,CA
10007,Brian Ganon,Capital Pederal,Unknown,AR
10008,Phillip Wright,Calgary,AB,CA
10009,Kenneth Johnson,Lakeville,MN,USA
10010,Jeanpaul Norero,Brooklyn,NY,USA
10011,Steven Sobel,Tarzana,CA,USA
10012,Peter Deramo,Burlington,MA,USA
10013,Luis Torres,Windermere,FL,USA
10014,Isaac Kempton,Newark,DE,USA
10015,Matthew Sullivan,Doylestown,PA,USA
10016,Jimmy Setna,Mississauga,ON,CA
10017,Jessica Rosado,Orange Park,FL,USA
10018,Joshua Mullins,Nashville,TN,USA
10019,Hong Lin,Jacksonville,FL,USA
10020,Ted Gonzalez,East Stroudsburg,PA,USA
10021,Patrick Stacey,Georgetown,Unknown,USA
10022,Christoph Csik,Hoboken,NJ,USA
10023,Joao Simao Peres,Belo Horizonte,Unknown,BR
10024,Ron Fetsch,San Jose,CA,USA
10025,He Huang,Chicago,IL,USA
10026,Mack Khan,Bossier City,LA,USA
10027,Bobby Letbetter,Wade,NC,USA
10028,David Lu,New York,NY,USA
10029,Jose Astima,Unknown,Unknown,FR
10030,Chairud Vangchailued,Chandler,AZ,USA
10031,Daniel Soltys,Saddle Brook,NJ,USA
10032,Andy Gonder,San Diego,CA,USA
10033,Robert Constable,Warren,MI,USA
10034,Jean Guillette,Rock Creek,Unknown,CA
10035,Uwe Matthias,Wuppertal,Unknown,DE
10036,Brandon Cutsinger,Louisville,KY,USA
10037,Kenneth Neri,Jackson,NJ,USA
10038,Brock Squire,Phoenix,AZ,USA
10039,Scott Allacher,Omaha,NE,USA
10040,Felix Weis,Unknown,Unknown,LU
10041,Juan Carlos Ramirez Parodi,Quincy,MA,USA
10042,Ryan Buckholtz,Studio City,CA,USA
10043,Don Nguyen,Chino Hills,CA,USA
10044,Richard Chevalier,Shreveport,LA,USA
10045,Janelle Jacobson,Henderson,NV,USA
10046,Adam Krosser,Manhasset,NY,USA
10047,Anton Grinkevich,Coconut Creek,FL,USA
10048,Oliver Thomas,Washington,NC,USA
10049,Ross Novak,Fairbanks,AK,USA
10050,Danila Kornilov,Las Vegas,NV,USA
10051,Steven Rivero,Hialeah,FL,USA
10052,Ralf Asplund,Lindeberg,Unknown,SE
10053,Georgios Sotiropoulos,Rhodes,Unknown,GR
10054,Terry Boutcher,Bay Roberts,NL,CA
10055,Levon Khachatryan,Glendale,CA,USA
10056,Alejandro Jauregui,Salinas,CA,USA
10057,Matthew Ernst,Lexington,KY,USA
10058,Andrew Talbot,San Jose,CA,USA
10059,Nam Phan,Kansas City,MO,USA
10060,Mark Buse,Jasper,IN,USA
10061,David Sheinin,Los Angeles,CA,USA
10062,Kyle White,Surrey,BC,CA
10063,Anna Wroblewski,Providence,RI,USA
10064,Matthew Traylor,Roseville,CA,USA
10065,Kevin Fitzgibbons,Morgan Hill,CA,USA
10066,Robin Guillaumot,Avignon,Unknown,FR
10067,Robert Lenhart,Denver,CO,USA
10068,Jeanbaptiste Dequengo,Louveciennes,Unknown,FR
10069,Paul Mattioda,Knoxville,TN,USA
10070,William Pierce,New York,NY,USA
10071,Dwain Kinder,Mcgregor,TX,USA
10072,William Nichols,Beaverton,OR,USA
10073,Tyler Sigman,Boulder,CO,USA
10074,Michael Rhodes,Jenkintown,PA,USA
10075,Ao Chen,Unknown,Unknown,USA
10076,Sonia Shashikhina,Podvoyskogo,Unknown,RU
10077,Tatsuya Seki,Tokyo,Unknown,JP
10078,Dong Suh,Los Angeles,CA,USA
10079,Scott Thompson,Oswego,IL,USA
10080,Matthew Hopkins,San Diego,CA,USA
10081,Simas Karaliunas,Panevezys,Unknown,LT
10082,Johan Schumacher,Unknown,Unknown,BE
10083,Clifford Jacobson,Henderson,NV,USA
10084,Alan Krassowski,Rosendale,NY,USA
10085,Robert Wilson,Gower,MO,USA
10086,Brian Berlin,Chicago,IL,USA
10087,Lautaro Guerra,Littleport,Unknown,GB
10088,Robert French,Leander,TX,USA
10089,Guo Chen,Philadelphia,PA,USA
10090,Matthew Hunt,Salisbury,Unknown,GB
10091,Angel Garcia,Colonial Hgts,VA,USA
10092,Sean Swingruber,Venice,CA,USA
10093,Eben Kurtzman,Sunnyvale,CA,USA
10094,Christopher Conrad,Peachtree City,GA,USA
10095,Alexandre Servies,Bordeaux,Unknown,FR
10096,Joel Worcester,Parkville,MO,USA
10097,Daniel Papendick,Winter Park,FL,USA
10098,John Wellendorf,Youngstown,OH,USA
10099,Robert Warstler,Carmel,IN,USA
10100,Heath Mendelsohn,Inglewood,CA,USA
10101,Brandon Hall,Littlestown,PA,USA
10102,Brian Hu,Chicago,IL,USA
10103,Christopher Basile,Laurel Springs,NJ,USA
10104,John Young,Morrisville,NC,USA
10105,Matthew Gawel,Portland,ME,USA
10106,John Thornton,St Peters,MO,USA
10107,Huihan Wu,San Francisco,CA,USA
10108,Corey Lieblein,Port Washington,NY,USA
10109,Rajvir Dua,Diamond Bar,CA,USA
10110,Brian Saslavchik,Miami Beach,FL,USA
10111,Thomas Lipka,Canfield,OH,USA
10112,Marc Wolpert,Redondo Beach,CA,USA
10113,Stefan Reiser,Unknown,Unknown,AT
10114,James Ickes,Schellsburg,PA,USA
10115,Taras Manko,Ternopil,Unknown,GB
10116,Jacob Powers,Brigham City,UT,USA
10117,Steven Sauser,Haddonfield,NJ,USA
10118,Dominick Giovanniello,Howard Beach,NY,USA
10119,Matias Salas,Chascomos,Unknown,AR
10120,David Rich,Encino,CA,USA
10121,Joon Park,Katy,TX,USA
10122,Andres Morales,Deerfield Beach,FL,USA
10123,Ryan Riske,Cambridge,Unknown,CA
10124,Matthew Myers,Lincoln,NE,USA
10125,Ido Aboudi,Ramut Gah,Unknown,IL
10126,Shawn Gill,Diamond Bar,CA,USA
10127,Wojciech Barzantny,Kaiserslautern,Unknown,AT
10128,Franck Kalfon,St Brice Sous Bois,Unknown,FR
10129,Kayvon Shahbaz,Fort Worth,TX,USA
10130,Joshua Zucchet,Windsor,ON,CA
10131,Todd Ivens,Chicago,IL,USA
10132,Eddy Nedialkov,Han,Unknown,BG
10133,Joseph Delucia,Tampa,FL,USA
10134,Robert Mullaney,Santa Rosa Valley,CA,USA
10135,Chris Sandrock,Helena,MT,USA
10136,Ryuji Aoki,Kanagawa,Unknown,JP
10137,Sondre Bjornebekk,Oslo,Unknown,NO
10138,Timothy Garles,Windsor Heights,IA,USA
10139,Harry Ross,Unknown,Unknown,GB
10140,Tamer Alkamli,Toronto,ON,USA
10141,Kennon Perez,Unknown,HI,USA
10142,Ryan Gittleson,Brooklyn,NY,USA
10143,Vidur Sethi,Dubai,Unknown,IN
10144,Viliyan Petleshkov,Plovdiv,Unknown,BG
10145,Carl Masters,Clarksville,TN,USA
10146,Mike Chang,Sunrise,FL,USA
10147,Brandon Schweitzer,Munster,IN,USA
10148,Curtis Phelps,Owensboro,KY,USA
10149,Brian Cooper,St. Petersburg,FL,USA
10150,Dylan Collingwood,Vancouver,BC,CA
10151,Nikolas Metaxas,Boston,MA,USA
10152,Hayden Toole,Hamilton,ON,CA
10153,Benedikt Eberle,Huntington,MA,USA
10154,Lu Huang,San Francisco,CA,USA
10155,Yulia Lisichkina,Las Vegas,NV,USA
10156,Thomas Harvey,Melbourne,Unknown,AU
10157,Brian Mancilla,Las Vegas,NV,USA
10158,P.J. Cha,Yorktown,VA,USA
10159,Ross Feldman,Scarsale,NY,USA
10160,Sunny Jung,Gimhae,Unknown,KR
10161,Tracy Sibson,Norton Shores,MI,USA
10162,Aleksandr Shevliakov,Sarator,Unknown,RU
10163,Payman Arjang,Woodland Hills,CA,USA
10164,Michael Schwartz,Paris,Unknown,FR
10165,Harijs Broza,Los Angeles,CA,USA
10166,Michael Noor,Ajax,ON,CA
10167,Jordan Semel,Fort Lauderdale,FL,USA
10168,Oleksandr Trokhymenko,Kiev,Unknown,GB
10169,David Williams (AL),Hoover,AL,USA
10170,Andrew Mcilvain,Brentwood,TN,USA
10171,Nilesh Choudhary,Charlotte,NC,USA
10172,Tobias Anttila,Vienna,Unknown,AT
10173,Brian Niekerk,Kingston,TN,USA
10174,Freddy Darakjian,Unknown,Unknown,FR
10175,Xing Wei,San Francisco,CA,USA
10176,Tuan Huynh,Boise,ID,USA
10177,Atanas Kodinov,Bailey Island,ME,USA
10178,Sampo Ryynanen,Unknown,Unknown,FI
10179,Brock Wilson,Ardsley,NY,USA
10180,Roy Chang,Honolulu,HI,USA
10181,David Lung,Las Vegas,NV,USA
10182,Francisco Estrada,Thornton,CO,USA
10183,Brent Mutter,Poulsbo,WA,USA
10184,Travis Preng,Tacoma,WA,USA
10185,Raul Lozano,Dallas,TX,USA
10186,Joseph Cutler,Mount Laurel,NJ,USA
10187,Ryan Vanderpoorten,Richmond,TX,USA
10188,Tibor Nagygyoergy,Unknown,Unknown,HU
10189,Joseph Roh,Brea,CA,USA
10190,Joshua Schindler,Clayton,MO,USA
10191,Simon Burns,Unknown,Unknown,GB
10192,Craig Welko,St. Louis,MO,USA
10193,Anthony Kalanj,Port Coquitlam,BC,CA
10194,Dominic Picinic,New Milford,NJ,USA
10195,William Cyr,Boston,MA,USA
10196,Lisa Fong,S Pasadena,CA,USA
10197,Ricardo Mateo,Passaic,NJ,USA
10198,Anthony Carbone,Williamsville,NY,USA
10199,Kosaku Akashi,Tokyo,Unknown,JP
10200,Jaeyoung Choi,Seoul,Unknown,KR
10201,Daniel Dangoor,Los Angeles,CA,USA
10202,Breixo Gonzalez,Unknown,Unknown,ES
10203,Patrick Prothro,Los Angeles,CA,USA
10204,Jeremy Brown,Westville,NJ,USA
10205,Michael Hew,Lantana,TX,USA
10206,Thomas Mcgaffigan,Austin,TX,USA
10207,Brian Foley,Poulsbo,WA,USA
10208,Mario Arribas,Lake Orion,MI,USA
10209,Keith Mendonsa,Sacramento,CA,USA
10210,Daniel Jones,Kingwood,TX,USA
10211,Ziao Guo,Los Angeles,CA,USA
10212,Dhimitri Lleshi,Clawson,MI,USA
10213,Eugenio Pernia,Huntington,MA,USA
10214,Robert Shega,Cleveland,OH,USA
10215,Gilles Lamy,Unknown,Unknown,FR
10216,Dmitrii Kamalov,Menlo Park,CA,USA
10217,Alex Jim,Brooklyn,NY,USA
10218,Gustavo Morales,Buenos Aires,Unknown,AR
10219,Paul Ranola,Madison,WI,USA
10220,Lukas Volman,Grand Junction,CO,USA
10221,Eralio Villarreal,Mission,TX,USA
10222,Bradley Crandall,Vancouver,WA,USA
10223,Jeramiah Daugherty,Spring,TX,USA
10224,Derek Worley,Riverview,FL,USA
10225,William Toler,Alpharetta,GA,USA
10226,Kirk Yancey,Milford,MI,USA
10227,Kenja Wiseman,Kapolei,HI,USA
10228,Hwany Lee,Seoul,Unknown,KR
10229,James Harrison,Aurora,ON,CA
10230,Mark Gunterman,Las Vegas,NV,USA
10231,Hrayr Grigoryan,Yerevan,Unknown,AM
10232,James Gregg,New Berlin,WI,USA
10233,David Marcoullier,Cumming,GA,USA
10234,Henry Fischer,Vargas,Unknown,BR
10235,Oscar Montalvo,Unknown,Unknown,GS
10236,Andrew Smith,Mercer Island,WA,USA
10237,Anton Panelo,Pittsburg,CA,USA
10238,Garry Bliesner,Spokane Valley,WA,USA
10239,Charles Michna,Las Vegas,NV,USA
10240,Yiming Li,Unknown,Unknown,CN
10241,Elio Saade,Laval,QC,CA
10242,Philip Neiman,Flushing,NY,USA
10243,Christopher Schaler,Tacoma,WA,USA
10244,Kevin Pitstock,Walpole,ME,USA
10245,Daniel Tafur,Albemarle,Unknown,ES
10246,Masoud Jafari,Glassboro,NJ,USA
10247,Robert Hsu,Plano,TX,USA
10248,Hoa Pham,Broomfield,CO,USA
10249,Mehdi Anooshahr,Los Angeles,CA,USA
10250,Bobby Sanoubane,Aurora,CO,USA
10251,Giuseppe Liantonio,Marietta,GA,USA
10252,Manny Olszynko,Nepean,ON,CA
10253,Jefferey Tench,Spotsylvania,VA,USA
10254,Dominic Wells,London,Unknown,GB
10255,Tommaso Briotti,Rome,Unknown,IT
10256,Roussos Koliakoudakis,Athens,Unknown,GR
10257,Aaron Hernandez,Newnan,GA,USA
10258,Miguel Use,Oosterzele,Unknown,BE
10259,Pierre Deissler,Mount Laurel,NJ,USA
10260,Mohsin Virani,El Dorado,AR,USA
10261,Francisco Benitez,Montevideo,Unknown,UY
10262,David Chung,San Francisco,CA,USA
10263,John Gravagna,Columbia,MO,USA
10264,Bryan Ercolano,Las Vegas,NV,USA
10265,William Rizzuto,Reno,NV,USA
10266,John Rock,Orange,CA,USA
10267,Robert Gentile,Unknown,NM,USA
10268,Daniel Spring,Lomita,CA,USA
10269,Ana Freitas,Unknown,Unknown,BR
10270,Peter Mugar,Las Vegas,NV,USA
10271,Jensen Bernard,Antrim,NH,USA
10272,Sarah Stefan,Chicago,IL,USA
10273,Jana Vondach,Newark,OH,USA
10274,Steven Loube,Norcross,GA,USA
10275,Joshua Steiner,Gaithersburg,MD,USA
10276,Raymond Lui,Harbor City,CA,USA
10277,Kenneth Traut,Avon,IN,USA
10278,Dustin Leary,Seattle,WA,USA
10279,Jeremy Heiskanen,Hopatcong,NJ,USA
10280,Chase Turner,Birmingham,AL,USA
10281,Haim Gabay,Brooklyn,NY,USA
10282,Andrew Donabedian,Las Vegas,NV,USA
10283,Shashank Jain,New Delhi,Unknown,IN
10284,Tomomitsu Ono,Kyoto City,Unknown,JP
10285,Byambajav Bandi,Vlaanbaater,Unknown,MN
10286,Anthony Potis,Scranton,PA,USA
10287,Samantha Abernathy,Las Vegas,NV,USA
10288,Jarrett Hlavaty,Martinez,GA,USA
10289,Matthew Romero,Plantation,FL,USA
10290,Joseph Seimas,Tracy,CA,USA
10291,Rui Milhomens,Unknown,Unknown,PT
10292,Thomas Barnes,Fouke,AR,USA
10293,Trevor Keller,Souderton,PA,USA
10294,Kevin Ho,Gainesville,FL,USA
10295,Shawn Sparks,Jay,OK,USA
10296,Alan Howard,Owensboro,KY,USA
10297,Erik Koch,Livonia,MI,USA
10298,Jason Hickey,Marina Del Rey,CA,USA
10299,David Ring,Weston,FL,USA
10300,Matthew Mcfarland,Windsor,CA,USA
10301,Todd Melander,Minneapolis,MN,USA
10302,Jagdeep Bal,Yuba City,CA,USA
10303,Matthew Shaw,Calgary,AB,CA
10304,Max Lehmanski,Rosenheim,Unknown,DE
10305,Filip Nechansky,Prague,Unknown,CZ
10306,Eli Frenkel,Los Angeles,CA,USA
10307,Christopher Battenfield,Gilbert,AZ,USA
10308,Omer Gabay,Apo,AE,USA
10309,Ethan Foxman,Bethesda,MD,USA
10310,Fabrice Bigot,London,Unknown,GB
10311,Philippe Souki,Unknown,Unknown,GB
10312,Will Givens,Aurora,CO,USA
10313,Mickael Lacaze,Unknown,Unknown,FR
10314,Alberto Meran,Santo Domingo,Unknown,DM
10315,Zach Nguyen,Wichita,KS,USA
10316,Eric Inderrieden,Troy,OH,USA
10317,Gregory Robbins,Fresno,CA,USA
10318,Keir Sullivan,San Diego,CA,USA
10319,Feizal Satchu,Toronto,ON,CA
10320,Slimane Mameche,Duingt,Unknown,FR
10321,Suk-Kyu Koh,Unknown,MI,USA
10322,Michail Grigorev,Los Angeles,CA,USA
10323,Shalev Halfa,Unknown,Unknown,IL
10324,Ben Wallace,Oakville,ON,CA
10325,Dustin An,Redmond,WA,USA
10326,Melisa Singh,New York,NY,USA
10327,Robert Schmidt,Loves Park,IL,USA
10328,Kelley Slay,Jacksonville,FL,USA
10329,Nalin Gadhia,Edison,NJ,USA
10330,Dean Freedlander,San Francisco,CA,USA
10331,William Koenig,Madison,WI,USA
10332,Kevin Avin,New Orleans,LA,USA
10333,Smith Collins,Gainesville,FL,USA
10334,Christopher Perkins,Evans City,PA,USA
10335,Nolan Brower,Byron Center,MI,USA
10336,Patrick Keogan,Elkhart,IN,USA
10337,Theodoros Tsianos,Toronto,ON,CA
10338,Jay Majmudar,Murrieta,CA,USA
10339,Steven Stowe,Mesa,AZ,USA
10340,Louison Vincent,Unknown,Unknown,FR
10341,Howard Arotsky,New York,NY,USA
10342,Joseph Drory,Canton,MA,USA
10343,Gary Marinez,Marysville,MI,USA
10344,Stephen Pirri,Metairie,LA,USA
10345,Joshua Harrison,Tampa,FL,USA
10346,Jesse Capps,Henderson,NV,USA
10347,Thomas Butler,Cumberland,RI,USA
10348,Harrison Ashdown,Redondo Beach,CA,USA
10349,Anthony Schutter,Aiea,HI,USA
10350,Ryan Hazzard,Henderson,NV,USA
10351,Deryl Taylor,Auburn,CA,USA
10352,Rishi Makkar,Etobicoke,ON,CA
10353,Lars Jurgens,Unknown,Unknown,DE
10354,Atanas Pavlov,London,Unknown,GB
10355,Fabian Bernhauser,Purkersdore,Unknown,AT
10356,Mark Patterson,Miami,FL,USA
10357,Matthew Voorhees,Lakewood,CO,USA
10358,Florin Haiduc,Satre Mare,Unknown,MH
10359,Ulysse Harry,London,Unknown,GB
10360,Ryan Silva,Kapolei,HI,USA
10361,Michael Belov,Dresher,PA,USA
10362,Brad Zusman,Gresham,OR,USA
10363,David Manikos,Elmwood Park,NJ,USA
10364,Scott Fitzhugh,Chagrin Falls,OH,USA
10365,Michael Aukerman,Kettering,OH,USA
10366,Casey Glick,Ashland,OH,USA
10367,Cary Koedyker,Unknown,CA,USA
10368,Michael Pedulla,Lynbrook,NY,USA
10369,Pete Robinson,Liverpool,Merseyside,GB
10370,Michael Kenny,Stoneham,MA,USA
10371,Samy Dubonnet,France,Unknown,FR
10372,Drew Soik,Stevens Point,WI,USA
10373,Christina Read,Flowery Branch,GA,USA
10374,Andreas Zervas,Chicago,IL,USA
10375,Tzur Levy,Modin,Unknown,IL
10376,Roland Shen,San Jose,CA,USA
10377,Alexander Dmytraczenko,New Orleans,LA,USA
10378,Vito DiStefano,Las Vegas,NV,USA
10379,Junga Choi,Seoul,Unknown,KR
10380,Espen Jorstad,Unknown,Unknown,NO
10381,Adrian Attenborough,Smithfield,Unknown,AU
10382,Michael Duek,Fort Lauderdale,FL,USA
10383,Aaron Duczak,Kamloops,BC,CA
10384,Matthew Su,Washington,DC,USA
10385,Tom Kunze,Vienna,Unknown,DE
10386,Karim Rebei,Unknown,Unknown,DZ
10387,Efthymia Litsou,Larchmont,NY,USA
10388,Mayank Madan,San Francisco,CA,USA
10389,Kamal Bittar,Asuncion,Unknown,PY
10390,Adam Demersseman,San Diego,CA,USA
10391,Cameron Blazevich,Austin,TX,USA
10392,Imran Bhojani,Unknown,Unknown,ZA
10393,Jonathan Rosa,Ft Lauderdale,FL,USA
10394,Nathanael Kogel,Pflugerville,TX,USA
10395,George Turner,Stroud,Unknown,GB
10396,Austin Wilson,American Fork,UT,USA
10397,Robert Reed,Cincinnati,OH,USA
10398,David Levine,Riverside,CA,USA
10399,Victor Li,Unknown,ON,CA
10400,Kenneth Baime,Glenview,IL,USA
10401,Dingxiang Ong,Unknown,Unknown,SN
10402,Rudy Cervantes,Santa Ana,CA,USA
10403,William Nunley,Conshohocken,PA,USA
10404,Jorge Hou,Panama,Unknown,PA
10405,Antonio Lievano,Los Angeles,CA,USA
10406,James Hobbs,Kirkwood,MO,USA
10407,Robert Minor,Lake Havasu City,AZ,USA
10408,Haim Or Krief,Hallandale Beach,FL,USA
10409,William Smith,Huffman,TX,USA
10410,Seungmook Jung,Unknown,Unknown,KR
10411,Gerald Morrell,Reno,NV,USA
10412,Lander Lijo,Gipuzkoa,Unknown,ES
10413,David Rothschild,Paris,Unknown,FR
10414,Cedrric Trevino,San Antonio,TX,USA
10415,Elliot Stern,Montvale,NJ,USA
10416,Jack Allen,Nottingham,Unknown,GB
10417,Rahul Rastogi,Unknown,Unknown,AU
10418,Tyler Hirschfeld,Glen Rock,NJ,USA
10419,Bassam Elia,Edgeware,Unknown,GB
10420,Matthew Paoletti,Perkasie,PA,USA
10421,Terence Reid,Sioux Falls,SD,USA
10422,Kristopher Tong,Costa Mesa,CA,USA
10423,Shijia Liu,Las Vegas,NV,USA
10424,Fabian Schaefer Carreno,Los Angeles,CA,USA
10425,Gilbert Cruz,Distrito Nacional,Unknown,DM
10426,Jordyn Miller,Highland,CA,USA
10427,Caleb King,Springfield,OH,USA
10428,Christopher Kojack,Glen Burnie,MD,USA
10429,Nicholas Ramsey,North Shields,Unknown,GB
10430,Shelby Wells,Jeffersonville,IN,USA
10431,Mohammed Radwan,Houston,TX,USA
10432,Stuart Young,Portland,OR,USA
10433,Jeremy Steel,Balgowlah,Unknown,AU
10434,Jose Jaraiz,Unknown,Unknown,ES
10435,Rafael Mota,Unknown,Unknown,BR
10436,Matteo Cavelier,Evreux,Unknown,FR
10437,Stuart Ruff,Denville,NJ,USA
10438,Mikael Guenni,Unknown,Unknown,FR
10439,Zilong Zhang,Irvine,CA,USA
10440,Ramiro Petrone,Buenos Aires,Unknown,AR
10441,Benjamin Moon,Las Vegas,NV,USA
10442,Artem Suhak,Kiev,Unknown,UA
10443,Matthew Levine,Las Vegas,NV,USA
10444,Christopher Kline,Columbus,OH,USA
10445,Charles Tabor,Mooresville,NC,USA
10446,Alexandre Girardin,Chaumousey,Unknown,FR
10447,Sang Ho,West Palm Beach,FL,USA
10448,Mathieu His,Croix Mare,Unknown,FR
10449,Ari Engel,Las Vegas,NV,USA
10450,Baseem Nsier,Middleton,MA,USA
10451,Christophe de Meulder,Antwerp,Unknown,BE
10452,Andrew Gray,Aberdeen,Unknown,GB
10453,William Mcgrotty,Glen Rock,NJ,USA
10454,Michael Pickett,Austin,TX,USA
10455,Braxton Dunaway,Midland,TX,USA
10456,Denis Gnidash,Fair Lawn,NJ,USA
10457,Matthew Bushell,Littlehampton,Unknown,GT
10458,Jeremie Bilodeau,Lavaltrie,QC,CA
10459,Wilson Luong,Springvale South,VIC,AU
10460,Kyle Collins,Chipley,FL,USA
10461,Darius Hastings,Mansfield,TN,USA
10462,Justin Lapka,Saint Paul,MN,USA
10463,Florian Guimond,Cesson-Sevigne,Unknown,FR
10464,Thiago Bortolato,Unknown,Unknown,BR
10465,Austin Apicella,Fair Oaks Ranch,TX,USA
10466,Todd Sekli,Rehfer,Unknown,AU
10467,Thu Nguyen,Westminster,CA,USA
10468,Vikenty Shegal,San Jose,CA,USA
10469,Aaron Thivyanathan,Renton,WA,USA
10470,Abdullah Al-Shanti,Miami,FL,USA
10471,Andrew Barfield,Mt Sterling,IL,USA
10472,Angela Jordison,Crooked River Ranch,OR,USA
10473,A Avon,Unknown,Unknown,USA
10474,Grant Ellis,Whitby,Unknown,CA
10475,Boutros Awad,London,Unknown,GB
10476,Tibor Nyuli,Hungary,Unknown,HU
10477,Shaun Gillian,Flint,MI,USA
10478,Koichi Nozaki,Tokyo,Unknown,JP
10479,Tommi Lankinen,Los Angeles,CA,USA
10480,Moshe Refaelowitz,Unknown,Unknown,GB
10481,Gerardo Griffa,West Melbourne,FL,USA
10482,Carlos Leiva,Buenor Aires,Unknown,AR
10483,Cory Gogerty,Burnsville,MN,USA
10484,Bruce Knee,Vernon Hills,IL,USA
10485,Brian Kirschner,Valencia,CA,USA
10486,Douglas Arauj Ferreira,Unknown,Unknown,BR
10487,Bruno Mota,North Easton,MA,USA
10488,Stephen Jaeger,Holmdel,NJ,USA
10489,Sebastian Hoyos,Medellin,Unknown,CO
10490,German Dansker,Unknown,Unknown,AR
10491,Sebastiaan Dejonge,Unknown,Unknown,NL
10492,Maxim Urvantsev,Brooklyn,NY,USA
10493,Daniel Trianaruiz,Madrid,Unknown,ES
10494,Jose Barbosa,Joao Renoa Br,Unknown,BR
10495,Yonatan Koko,Ariel,NV,USA
10496,Michael Stashin,Massapequa,NY,USA
10497,Hollis Holcomb,Bartlesville,OK,USA
10498,Dominic Choma,East Lansing,MI,USA
10499,Brandon Lulov,Brooklyn,NY,USA
10500,Tony Le,Surrey,Unknown,CA
10501,Shahin Shojaeyan,Newark,CA,USA
10502,Michael Moncek,North Barrington,IL,USA
10503,Ali Imsirovic,Vancouver,WA,USA
10504,Dean Sanderson,Salem,OR,USA
10505,Phuoc Nguyen,San Jose,CA,USA
10506,Daniela Rodriguez,Unknown,Unknown,CO
10507,Christian Berg,St Julians,Unknown,CH
10508,Michael Dwyer,Johnstown,Unknown,IE
10509,Thomas Sullivan,Oak Grove,MN,USA
10510,Kenneth O'Donnell,St. Petersburg,FL,USA
10511,Lucia Navarro,Unknown,Unknown,ES
10512,Adam Kharman,South Weymouth,MA,USA
10513,Mauricio Ferreira Pais,Unknown,Unknown,DE
10514,Quentin Guivarch,San Paul Il Bariar,Unknown,FR
10515,Exequiel Fernando,Elk Grove,CA,USA
10516,Jon Omara,Slater,IA,USA
10517,Victor Paredes,Modesto,CA,USA
10518,Benjamin Constant,Waltham,MA,USA
10519,Antoine Lapeyre,Saint Martin,Unknown,FR
10520,Aaron Li,Netral Bay,Unknown,AU
10521,Juliet Hegedus,Hollywood,FL,USA
10522,Demetrios Petrou,Manalapan,NJ,USA
10523,Alexandre Mantovani,Curitiba,Unknown,BR
10524,Mark Egbert,Windsor,CA,USA
10525,Alex Kulev,Unknown,Unknown,BG
10526,Nico Schubert,Marlow,Unknown,DE
10527,Maximilian Eberhardt,Regensburg,Unknown,DE
10528,Raymond Ross,Maple Glen,PA,USA
10529,Tony Sandquist,Pleasant Hill,IA,USA
10530,Aram Oganyan,N Hollywood,CA,USA
10531,Rene Knapp,Weinheim,Unknown,DE
10532,Adam Goldstein,Bensalem,PA,USA
10533,Daniel Vampan,Santa Cruz,CA,USA
10534,Terry Breeden,Spotsylvania,VA,USA
10535,Brant Jolly,Fayetteville,AR,USA
10536,Ronan Sweeney,Unknown,Unknown,IE
10537,Fernando Wittvivan,Rio Grande De Sul,Unknown,BR
10538,Ian Armstrong,London,Unknown,GB
10539,Merijn Van Rooij,Eindhoven,Unknown,NL
10540,Eric Sutton,Decherd,TN,USA
10541,Jeremy Barron,Portland,ME,USA
10542,Levi Klump,Las Vegas,NV,USA
10543,Carlos Dolader,Mataro Barcelona,Unknown,ES
10544,Joseph Hanna,Ashtabula,OH,USA
10545,Pierre Paul Paulin,Saint-Simon,NB,CA
10546,Ken Le,Medford,MA,USA
10547,Lois Dufouleur,London,Unknown,FR
10548,Keith Canterbury,Tuscaloosa,AL,USA
10549,James Stitzel,Virginia Beach,VA,USA
10550,Robert James,Carmel,IN,USA
10551,Thomas Allanabker,Orange Beach,AL,USA
10552,Vincent Pontrello,Rockville Centre,NY,USA
10553,Ryutaro Sugita,Cypress,CA,USA
10554,Brian Chike,Kenosha,WI,USA
10555,Cliff Maloney,Philadelphia,PA,USA
10556,Samuel Dray,Las Vegas,NV,USA
10557,Leonid Yanovski,Haifa,Unknown,IL
10558,William Reynolds,Sioux City,IA,USA
10559,Seng Saephan,Visalia,CA,USA
10560,Elliott Kampen,Indianapolis,IN,USA
10561,Roman Pumpernick,Unknown,Unknown,AT
10562,Antonio Mallolheredia,Casteullon,Unknown,ES
10563,Konstantinos Manousoudakis,Chaina,Unknown,GR
10564,James Rodriguez,Aurora,CO,USA
10565,Atsushi Umeda,Tokyo,Unknown,JP
10566,Andrew Hawksby,Glasgow,Unknown,GB
10567,Richard Troendly,Napa,CA,USA
10568,Marco Damico,Unknown,Unknown,IT
10569,Casey Hatmaker,Chambersburg,PA,USA
10570,Kenneth Hicks,Cincinnati,OH,USA
10571,Michael Allenberg,Miami,FL,USA
10572,Marek Liyanage,Carlsbad,CA,USA
10573,Van Nguyen,Roffo Court,Unknown,GB
10574,Harold Rosenthal,Las Vegas,NV,USA
10575,Kevin Campbell,Bayonne,NJ,USA
10576,Raymond Ho,Cerritos,CA,USA
10577,John Karavas,Los Angeles,CA,USA
10578,Aleksandar Trajkovski,Skopje,Unknown,MK
10579,Sergio Benso,Genova,Unknown,IT
10580,Ondrej Drozd,Prague,Unknown,CZ
10581,Antun Topic,Solinguen,Unknown,CZ
10582,Troy Lombardo,Irvine,CA,USA
10583,Stefan Lehner,Salzburg,Unknown,AT
10584,Itai Levy,Ramat Gan,Unknown,IL
10585,Matas Cimbolas,London,Unknown,GB
10586,Gary Waldo,Hillsboro,OR,USA
10587,Giuseppe Vassallo,Unknown,Unknown,DE
10588,Amit Sharma,Thousand Oaks,CA,USA
10589,Jonathan Bryan,Red Bank,NJ,USA
10590,Erikas Laugzemys,Vilnius,Unknown,LT
10591,Farah Galfond,Culver City,CA,USA
10592,Leo Soma,Unknown,Unknown,FR
10593,Alexandros Kolonias,Volos,Unknown,GR
10594,Milad Izadmousa,Unknown,Unknown,DE
10595,Shota Nakanishi,Shinguku Icutdoyo,Unknown,JP
10596,Keanon Simon,Mustang,OK,USA
10597,Alec Weller,Las Vegas,NV,USA
10598,Joseph Sheppard,Nottingham,Unknown,GB
10599,Roscoe Light,Scottsdale,AZ,USA
10600,Kolin Deshazo,Fayetteville,AR,USA
10601,Jason Casten,Boca Raton,FL,USA
10602,Daniel Dalessandro,Orange City,FL,USA
10603,Rigoberto Rodriguez,La Puente,CA,USA
10604,Hoby Shapiro,Woodbury,NY,USA
10605,Robert Trowbridge,Frederica,DE,USA
10606,Arjun Srinivas,Gaithersburg,MD,USA
10607,Keith Doering,Brownton,MN,USA
10608,Eduardo Della Costa,Unknown,Unknown,BR
10609,Jaret Villarreal,Ypsilanti,MI,USA
10610,Bernat Saperas,Unknown,Unknown,ES
10611,Michael Strong,Cincinnati,OH,USA
10612,Steven Touitou,Miami,NV,USA
10613,Saverio Careri,Brooklyn,NY,USA
10614,Sylvain Cisterna,Cumbaya,Unknown,EC
10615,Marius Kudzmanas,Unknown,Unknown,LT
10616,Michael Dyckman,Highland,CA,USA
10617,Luke Mcintosh,Fort Lauderdale,FL,USA
10618,Raul Murillo Frias,Ensenada,Unknown,MX
10619,Jay Dragland,Calgary,AB,CA
10620,Michael Minetti,Hallandale Beach,FL,USA
10621,Jonathan Fhima,Paris,Unknown,FR
10622,Yao Yin,Onalaska,WI,USA
10623,Zac Vigar,Unknown,Unknown,AU
10624,Daniel Rezaei,Leibnitz,Unknown,AT
10625,Michael Riddle,Elk Grove,CA,USA
10626,Quan Quach,Hartford,CT,USA
10627,Laurent Azout,Veuilly-Sur-Seine,Unknown,FR
10628,Martino Bakri,Beverly Hills,CA,USA
10629,Orez Mokedi,Castaic,CA,USA
10630,Ramy Ibrahim,Westwood,MA,USA
10631,Fernando Viana Da Costa,Aruja,Unknown,BR
10632,Steve Savio,Ciotat,Unknown,FR
10633,Pedro Zuccarato,Condido,Unknown,BR
10634,Richard Lanes,Las Vegas,NV,USA
10635,Jakob Madsen,Aarhus,Unknown,DK
10636,Anthony Xu,Clapham,Unknown,AU
10637,Richard Lee,Sunnyvale,CA,USA
10638,Mario Colavita,Rome Italy,Unknown,IT
10639,Zachary Zaffos,Weston,FL,USA
10640,Guillaume Dupuy,Richland,MT,USA
10641,Travis Davis,Belle,WV,USA
10642,Kasper Jonsson,Copenhagen,Unknown,DK
10643,Yuto Suzuki,Bracey,VA,USA
10644,Takuma Bergeron,Vancouver,BC,CA
10645,Jeffrey Tugwell,Redding,CA,USA
10646,Mikal Blomlie,Trondneim,Unknown,NO
10647,William Vanes,Turnersville,NJ,USA
10648,Ugur Secilmis,Istanbul,Unknown,TR
10649,Antoinette Fiorenza,Oviedo,FL,USA
10650,Hunter Barnett,Dixon,MO,USA
10651,Simeon Spasov,Burgas,Unknown,BG
10652,Theo Devidal,Anneyron,Unknown,FR
10653,Ronald Windows,Leesburg,VA,USA
10654,Michael Hartzheim,Little Chute,WI,USA
10655,Thi Nguyen,Rouville,Unknown,FR
10656,Roy Kim,Unknown,Unknown,USA
10657,Leonard Herrmann,Unknown,Unknown,DE
10658,Liang Wu,Stony Brook,NY,USA
10659,Christopher Roth,Fitchburg,WI,USA
10660,Ying Wang,New York,NY,USA
10661,Kai Munster,Hamburg,Unknown,DE
10662,Sergio Sanchez,Commerce City,CO,USA
10663,Manuel Fischer,Hagenzell,Unknown,DE
10664,Wenrao Zhang,Las Vegas,NV,USA
10665,Leo Taffe,Ann Arbor,MI,USA
10666,Joseph Di Rosa Rojas,Valencia,Unknown,VE
10667,Matthew Schmidt,Green Bay,WI,USA
10668,John Weiss,North Haven,CT,USA
10669,Ariya Iwato,Las Vegas,NV,USA
10670,Ryan Darby,Las Vegas,NV,USA
10671,Robin Sjogren Knutas,Unknown,Unknown,SE
10672,Dan Stavila,Chisinau,CA,MD
10673,Constantinos Psallidas,Montreal,QC,CA
10674,Oleg Simanovsky,Phoenix,AZ,USA
10675,Albert Hoekendijk,Barneveld,Unknown,NL
10676,Alexander Schulze,Naples,FL,USA
10677,Brandon Sheils,Birmingham,Unknown,GB
10678,Daniel Chalifour,Spofford,NH,USA
10679,Richard Bai,Schaumburg,IL,USA
10680,Robert Koellner,Nampa,ID,USA
10681,Thomas Eychenne,Unknown,Unknown,FR
10682,Lariena Garrett,Shreveport,LA,USA
10683,Ezra Abugazal,Encino,CA,USA
10684,Cole Keenan,Gilbertsville,PA,USA
10685,Alexander Berdichevskiy,Huntingdon Vy,PA,USA
10686,Ian O'hara,Coconut Creek,FL,USA
10687,Weldon Thompson,Mansfield,TX,USA
10688,Carlos Hey De Lima,Sao Paulo,Unknown,BR
10689,Adrian Troya,Pananma City,Unknown,PA
10690,Tanuj Bhatnagar,Caldwell,NJ,USA
10691,Anthony Gardner,Slieffield,Unknown,GB
10692,Sean Small,Douglasville,GA,USA
10693,Michael Allen,Manchester,Unknown,GB
10694,Porya Mostaghimi,Houston,TX,USA
10695,Stephen Kehoe,Chicago,IL,USA
10696,Craig Cleek,Smyana,GA,USA
10697,Devon Wedum,Roseville,CA,USA
10698,Dashiell Thompson,San Rafael,CA,USA
10699,Joshua Payne,Berkeley Lake,GA,USA
10700,Hudson Pedrosa,Unknown,Unknown,BR
10701,Darren Healy,Etobicoke,ON,CA
10702,Christopher Smith,La Mesa,CA,USA
10703,Ebony Kenney,N. Miami Beach,FL,USA
10704,Norman Nolasco,Houston,TX,USA
10705,Monty Ford,Wellpinit,WA,USA
10706,Christopher Oneil,Cortlandt Mnr,NY,USA
10707,George Yutuc,Norwalk,CA,USA
10708,Shahram Rezaiamiri,Atlanta,GA,USA
10709,William Leffingwell,Tyler,TX,USA
10710,Andres Ojeda,Toronto,ON,CA
10711,Takuma Sasali,Tokyo,Unknown,JP
10712,Christopher Smith,Las Vegas,NV,USA
10713,Aditya Systla,Unknown,Unknown,IN
10714,Colm Chan,Leixlip,Unknown,IE
10715,Brady Osterman,Mesa,AZ,USA
10716,Linglin Zeng,Unknown,Unknown,CN
10717,Andres Vasquez,Syney,CA,USA
10718,Sihao Zhang,Luxembourg,Unknown,LU
10719,Marc Robinson,Los Angeles,CA,USA
10720,Christian Ramirez,San Juan,TX,USA
10721,Paul Amsellem,Gzra,Unknown,MH
10722,Manish Oza,Saint Louis,MO,USA
10723,Anthony Swift,Sacramento,CA,USA
10724,Janet Hart,North Oxford,MA,USA
10725,Vince Salvatore,Corona Del Mar,CA,USA
10726,Leandro Bianchini,Unknown,Unknown,DE
10727,Joseph Lebrun,Essex,MD,USA
10728,Ryan Blank,Fort Lauderdale,FL,USA
10729,Martin Raus,Mississauga,ON,CA
10730,Gary Thompson,Lo Meath,Unknown,IE
10731,William Reason,West Columbia,SC,USA
10732,Shawn Ferguson,Clearwater Beach,FL,USA
10733,Robert Compton,Buford,GA,USA
10734,Steven Stolzenfeld,Clinton Township,MI,USA
10735,William Zgorski,Hampstead,MD,USA
10736,Randolph Present,Woodmere,NY,USA
10737,Hung-Sheng Lin,Taipei,Unknown,TW
10738,James Dunkelberger,Wichita,KS,USA
10739,Roberto Bendeck,Miami,FL,USA
10740,Dustin Mistelske,Taylorsville,KY,USA
10741,Leon Sturm,Vienna,Unknown,DE
10742,Adrien Guyon,Unknown,Unknown,FR
10743,Kenny Deffrasnes,Villefontaine,Unknown,FR
10744,Pat Landis,Las Vegas,NV,USA
10745,Scott Miles,West Palm Beach,FL,USA
10746,Gabriel Jansen Falcao Bal,New Britain,CT,USA
10747,Matthew Wiegman,New Albany,IN,USA
10748,Kaan Becer,Richmond,BC,CA
10749,Michael Gonzalez,Dallas,TX,USA
10750,Feng Yu,Id,Unknown,DE
10751,Norman Michalek,Westfield,NJ,USA
10752,Ewald Rupp,Unknown,Unknown,AT
10753,Dirk Luenzer,Unknown,Unknown,DE
10754,Robert Stites,Defiance,OH,USA
10755,Shawn Wilmot,Dunkirk,NY,USA
10756,Franco Gasparini,Rosario,Unknown,GB
10757,Jerome Zerbib,Paris,Unknown,FR
10758,Rodney Pinkham,Hallowell,ME,USA
10759,Aylar Lie,Oslo,Unknown,NO
10760,Khaly Dang,Mississauga,ON,CA
10761,John Short,Newfield,NJ,USA
10762,Matthew Aquino,Kleinburg,ON,CA
10763,Jeffrey Scott,New York,NY,USA
10764,Elson Lima,Las Vegas,NV,USA
10765,Bryan Saltzman,Santa Barbara,CA,USA
10766,Lester Wee,Unknown,Unknown,SG
10767,Stephen Johnson,Eugene,OR,USA
10768,Tyler Willse,Hillsboro,OR,USA
10769,Brandon Wittmeyer,Boca Raton,FL,USA
10770,Aliaksandr Shylko,Prague,Unknown,CZ
10771,Mike Chiappetta,Boca Raton,FL,USA
10772,Glenn Difurio,Prosper,TX,USA
10773,Brad Cox,Lebanon,KY,USA
10774,Nathan Zimnik,Frederick,MD,USA
10775,Hyunwoo Lim,Unknown,Unknown,KR
10776,Moritz Reiner,Germany,Unknown,DM
10777,Joshua Rothberg,Colts Neck,NJ,USA
10778,David Uvaydov,Jamaica,NY,USA
10779,Michael Rodrigues Pires Santos,Melgaco,Unknown,PT
10780,Robert Gardner,Monticello,IL,USA
10781,Mike Jacob,Hollister,CA,USA
10782,Richard Hasnip,Unknown,Unknown,GB
10783,Jared Hyman,Norcross,GA,USA
10784,Christopher Audrain,St. Louis,MO,USA
10785,Peter John,Benton,KY,USA
10786,Takahito Koshiba,Chiba,Unknown,JP
10787,Umut Ozturk,Apple Valley,MN,USA
10788,Christopher Anderson,Waterford,MI,USA
10789,Ryan Quail,Towson,MD,USA
10790,Wilbern Hoffman,Lubbock,TX,USA
10791,Gary Gelman,Brooklyn,NY,USA
10792,Andre Marques,Unknown,Unknown,PT
10793,Zachariah Kates,Pikesville,MD,USA
10794,Wenzhi Fei,Pasadena,CA,USA
10795,Angel Ruiz,Valencia,Unknown,ES
10796,Yiu Kwok,Unknown,Unknown,HK
10797,W Scott Smith,Coatesville,PA,USA
10798,Aaron Kupin,Boca Raton,FL,USA
10799,Raman Afanasenka,Moscow,Unknown,RU
10800,Marsel Backa,Waterbury,CT,USA
10801,Jason Faircloth,Pearland,TX,USA
10802,Igor Yaroshevskyy,Dnipropetrovsk,Unknown,UA
10803,William Chevrie,San Diego,CA,USA
10804,Peter Zarriello,New Egypt,NJ,USA
10805,Carlos Sanchez Diaz,London,Unknown,GB
10806,Leonard Sande,Unknown,Unknown,USA
10807,Corey Wright,Draper,UT,USA
10808,Shawn Stroke,Lawrence,NY,USA
10809,David Fisher,Pleasantville,NY,USA
10810,Gareth Pepper,Kobe,Unknown,JP
10811,James Mcwhorter,Wellston,OH,USA
10812,Michael Huynh,Federal Way,WA,USA
10813,Jamie Drisdelle,Dieppe,NB,CA
10814,Robert Jonsson,Fort Lauderdale,FL,USA
10815,Andrei Lucian Boghean,Rodonti Suceava,Unknown,RO
10816,David Hilton,Chattanooga,TN,USA
10817,Bryan Connole,Banning,CA,USA
10818,Raul Garza,Alton,TX,USA
10819,Dustin Mcmaster,New Middletown,OH,USA
10820,Austin Marks,Murrells Inlet,SC,USA
10821,Christopher Keating,Jamestown,NC,USA
10822,Benjamin Jackson,Atherton,CA,USA
10823,Frederick Hoban,Pittsburgh,PA,USA
10824,Daniel Lazrus,Long Beach,NJ,USA
10825,Richie Allen,London,Unknown,GB
10826,Claudius Ferris,Hollis,NY,USA
10827,Robert Bickley,Manchester,Unknown,GB
10828,Samuel Rosen,Evanston,IL,USA
10829,Fahad Al-Thani,Doha,Unknown,QA
10830,Ross Corless,Lakeland,FL,USA
10831,Daniel Escobar,Mexico City,Unknown,MX
10832,Mateus Carrion De Moraes,Unknown,Unknown,USA
10833,Yi Chi Li,Jacksonville,FL,USA
10834,Mitchell Reid,South Pomfret,Unknown,AU
10835,Michael Guzzardi,Branford,CT,USA
10836,Royland Archibald,Toronto,ON,CA
10837,Jose Castillo,Almenia,Unknown,ES
10838,Matias Chervin,Unknown,Unknown,AR
10839,Romain Bremond,Couzon Au Mont D Or,Unknown,FR
10840,Mauricio Solano,El Paso,TX,USA
10841,Oliver Said,Bugibba,Unknown,MT
10842,Xuan Liu,Mississauga,ON,CA
10843,Terakun Karnchanakphan,Tulsa,OK,USA
10844,Jeremy Schoenberg,Portland,OR,USA
10845,Jonathan Schuman,Stanmore London,Unknown,GB
10846,Christopher Roberts,Manchester,SD,GA
10847,Michael Liang,Alexandria,VA,USA
10848,Arne Kern,Klivery,Unknown,DE
10849,Bradley Beetz,Scott Afb,IL,USA
10850,Ryan Torgersen,Lindenwold,NJ,USA
10851,Kevin Frame,Ayrshire,Unknown,GB
10852,Joseph Baghdadlian,Pasadena,CA,USA
10853,Arsh Grover,Uttar Pradesh,Unknown,IN
10854,Sungwoo Tae,Palisades Park,NJ,USA
10855,Turbo Nguyen,Tustin,CA,USA
10856,Taichi Yoneya,Unknown,Unknown,JP
10857,Alvin Staana,Sylmar,CA,USA
10858,Sergii Baranov,Odessa,Unknown,UA
10859,David To,Hoffman Estates,IL,USA
10860,Matias Gabrenja,Buenos Aires,Unknown,AR
10861,Haris Zambas,Limassol,Unknown,CY
10862,Jeffrey Hong,Flemington,NJ,USA
10863,Sebastian Lobo,Argentina,Unknown,AR
10864,Dan Matsuzuki,Tempe,AZ,USA
10865,Arthur Dahlen,Kent,WA,USA
10866,Rosalie Petit,Unknown,Unknown,FR
10867,Paul Oren,Valparaiso,IN,USA
10868,Calvin Wan,Unknown,CA,USA
10869,Hikman Masood,Mississauga,ON,CA
10870,David Coker,Haslet,TX,USA
10871,Daniel Monosson,Plainview,NY,USA
10872,Anthony Winney,Scottsdale,AZ,USA
10873,Jeffrey Pringle,Birmingham,AL,USA
10874,Eider Cruz,Porto Alegre,Unknown,BR
10875,Lance Jones,Pelham,AL,USA
10876,John Khouri,Burlingame,CA,USA
10877,Mark Montague,Unknown,Unknown,AU
10878,Richard Bordian,Maple Grove,MN,USA
10879,Ayaka Ishikawa,Tokio,Unknown,JP
10880,Aaron Ang,Decatur,TX,USA
10881,Brian Saks,Bothell,WA,USA
10882,Richard Herbert,Parkville,MD,USA
10883,Edward Mroczkowski,Jacksonville,FL,USA
10884,Christian Bonn,Westfield,NJ,USA
10885,Andrew Branch,Newbury Park,CA,USA
10886,Vilde Fagerbakke,Oslo,Unknown,NO
10887,Steven Firestone,San Diego,CA,USA
10888,Elijah Keding,Paris,KY,USA
10889,Mark Halfon,Reno,NV,USA
10890,Rafael Aslanli,Kyrenia,Unknown,AZ
10891,Simon Trumper,Nottingham,Unknown,GB
10892,Joseph Lamkin,Bardstown,KY,USA
10893,Patrik Ciklamini,Cernockeho,Unknown,SK
10894,Adel Naoun,Unknown,Unknown,FR
10895,Eric Place,Willington,NS,CA
10896,Vasile Mindrean,Belle River,ON,CA
10897,Chiraag Patel,Ibangalore,Unknown,IN
10898,William Wolf,Tampa,FL,USA
10899,Camille Brown,Riverside,CA,USA
10900,Ting-Yi Tsai,New Taipei,Unknown,TW
10901,Damien Hupe,Unknown,Unknown,BE
10902,Sami Bechahed,Costa Mesa,CA,USA
10903,Rintaro Kagawa,Unknown,Unknown,JP
10904,Alan Mulleady,Meridian,ID,USA
10905,Stephen Peppin,Willmar,MN,USA
10906,Forrest Kollar,Talent,OR,USA
10907,Peng Zhang,Flushing,NY,USA
10908,Naresh Sadhvani,Scotch Plains,NJ,USA
10909,Nabil Cardoso,Manchester,Unknown,GB
10910,Eric Yu,West Chester,PA,USA
10911,Sean Tharpe,Erie,PA,USA
10912,Daniel Reijmer,Amsterdam,Unknown,NL
10913,Ambroze Campbell,Copperas Cove,TX,USA
10914,Jeffrey Pienta,Arlington,VA,USA
10915,Andriy Lyubovetskiy,Kiev,Unknown,UA
10916,Sang Sim,Delano,CA,USA
10917,Ludovic Marguerat,South Lee,MA,USA
10918,Jay Yerby,Yerby,Unknown,GB
10919,Sina Mouloud,Baja Califonia Sur,Unknown,MX
10920,Emery Martindale,Southlake,TX,USA
10921,Thierry Van Den Berg,Almere,Unknown,NL
10922,J Pietrykowski,Staten Island,NY,USA
10923,Patrick Hagenlocher,Glendale,NY,USA
10924,Guillaume Nolet,Mcwatters,Unknown,CA
10925,Jose Lopez,Sevilla,Unknown,ES
10926,Hai Le (CAN),Vancouver,Unknown,CA
10927,Joseph Cinquemani,Bonita Springs,FL,USA
10928,Samuel Brown,Richardson,TX,USA
10929,John Griffin,New Providence,NJ,USA
10930,Vaughn Lower,San Diego,CA,USA
10931,Sunita Advaney,South Bend,IN,USA
10932,Danoo Noor,Staten Island,NY,USA
10933,David Hoag,Washington,DC,USA
10934,Randy Sim,Downey,CA,USA
10935,Matthew Boucher,Somers,CT,USA
10936,Joo Park,Fullerton,CA,USA
10937,Mario Desouza,Jaraqua Do Sul,Unknown,BR
10938,Marek Gagatek,Schaumburg,IL,USA
10939,Takehiko Nakajima,Tokyo,Unknown,JP
10940,Lonny Burke,Oak Creek,WI,USA
10941,Kyle Ravreby,Encinitas,CA,USA
10942,Jacob Mintz,Salt Lake City,UT,USA
10943,Jonathan Stewart,Great Falls,VA,USA
10944,Dominic Cullen,Nottingham,Unknown,GB
10945,Joshua Robertson,San Antonio,TX,USA
10946,Tim Vance,Millstadt,IL,USA
10947,Todd Jaspar,Scarborough,ON,CA
10948,John South,Smithtown,NY,USA
10949,Lucian Gruia,Roseville,CA,USA
10950,Albert Vorbe,Unknown,Unknown,HT
10951,Keith Heine,Hillsboro,MO,USA
10952,Abraham Passet,Wiesbaden,Unknown,DE
10953,Jianhuan Chen,New York,NY,USA
10954,Kyle Maguire,Unknown,Unknown,GB
10955,Vlada Stojanovic,Belgrade,Unknown,RS
10956,Tolga Gesli,Kirkland,WA,USA
10957,Michael Kassem,Kingsport,NV,USA
10958,Benny Glaser,Southampton,Unknown,GB
10959,John Pannucci,Basking Ridge,NJ,USA
10960,Hal Rotholz,New York,NY,USA
10961,Romit Patel,Franklin Park,NJ,USA
10962,Lloyd Dickinson,Cumming,GA,USA
10963,Ratha Ramasamy,Glen Allen,VA,USA
10964,Dinesh Alt,Unknown,Unknown,AT
10965,Michele Lawson,Plantation,FL,USA
10966,Leo Zamarripa,Brownsville,TX,USA
10967,Ezequiel Lebed,Miami,FL,USA
10968,Heath Gerig,Coos Bay,OR,USA
10969,Omar Mehmood,Foster City,CA,USA
10970,Steven Daoud,Las Vegas,NV,USA
10971,James Spencer,London,Unknown,GB
10972,John Perry,Highett,Unknown,AU
10973,Edo Walker,Minneapolis,MN,USA
10974,Kareem Marshall,Cambridge,ma,USA
10975,Kimitaka Mori,Tokyo,Unknown,JP
10976,Matthew Gibson,Swisher,IA,USA
10977,Nicholas Baris,Utica,NY,USA
10978,Simon Wiciak,Unknown,NV,USA
10979,Bledar Karafili,Long Island City,NY,USA
10980,Nathan Corbin,Blue Mound,TX,USA
10981,Silvio Costa,Coimbra,Unknown,PT
10982,Kevin Carlson,Chicago,IL,USA
10983,Ludovic Sultan,Paris,Unknown,FR
10984,Gary Horn,Sugar Land,TX,USA
10985,Steven Gorder,Scottsdale,AZ,USA
10986,Taylor Howard,Oskaloosa,IA,USA
10987,Lee Swerdlin,Atlanta,GA,USA
10988,Christopher Ackerman,Hackettstown,NJ,USA
10989,Jeffrey Gasner,Evanston,IL,USA
10990,Jonathan Dokler,Las Vegas,NV,USA
10991,Beau Winn,Los Angeles,CA,USA
10992,Dustin Sisam,South Jordan,UT,USA
10993,James Todd,Wellington,CO,USA
10994,Quang Dang,Murray,UT,USA
10995,Michael Gloess,Potsdam,Unknown,DE
10996,Fahredin Mustafov,Sofia,Unknown,BG
10997,Fernando Sampietro,Unknown,Unknown,AR
10998,Kyle Campbell,Huntsville,AL,USA
10999,Travis Hague,Northfield,IL,USA
11000,David Yokoyama,Wailuku,HI,USA
11001,Toni Bosch,Unknown,Unknown,ES
11002,James Lee,Anaheim,CA,USA
11003,Sampo Ahokas,Lappeenranta,Etela-Karjala,FI
11004,Dmitrii Perfilev,Aventura,FL,USA
11005,Jesse Jones,Springfield,MO,USA
11006,Florian Ribouchon,Unknown,Unknown,FR
11007,Alejandro Andion,Buenas Aires,Unknown,AR
11008,Sam Stockman,London,Unknown,GB
11009,Alexis Cruz Martinez,Midland,TX,USA
11010,T.C. Wu,Wembley,Unknown,GB
11011,Clinton Branchen,Sewickley,PA,USA
11012,Michael Scoma,Clermont,FL,USA
11013,Skender Alicka,Unknown,MO,USA
11014,Jeffery Wakamiya,Carmichael,CA,USA
11015,Nicholas Zautra,Tempe,AZ,USA
11016,Vasco Morgado,Toronto,ON,CA
11017,William Davies,Pinne,Unknown,GT
11018,Mark Ioli,Bayside,NY,USA
11019,Yousuke Nakazawa,Chiba,Unknown,JP
11020,Steven Onan,Versailles,KY,FR
11021,Junfeng Wang,Pasport,Unknown,AU
11022,Osman Ihlamur,Balikesir,Unknown,TR
11023,Ryan Remmes,Omaha,NE,USA
11024,Christopher Costa,Dallas,TX,USA
11025,Jeremy Becker,Tampa,FL,USA
11026,Jonathan Cameron,Terrebonne,QC,CA
11027,Warren Aspey,Liverpool,Unknown,GB
11028,Joshua Meyer,Des Moines,IA,USA
11029,Mark Eaton,Mendon,MA,USA
11030,Robert Preston,East Northport,NY,USA
11031,Dylan Foster,Mountain Creek,Unknown,AU
11032,Shunto Kakii,Setaguya Ku,Unknown,JP
11033,Anthony Denove,Toluca Lake,CA,USA
11034,James Grossman,Milan,IN,USA
11035,Eungkwan Kim,Korea,Unknown,KI
11036,Florian Kraft,Unknown,Unknown,DE
11037,Daryl Norman,Sumter,SC,USA
11038,Eric Most,Midlothian,VA,USA
11039,Diego Emperador,Unknown,Unknown,BR
11040,Christopher Sutton,West Haven,CT,USA
11041,Paul Lentz,San Francisco,CA,USA
11042,Sheldon Ingham,Las Vegas,NV,USA
11043,Kevin Hildebrand,Maineville,OH,USA
11044,Sam Ho,E Walpole,MA,USA
11045,Michel Dumas,Abilene,TX,USA
11046,Daisuke Goto,Unknown,Unknown,JP
11047,Sebastian Harasim,Greentown,PA,PL
11048,Jeremiah Ferrara,Girard,OH,USA
11049,Alen Bakovic,Burnaby,BC,CA
11050,Simon Langer,Huntington,MA,USA
11051,Houston Howie,Huntsville,AL,USA
11052,Rabah Aitabdelmaler,Saint Denis,Unknown,FR
11053,Martin Lethuillier,Boston,MA,USA
11054,William Muniz,Tampa,FL,USA
11055,Michael Laake,Sarasota,FL,USA
11056,Craig Casino,Winfield,IL,USA
11057,Juan Endara,Miami,FL,USA
11058,Ryan Dougherty,Chevy Chase,MD,USA
11059,Thomas Gabriel,Gainesville,FL,USA
11060,Samuel Baskin,Providence,RI,USA
11061,Michael Vela,Newburgh,NY,USA
11062,Andreas Gonis,Smithtown,NY,USA
11063,Nicolas Torossian,Paris,Unknown,FR
11064,Sherman Jameson,Grand Prairie,TX,USA
11065,Patrick Ford,Phoenix,AZ,USA
11066,Tim Van Loo,Vienna,Unknown,AT
11067,Lisa Xie,Boyds,MD,USA
11068,Gavin Munroe,Montgomery,AL,USA
11069,Carlos Loving,Tampa,FL,USA
11070,David Ivers,Holiday,FL,USA
11071,Paul Taylor,Belmont,CA,USA
11072,Adam Travis,Acworth,GA,USA
11073,Raghavendra Dronavalli,Northridge,CA,USA
11074,Michael Weinstock,Malibu,CA,USA
11075,Abel Lin,Los Angeles,CA,USA
11076,Mihai Itoafa,Henderson,NV,USA
11077,Seth Fass,Melville,NY,USA
11078,Shunsuke Tokoo,Sakyo-Kyoto,Unknown,JP
11079,Steven Merwin,Richland,WA,USA
11080,Enrico Mosca,Rivoli,Unknown,IT
11081,Ryanoneil Aguila,Valley Stream,NY,USA
11082,Gabriel Greenberg,Los Angeles,CA,USA
11083,Anthony Dalpra,Stoney Creek,CA,CA
11084,Aleksandar Denishev,Petrich,Unknown,BG
11085,Ronald Burrow,Brighton,CO,USA
11086,Yujian Song,Irvine,CA,USA
11087,Augusto Hagen,Balcore,Unknown,AR
11088,Roberto Musu,Unknown,Unknown,IT
11089,Frank Giaramida,N Massapequa,NY,USA
11090,Andrew Rosen,New York,NY,USA
11091,Paris Bence,Budapest,Unknown,HU
11092,Zachary Milchman,Delray Beach,FL,USA
11093,Jacky Wong,Scarborough,ON,CA
11094,Jim Willerson,San Antonio,TX,USA
11095,Jorge Veiga Muozo,Pontevedra,Unknown,CH
11096,Conor Orourke,Unknown,Unknown,USA
11097,Joseph Wilson,Cary,il,USA
11098,Michael Latuf,Sarasota,FL,USA
11099,Khanh Truong,New Port Richey,FL,USA
11100,Javier Gomez,Woodlawn,TN,USA
11101,Robert Laird,Dixon,IL,USA
11102,Brian Pryor,Wilbraham,MA,USA
11103,Seungyeol Kim,Seoul,Unknown,KR
11104,Mark Pett,Salt Lake City,UT,USA
11105,Brandon Navarrete,Miami Springs,FL,USA
11106,Tara Dunn,San Diego,CA,USA
11107,Bradley Prosic,Hamilton,ON,CA
11108,Edgar Ortiz,Mentone,CA,USA
11109,Jin Kim,San Ramon,CA,USA
11110,Michael Garcia,Miami,FL,USA
11111,Alan Kay,Mesa,AZ,USA
11112,Evert Rosseel,Deurne,Unknown,BO
11113,Benjamin Primus,Citrus Hts,CA,USA
11114,Sasha Sabbaghian,Granite Bay,CA,USA
11115,Xiaofeng Hu,New York,NY,USA
11116,Zachary Epstein,Huntington,PA,USA
11117,Dean Morrow,Chambersburg,PA,USA
11118,Alen Fillipi Tenorio,Joao Pessoa,Unknown,BR
11119,Christopher Puetz,Ayl,Unknown,DE
11120,Ray Fishman,New York,NY,USA
11121,Lucas Langsweirdt,Unknown,AZ,USA
11122,Nicholas Eastwood,Unknown,Unknown,GB
11123,Michael Majewski,Parma Heights,OH,USA
11124,Cyril Peralez,Lyon,Unknown,FR
11125,David Smith,Zionsville,IN,USA
11126,Stephen Depew,White Hall,AR,USA
11127,Cameron Cornell,Allenhurst,NJ,USA
11128,Noah Harthcock,San Antonio,TX,USA
11129,Anthony Marini,Bridgeport,CT,USA
11130,Leroy Oswalt,Vernon,TX,USA
11131,Eric Hicks,San Francisco,CA,USA
11132,Kenneth Kim,Gardena,CA,USA
11133,Jonathan Lowe,Los Angeles,CA,USA
11134,Yossi Eluz,Valley Village,CA,USA
11135,Marlin Drake,Owens Cross Roads,AL,USA
11136,Allen Lahouti,Canoga Park,CA,USA
11137,Steven Buckley,Turnersville,NJ,USA
11138,Robert Kuhn,Las Vegas,NV,USA
11139,Nam Phan,Lenexa,KS,USA
11140,Patrick Beuter,Cookson,OK,USA
11141,Matthias Auer,Unknown,Unknown,AT
11142,Ludovic Periaux,Unknown,Unknown,FR
11143,Randall Taylor,San Diego,CA,USA
11144,Lyor Yiflach,Boulogne-Billancourt,Unknown,FR
11145,Luke Blindert,Sioux Falls,SD,USA
11146,Ryan Lamanque,Utica,NY,USA
11147,Ruben Setien,Tarragona,Unknown,GS
11148,Terence Etim,Tobacco Wharf,Unknown,GB
11149,Michael Ermie,Columbus,OH,USA
11150,Michael Ziemba,Henderson,NV,USA
11151,David Melius,Metairie,LA,USA
11152,Marcelo Giordano Mendes,Brazil,Unknown,BR
11153,John Farley,La Grange,IL,USA
11154,Karina Lima,San Diego,CA,USA
11155,Bryan Livingston,Elgin,IL,USA
11156,Stanislav Andreev,Unknown,Unknown,BD
11157,Landen Lucas,Scottsdale,AZ,USA
11158,Emmanuel Nakache,Duncanville,TX,USA
11159,Richard Mullen,White Rock,BC,CA
11160,James Whittet,Las Vegas,NV,USA
11161,Bradley Howard,Mt. Starling,KY,USA
11162,Rabia Lew,Pacific Palisades,CA,USA
11163,Hayato Kitajima,Tokyo,Unknown,JP
11164,Leonardo Drago,Singapore,Unknown,IT
11165,Ronny Dennis,Vernon,TX,USA
11166,Tszhim Pun,Birmingham,Unknown,GB
11167,Robert Sherman,Unknown,Unknown,GB
11168,Gareth Devereux,Unknown,Unknown,GB
11169,Jason Dreibelbis,Henderson,NV,USA
11170,Kevin Theodore,Naperville,IL,USA
11171,Donny Carlton,Woodstock,IL,USA
11172,Alexander Jacoby,Tucson,AZ,USA
11173,Alfred Atamian,Mission,TX,USA
11174,Jack Roser,Oil City,PA,USA
11175,William Orr,Poland,OH,USA
11176,Royce Kim,Las Vegas,NV,USA
11177,Herbert Yarbrough,Tyler,TX,USA
11178,Desmond Haynes,Las Vegas,NV,USA
11179,Joseph Mussat,San Jose,CA,USA
11180,Stanislav Urodlivchenko,Unknown,Unknown,GB
11181,Yusuke Okada,Unknown,Unknown,JP
11182,Steven Jones,Phoenix,AZ,USA
11183,Jan-Peter Jachtmann,Roggenkamp,Unknown,DE
11184,Ruslan Prydryk,Lugansk,Unknown,UA
11185,Dean Hutchison,Glasgow,Unknown,GB
11186,Juan Maceiras Lapido,La Coruna,Unknown,ES
11187,Daniel Holzner,Italy,Unknown,IT
11188,Jose Aguilera,Cardiff,Unknown,ES
11189,Alec Torelli,Las Vegas,NV,USA
11190,Cong Pham,Naples,FL,USA
11191,Sachin Joshi,Unknown,Unknown,GB
11192,Anirban Das,Unknown,Unknown,IT
11193,Andrew Hulme,Stamford,Unknown,GB
11194,Joseph Ghio,Alameda,CA,USA
11195,Ryan Tamanini,Hanover,PA,USA
11196,Daniel Scroggins,Burlington,KY,USA
11197,Eric Schneider,Pittsboro,NC,USA
11198,Richard Ryder,Ridgefield,NJ,USA
11199,Christopher Kimmel,Flowood,MS,USA
11200,Harsheel Kothari,East Brunswick,NJ,USA
11201,Henry Chan,Chicago,IL,USA
11202,Bryan Obregon,San Antonio,TX,USA
11203,Carlos Henrique F Da Silva,Unknown,Unknown,BR
11204,Yaroslav Ohulchanskyi,Bravry  City,Unknown,GB
11205,Alexander Villa,Ottawa,Unknown,CA
11206,Pierpaolo Lamanna,Rome,Unknown,IT
11207,Diego Daquilio,Unknown,Unknown,IT
11208,Michael Berk,Chesterton,IN,USA
11209,Scott Berko,Rickmansworth,Unknown,GB
11210,Frank Bonacci,Pittsburgh,PA,USA
11211,Masato Yokosawa,Unknown,Unknown,JP
11212,Logan Hoover,Shreveport,LA,USA
11213,Clement Richez,Budapest,Unknown,FR
11214,Zachary Hall,Wilbraham,MA,USA
11215,Daniel Dzian,Warner,Unknown,AU
11216,Liran Betito,Nazareth Illit,Unknown,IL
11217,Allen Chang,Brooklyn,NY,USA
11218,James Jeffrey,Northville,MI,USA
11219,Andrew Dea,Parker,CO,USA
11220,Sergio Torres,Los Angeles,CA,USA
11221,Spencer Taylor,Knoxville,TN,USA
11222,Nathan Paytas,Phoenix,AZ,USA
11223,Estelle Cohuet,Espagne,Unknown,FR
11224,Andrei-Lucia Boghean,Purkersdorf,Unknown,MH
11225,Ivan Ruban,Moscow,Unknown,RU
11226,Leslie Duthie,London,Unknown,GB
11227,Clemen Deng,Portland,OR,USA
11228,Ahmad Popal,Plano,TX,USA
11229,Jonathan Therme,Gradignan,Unknown,FR
11230,Mikael Angel Berrio,Pierre,Unknown,GB
11231,Jason Magnicari,Unknown,FL,USA
11232,Bradley Moskowitz,Bellmore,NY,USA
11233,Steven Spunt,Trabuco Canyon,CA,USA
11234,Ryan Casaly,Irving,TX,USA
11235,Rene Lazaro,Budapest,Unknown,HU
11236,Nate Silver,Brooklyn,NY,USA
11237,Krzysztof Mielnik,Slupsk,Unknown,PT
11238,Luis Yepez,Turmero,CA,VE
11239,Stephen Friedrich,Falls Church,VA,USA
11240,Danny Grogan,Lancashire,Unknown,GT
11241,Alejandro Perez,Las Vegas,NV,USA
11242,Joey Spanne,Danville,CA,USA
11243,Nikita Luther,Unknown,Unknown,IN
11244,Patrick Tardif,London,ON,CA
11245,Vitor Bengozi,Unknown,Unknown,BR
11246,Shang Dai,Jamaica,NY,USA
11247,Charles Melton,Las Vegas,NV,USA
11248,Christopher Ruch,Cleveland,OH,USA
11249,Kunal Shah,Baltimore,MD,USA
11250,Luis Dorneles,Santa Rosa,Unknown,BR
11251,Yigit Tinay Aksoy,Istanbul,Unknown,TR
11252,Ryan Brown,Ellicott City,MD,USA
11253,Fausto Valdez,Long Beach,CA,USA
11254,Diego Dacosta,Ensenada,Unknown,MX
11255,Allen Shen,Toronto,ON,CA
11256,Yudai Futai,Unknown,Unknown,JP
11257,Koveh Waysei,Houston,TX,USA
11258,Michael Brown,Wakefield,Unknown,GB
11259,Jacob Sachs,E Brunswick,NJ,USA
11260,Orestis Kanakopoulos,Jefferson,PA,USA
11261,Mike Lancaster,Reno,NV,USA
11262,Jordan Westmorland,Lynnwood,WA,USA
11263,I-Chun Chiu,Santa Cruz,CA,USA
11264,Matthew Kiefer,Unknown,IN,USA
11265,Yehuda Dayan,Menbhmie,Unknown,IL
11266,Yuichi Akanuma,Tokyo,Unknown,JP
11267,Ryan Andrada,Visalia,CA,USA
11268,Robert Coakley,W Bridgewater,MA,USA
11269,Aaron Speer,Ocoee,FL,USA
11270,Mason Vieth,Windthorst,TX,USA
11271,Zachary Mullennix,Delray Beach,FL,USA
11272,David Richards,Las Vegas,NV,USA
11273,Tony Dam,Darling Point,CO,USA
11274,Thomas Clack,Monmouth,Unknown,IE
11275,Mark Spradlin,Luray,TN,USA
11276,Rodrigo Motoki,Unknown,Unknown,BR
11277,Lorenzo Santos Rodriguez,Vulbens,Unknown,FR
11278,Ethan Bennett,Brooklyn,NY,USA
11279,Rene Majed,Haraldseck S,Unknown,DE
11280,Senthuran Vijayaratnam,Scarborough,Unknown,CA
11281,Curtis Muller,Toronto,ON,CA
11282,Pierpaolo Papadia,San Jose,CA,USA
11283,Sean Falcone,Huntingdon Vy,PA,USA
11284,Tyler Stafman,Weston,FL,USA
11285,Pei Li,Calgary,AB,CH
11286,Michael Arellano,Spring,TX,USA
11287,Michael Farris,Pelham,NH,USA
11288,Andrew Neeme,Las Vegas,NV,USA
11289,Dean Lyall,Sauchie,Unknown,GB
11290,Yu Tang,Santa Ana,CA,USA
11291,Gregory Caubet,Toulouse,Unknown,FR
11292,Arthur Ohannessian,Belmont,MA,USA
11293,Johan Espholm,Copenhagen,Unknown,DK
11294,Timothy Lee,Ronkonkoma,NY,USA
11295,Albert Calderon,Chandler,AZ,USA
11296,Jason Liu,Pleasanton,CA,USA
11297,Charles Johnson,Norcross,GA,USA
11298,Manuel Pochat,Buenos Aires,Unknown,AR
11299,Matas Dilpsas,Klorpidor,Unknown,LT
11300,Jordan Schneider,Delray Beach,FL,USA
11301,Charles He,Duluth,GA,USA
11302,Chris Hak,Edmonton,AB,CA
11303,Jacque Ramsden,Unknown,Unknown,IR
11304,Anthony Kennedy,Tipton,Unknown,USA
11305,Michael Gallagher,Peterborough,ON,CA
11306,David Sebesfi,Sydney,Unknown,AU
11307,Richard Dimmick,Staten Island,NY,USA
11308,Farhad Guyuron,Tempe,AZ,USA
11309,Patrick Loughman,Bray,Unknown,IE
11310,Hen Rosilio,Lecharim City,Unknown,IL
11311,Gustavo Masteloto,Las Vegas,NV,USA
11312,Ronald Cleaver,Phillipsburg,NJ,USA
11313,Sokchheka Pho,Memphis,TN,USA
11314,Philip Almond,Liverpool,Unknown,GB
11315,Ruben Tome,Coimbda,Unknown,PT
11316,Connor Heelis,Blackpool,Unknown,GA
11317,Pol Vela,Unknown,Unknown,ES
11318,Evgeni Tourevski,Lincoln,CA,USA
11319,Kevin Gimble,Philadelphia,PA,USA
11320,Adrian Garduno,Austin,TX,USA
11321,Shawn Beaupre,Cole Harbour,NS,CA
11322,Carmelo Menechella,Niagara Falls,ON,CA
11323,Frank Cucchiara,Overland Park,KS,USA
11324,Jordan Grant,Unknown,Unknown,USA
11325,Oghenovo Constare,London,Unknown,GB
11326,Carlos Lam Wu,Panama,Unknown,PA
11327,Hilton Lourenco,Unknown,Unknown,BR
11328,Henry Li,Unknown,NY,USA
11329,Elanit Hasas,Smyrna,GA,USA
11330,Frank Wyville,Jacksonville,AL,USA
11331,Gar Cheung,Fishkill,NY,USA
11332,Wayne Nicholsen,Kansas City,MO,USA
11333,Clay Johnson,Wichita,KS,USA
11334,Anil Adiani,Lolbala,Unknown,IN
11335,Raymond Krouse,Rockville,MD,USA
11336,Franco Amorelli,Rosemere,QC,CA
11337,Bohdan Slyvinskyi,Chicago,IL,USA
11338,Douglas Lang,Delmar,NY,USA
11339,Hang Xu,Unknown,Unknown,CN
11340,Yahor Dambrouski,Zelva,Unknown,BI
11341,Timothy Holt,Solomons,MD,USA
11342,Graham Mathews,Suffield,CT,USA
11343,Tobias Matuschek,Unknown,Unknown,DM
11344,John Quattlebaum,Wilmington,NC,USA
11345,Daniel Evans,Chico,CA,USA
11346,Theo Arnoldi,Unknown,Unknown,DK
11347,Xiaohu Liu,Bejing,Unknown,CN
11348,Jessica Vierling,Las Vegas,NV,USA
11349,Jon Kyte,Bergen,Unknown,NO
11350,Doyun Ku,Unknown,Unknown,USA
11351,Arie Ori Miller,Petah Tikva,Unknown,IL
11352,Neil Cullen,Burnsville,MN,USA
11353,Robert Harrison,Conroe,TX,USA
11354,Jeremy Palvini,Marseille,Unknown,FR
11355,Sung Lee,Ellicott City,MD,USA
11356,Denis Pisarev,Lenina,Unknown,RU
11357,Jorge Dominguez,Buenos Aires,Unknown,MX
11358,Rick Jones,Lawton,OK,USA
11359,Samuel Bifarella,Unknown,Unknown,FR
11360,Matthew Davis,Dublin,CA,USA
11361,Nikita Kuznetcov,Unknown,Unknown,RU
11362,Joshua Thibodaux,Thibodaux,LA,USA
11363,Jonathan Abdellatif,Unknown,Unknown,BE
11364,Nicholas Lee,Calgary,AB,CA
11365,Nitis Udornpim,Bethlehem,PA,USA
11366,David Levy,Rockville Centre,NY,USA
11367,Sean Baker,Johns Creek,GA,USA
11368,Jin Kim,Bellevue,WA,USA
11369,Gregory Fournier,Acampo,CA,USA
11370,Brian Xie,Fremont,CA,USA
11371,Jichen Sheng,Las Vegas,NV,USA
11372,Arthur Souza De Campos,Porto Alegre,Unknown,BR
11373,Brian Arbaugh,Akron,OH,USA
11374,Svetlana Gromenkova,New York,NY,USA
11375,Gijsbert Vandoesburg,Unknown,Unknown,NL
11376,Christopher Mcnamara,Ormond Beach,FL,USA
11377,Antonio Mallol Heredia,Unknown,Unknown,ES
11378,Lou Ojeda,Miami,FL,USA
11379,Kwanghwan Park,Seoul,Unknown,KR
11380,Viorel Tonef,North Hollywood,CA,USA
11381,Lucas Pochat,Unknown,Unknown,AR
11382,Tam Ho,Ottawa,ON,CA
11383,Sasha Guerin,Great Falls,VA,USA
11384,Camden Mariotti,Radford,VA,USA
11385,Kyna England,Northbrook,IL,USA
11386,Michael Gonzales,West Jordan,UT,USA
11387,Derek Christensen,Las Cruces,NM,USA
11388,Jan Badiola,Las Vegas,NV,USA
11389,Hermilo Garzavillareal,Saint Marys,WV,USA
11390,Maryjo Zogman,Schaumburg,IL,USA
11391,Akira Hashimoto,Hyogo Amagsaki City,Unknown,JP
11392,Thomas Zanot,Las Vegas,NV,USA
11393,Simon Lindell,Eksjo,Unknown,SE
11394,Amanda Botfeld,Santa Monica,CA,USA
11395,Yilu Yuan,Unknown,Unknown,CN
11396,Juan Marcos Lopez,Las Parejas Santa Fe,Unknown,AR
11397,Heitor Saraiva,Newnan,GA,USA
11398,Paul Coveyou,Mount Pleasant,WI,USA
11399,Brandt Atkins,Noblesville,IN,USA
11400,Mitchell Wasek,Spicewood,TX,USA
11401,Christian Roberts,Unknown,Unknown,VE
11402,Tomasz Gluszko,Plewiska,Unknown,PL
11403,Riley Dieckhoff,Yuma,AZ,USA
11404,Doron Sadeghan,Encino,CA,USA
11405,Minh Nguyen,Brigantine,NJ,USA
11406,Bernard Muhire,Pompano Beach,FL,USA
11407,Christian Munk,E Longmeadow,MA,USA
11408,Thomas Larson,Mint Hill,NC,USA
11409,Steve Kim,Stockton,CA,USA
11410,Timothy Lin,San Jose,CA,USA
11411,Aaron Mcevoy,Los Alamos,NM,USA
11412,Brian Pedroza,Rancho Cucamonga,CA,USA
11413,Rene Acosta,Tucson,AZ,USA
11414,Mitchell Hynam,Bristol,Unknown,GB
11415,Andrew Batey,Beacon Hill,Unknown,AU
11416,Matthew Adams,Castle Rock,CO,USA
11417,Maksims Gorbacs,Riga,Unknown,LV
11418,Tony Vo,Palmer,MA,USA
11419,Yunye Lu,Unknown,Unknown,CN
11420,Eduardo Amaral,Unknown,Unknown,BR
11421,Rhian Fineis,San Antonio,TX,USA
11422,Kamran Munaf,Richardson,TX,USA
11423,Daniel Tighe,Headford Road,Unknown,IE
11424,Javier Agorreta,Lierganes Cantabria,Unknown,ES
11425,Kris Martin,Waverley,NS,CA
11426,Marcel Baskharon,Frankfurt,Unknown,DE
11427,Andreas Putz,Bregenz,Unknown,AR
11428,Leo Sigurdsson,Bjarmastgur,Unknown,IS
11429,Giorgii Skhulukhia,Unknown,Unknown,RU
11430,Andrei Stoenescu,Bucharest Romania,Unknown,MH
11431,Paul Kruger,Unknown,Unknown,DE
11432,Han Ming Feng,Houston,TX,USA
11433,Oleksander Gnatenko,Donetsk,Unknown,UA
11434,Silveira Recife,Balneariu Cambriv,NM,BR
11435,Edward Bergman,Duncan,BC,CA
11436,Menesh Keshav,Cenzurion,Unknown,LC
11437,Grant Thomas,Unknown,Unknown,AU
11438,Joao Manana,Olhao,Unknown,PT
11439,Maxime Parys,France,Unknown,FR
11440,Thupten Thondup,Santa Fe,NM,USA
11441,Minh Lieu,Calgary,AB,CA
11442,Mark Sandness,Moorhead,MN,USA
11443,Manish Vaswani,New Hyde Park,NY,USA
11444,Khashayar Sheibani,Atlanta,GA,USA
11445,Edgardo Rosario,Orocovis,Unknown,PR
11446,Justin Levitt,Penn Valley,CA,USA
11447,Perati Muhamet,Cervo,Unknown,IT
11448,Neel Murthy,Unknown,Unknown,USA
11449,Dirk Perdrix,Boynton Beach,FL,USA
11450,Omar Lakhdari,Paris,Unknown,FR
11451,Ta-Wei Tou,Tainan City,Unknown,TW
11452,Christopher Brewer,Vista,CA,USA
11453,Luubao Nguyen,Stow,OH,USA
11454,Steven Cody,Virginia Beach,VA,USA
11455,Andrew Peplinski,North Branch,MI,USA
11456,Yita Choong,Winthrop,Unknown,AU
11457,Haengsun Lee,Seoul,Unknown,KP
11458,Oleksii Ievchenko,Kiev,Unknown,UA
11459,Michael Bohmerwald,Westfield,NJ,USA
11460,Jerome Finck,Unknown,Unknown,FR
11461,David Toscano,Spring Valley,CA,USA
11462,Regan Duong,Calgary,AB,CA
11463,Moshe Refaelowitz,Miami,FL,USA
11464,Brandon Sunshine,Roslyn,NY,USA
11465,Robin Jofre,La Paz,Unknown,BY
11466,Jonathan Hanner,Minneapolis,MN,USA
11467,Andrew Baker,Winnipeg,MB,CA
11468,Samiyel Duzgun,Unknown,Unknown,ES
11469,Jarrett Mullins,Yadkinville,NC,USA
11470,Johannes Lehner,St Stefan,Unknown,AT
11471,Marc Lesitsky,Monclova,OH,USA
11472,Tyler Huculak,Mission Viejo,CA,USA
11473,Jesse Mason,Marrickville,Unknown,AT
11474,Demetrio Caminita,Palermo,Unknown,IT
11475,Lok Chan,Unknown,Unknown,HK
11476,James Carroll,Waban,MA,USA
11477,Tyler Johnson,Darrow,LA,USA
11478,Ioannis Pentefountas,Rosemere,QC,CA
11479,James Obrien,Arklow,Unknown,IE
11480,Jacob Steede,Las Vegas,NV,USA
11481,Jacob Lowery,Atlanta,GA,USA
11482,Jonathan Dimmig,Amherst,NY,USA
11483,Alexi Kotliarsky,Lone Tree,CO,USA
11484,Georgi Sandev,Sofia,Unknown,BG
11485,Veerachai Vongxaiburana,Ranson,WV,USA
11486,Omar Baretta,Unknown,Unknown,AR
11487,Dylan Weisman,Sherman Oaks,CA,USA
11488,Dennis Henn,Vinna,Unknown,AT
11489,Michael Ung,Montclair,CA,USA
11490,John Sofillas,Lititz,PA,USA
11491,Hans Bosman,Nigtevecht,Unknown,NL
11492,Roman Pereyaslavsky,Richmond,BC,CA
11493,Paul Cross,Minneapolis,MN,USA
11494,Ian Richardson,Harrogate,TN,USA
11495,Ty Dobbertin,Philadelphia,PA,USA
11496,Sergio Aido,Unknown,Unknown,ES
11497,Shahin Edalatdju,San Diego,CA,USA
11498,Philip Rigby,London,Unknown,GB
11499,Noam Fliegelman,San Diego,CA,USA
11500,James Hughes,Miami,FL,USA
11501,Yuan Yu,Las Vegas,NV,USA
11502,Rui Nigueira,Porto,Unknown,PT
11503,Hayg Badem,Unknown,Unknown,FR
11504,Andrew Wu,Edison,NJ,USA
11505,Danny Panagatos,Smithtown,NY,USA
11506,Stoyan Madanzhiev,Bulgaria,Unknown,BG
11507,Jianan Sheng,Unknown,IL,USA
11508,Vinicius Perridelima,Unknown,Unknown,BR
11509,Corentin Quertelet,Beaurucci En Vanmardis,FR,FR
11510,Michail Tastanis,Mytilini,Unknown,GR
11511,Phil Hernz,Plantation,FL,USA
11512,Ezequiel Gonzalez,Minnetonka,MN,USA
11513,Damien Le Goff,Plymouth,Unknown,GB
11514,Ildoopeter Jun,Santa Maria,CA,USA
11515,Calin Trif,Chesham,Unknown,GB
11516,Thomas Quaade,Aalborg,Unknown,DK
11517,Renan Aziz,Unknown,Unknown,USA
11518,Jeffery Botkin,Corsicana,TX,USA
11519,Toby Price,Chandler,AZ,USA
11520,Todd Collins,Rocklin,CA,USA
11521,David Shaw,Houston,TX,USA
11522,Eliran Zipati,Unknown,Unknown,IL
11523,Herik Gwinner,Mid Levels,Unknown,HU
11524,Serge Bottelli,Devonshire,Unknown,BM
11525,Sebastin Kolman,Los Angeles,CA,USA
11526,Vito Lucarelli,Snohomish,WA,USA
11527,Joel Shulruf,Buffalo Grove,IL,USA
11528,Lane Jacbson,Sisters,OR,USA
11529,Jinho Hong,Seoul,Unknown,KR
11530,David Hudson,Durham,Unknown,GB
11531,Benjamin Winsor,Kent,Unknown,GB
11532,Matthew Lambrecht,West Palm Beach,FL,USA
11533,Steven Venclauskas,Tallahassee,FL,USA
11534,Andre Goldbaum,Sao Paulo,Unknown,BR
11535,Austin Yoo,Glendale,CA,USA
11536,Abhishek Paul,Unknown,ON,CA
11537,Nikita Kutukov,Worcester,MA,USA
11538,Ryan Garcia,Los Angeles,CA,USA
11539,Justin Jones,Unknown,TX,USA
11540,Kyle Shigano,Pearl City,HI,USA
11541,Dani Genov,Fort Meyers,FL,USA
11542,Tony Nguyen,Fort Worth,TX,USA
11543,Nils Pudel,Oberau,Unknown,DE
11544,Joseph Maloney,Coatesville,PA,USA
11545,Thiago Franco,Santa Catarina,Unknown,BR
11546,Jonathan Good,Pflugerville,TX,USA
11547,Narongsak Dhanjaichon,San Francisco,CA,USA
11548,Tony Clough,Buffalo,NY,USA
11549,Rolf Nordstrom,London,Unknown,GB
11550,David Algarra,Bridgton,ME,USA
11551,Arthur Wu,San Jose,CA,USA
11552,Emmanuel Lopez,Buenos Aires,Unknown,AR
11553,Frederic Breton,Unknown,QC,CA
11554,Chen Song,Unknown,Unknown,CN
11555,Huai Zhang,Mountain View,CA,USA
11556,Evan Kralstein,Melville,NY,USA
11557,Ryo Hashimoto,Unknown,Unknown,JP
11558,Sean Ripp,Massapequa,NY,USA
11559,Ken Oberlieben,Duesseldorf,Unknown,DE
11560,Pedro Mendes,Recife,Unknown,BR
11561,Paraskevas Tsokaridis,Unknown,Unknown,GR
11562,Edward Konarske,Englewood,CO,USA
11563,Jason Krug,Highland,NY,USA
11564,Dalton McMullen,Eau Claire,WI,USA
11565,Chet Sickle,Manteca,CA,USA
11566,Brandon Brown,Coronado,CA,USA
11567,Benjamin Ozer,Unknown,Unknown,IL
11568,Glenn Lafaye,Ridgefield,CT,USA
11569,Thierry Quintin,Fort Walton Beach,Fl,USA
11570,Douglas Gerda,Colleyville,TX,USA
11571,Kevin Henderson,Fort Payne,AL,USA
11572,Matthew Hackney,Aurora,AZ,USA
11573,William Ysmael,Las Vegas,NV,USA
11574,Daniel Chuprun,Scottsdale,AZ,USA
11575,Ramon Kropmanns,Credeba,Unknown,BR
11576,Michael Tweedlie,Enfield,CT,USA
11577,Joseph Ermatinger,Hesperia,MI,USA
11578,Henry Strudwick,Chessingtion,Unknown,GB
11579,Kenny Huynh,Sicklerville,NJ,USA
11580,Cody Daniels,Lake Havasu City,AZ,USA
11581,Ana Cintra,Sao Paulo,Unknown,BR
11582,Dan Komem,Ramat Hasharon,Unknown,IL
11583,Bruno Soutavong,Charenton Le Pont,Unknown,FR
11584,James Tomblin,Wilton Manors,FL,USA
11585,Heather Alcorn,Ozark,MO,USA
11586,Kimberly Manley,Rochester,NY,USA
11587,Keita Hirano,Tokyo,Unknown,JP
11588,Fabrizio Nolano,Rome,Unknown,IT
11589,Daniel James,Godamino,Unknown,GB
11590,Rodrigo Insfran,Campo Grande,Unknown,BR
11591,Michael Pinto,Arstervech,Unknown,AD
11592,Bradley Martinson,Lake Forest,CA,USA
11593,Kazuyuki Tanemura,Osaka,Unknown,JP
11594,Christopher Chung,Irvine,CA,USA
11595,Artur Palaj,Bromley,Unknown,GB
11596,Joshua Thomas,Sioux Falls,SD,USA
11597,Feifan Wu,Unknown,Unknown,CN
11598,Linn Shoesmith,Audubon,IA,USA
11599,Kevin Zhang,Las Vegas,NV,USA
11600,Mohamed Aissani,Unknown,Unknown,FR
11601,Nicholas Kiley,Utica,NY,USA
11602,Eric Liu,Henderson,NV,USA
11603,Alvaro Puchol-Vina,Madrid,Unknown,ES
11604,Prasad Vemulapalli,Arlington Hts,IL,USA
11605,Philip Wojtuniecki,Trenton,MI,USA
11606,Michael Chappus,Windsor,ON,CA
11607,Kostantinos Papanikos,Rexford,NY,USA
11608,Anthony Cierco,Unknown,Unknown,FR
11609,James Kizer,Collierville,TN,USA
11610,Arthur Fleischmann,La Habra,CA,USA
11611,Toru Ida,Kanagawa,Unknown,JP
11612,Xuan Nguyen,Anaheim,CA,USA
11613,Razvan Belea,Tg-Jiu,Unknown,MH
11614,Jason Wong,Bovrbemouth,Unknown,GB
11615,Harold Harvey,Tulsa,OK,USA
11616,Jonathan Ricciardi,Valencia,Unknown,ES
11617,Garrett Schiffman,West Jordan,UT,USA
11618,Michael Goldberg,Old Bethpage,NY,USA
11619,Andrew Biddinger,Cleveland,OH,USA
11620,Yunyang Hsiao,Hsinchu City,Unknown,TJ
11621,Konstantin Konrad,Unknown,Unknown,GB
11622,Daan Mulders,Plainfield,MA,USA
11623,Klemens Binswanger,Unknown,Unknown,USA
11624,Tony Ghaffari,Los Angeles,CA,USA
11625,Felipe Ketzer,Florianpolis,Unknown,BR
11626,Eric Stein,Saint Augustine,FL,USA
11627,Alexander Bunin,Beer Sheva,Unknown,IL
11628,Josiah Godbey,Indianapolis,IN,USA
11629,Pedro Cavalieri,Rio De Janeiero,Unknown,BR
11630,Joe Laming,London,Unknown,GB
11631,Joshua Adcock,Hopkinsville,KY,USA
11632,Anh Do,Prague,Unknown,CZ
11633,Julie Salsido,San Marcos,CA,USA
11634,Leonardo Santos,Vicente Pires,Unknown,BR
11635,Antony Hallam,Poole,Unknown,GB
11636,Marian Mitran,Bucharest,Unknown,MH
11637,Connor Rash,Tallahassee,FL,USA
11638,Jorge Ufano,Dallas,NC,USA
11639,Kyle Messner,Ocean,NJ,USA
11640,Andrew Fahey,Sudbury,ON,CA
11641,Richard Kellett,Chorley,Unknown,GB
11642,Kaspars Butans,Sigula,Unknown,LV
11643,Ekrem Bozkurt,Las Vegas,NV,USA
11644,Eduard Bagrov,Yerevan,Unknown,AM
11645,Henri Kasper,Tallin,Unknown,EE
11646,Brian Atchison,Dakota Dunes,SD,USA
11647,Casimer Fijalkowski,Vernon Hills,IL,USA
11648,Nurlan Boobekov,Sidney,Unknown,AU
11649,Haresh Jethani,Houston,TX,USA
11650,Yanfeng Wang,New York,NY,USA
11651,Michael Shaw,Tinton Falls,NJ,USA
11652,Chak Lam Tsang,New York,NY,USA
11653,Joel Smith,Henning,MN,USA
11654,Mark Potovsky,Portland,OR,USA
11655,Marco Zevola,La Plata,Unknown,AR
11656,Thomas Strimple,Unknown,OH,USA
11657,Aaron Tveit,New Hampton,NY,USA
11658,Matthew Gillingham,Ancaster,ON,CA
11659,Anton Suarez Johnson,Vasteras,Unknown,SE
11660,David Moses,Asheville,NC,USA
11661,Max Hirshik,West Hollywood,CA,USA
11662,Daniel Mccormack,Frankfurt,GE,DE
11663,Brent Whitis,Killeen,TX,USA
11664,Shem Goltz,Las Vegas,NV,USA
11665,Corentin Ropert,London,Unknown,GB
11666,Franklin Klug,New Orleans,LA,USA
11667,Ramzi Karam,Beirut,Unknown,LB
11668,Mehdi Saeed,Montreal,QC,CA
11669,Kelly Dalke,Sherwood Park,AB,CA
11670,Vsevolod Sorokin,Unknown,Unknown,RU
11671,Johnny Woolen,Temecula,CA,USA
11672,Justin Saliba,Las Vegas,NV,USA
11673,Caleb Larsen,Unknown,FL,USA
11674,Derek Crooks,Morton,MN,USA
11675,Kenneth Leib,Olympia,WA,USA
11676,David Laufer,Unknown,Unknown,USA
11677,Joseph Elpayaa,Forest Park,IL,USA
11678,Jacob Mendelsohn,Encinitas,CA,USA
11679,Joel Cohen,Kurrajong,Unknown,AU
11680,Gualter Fortuna,Rio De Janeiro,Unknown,BR
11681,Keith Olsby,Santa Clarita,CA,USA
11682,Daniele Grassi,Viena,Unknown,AT
11683,Jason Adams,Vancouver,WA,USA
11684,Darrick Arreola,Las Vegas,NV,USA
11685,Mauricio Aruanno Parodi,Neuquen,Unknown,AR
11686,Patrick Testoni,Santa Cruz,CA,USA
11687,John Bagosy,Hudson,IL,USA
11688,Yoo Chan Oh,San Antonio,TX,USA
11689,Roey Dadon,Agoura Hills,CA,USA
11690,Loic Debregeas,Johnson City,NY,USA
11691,Bastian Strickling,Hannover,Unknown,DE
11692,Daniel Vehring,Unknown,Unknown,DE
11693,Asaf Ben Shushan,Knoxville,TN,USA
11694,Rickey Lee,Woodbury,NY,USA
11695,Austin Frenkel,Boca Raton,FL,USA
11696,Alessio Sabatini,East Candia,NH,USA
11697,Andrew Hedley,Deanston,Unknown,GB
11698,Martin Ttosoni,Zuerich,Unknown,CH
11699,Grant Wang,Stamford,CT,USA
11700,Brandon Wilson,Chicago,IL,USA
11701,Benjamin May,Portland,OR,USA
11702,Christopher Trombley,Macomb,MI,USA
11703,Matias Scaffo,Montevideo,Unknown,UY
11704,Peter Ng,Dayton,OH,USA
11705,Anil Jivani,Lilburn,GA,USA
11706,Huong Do,Brampton,Unknown,CA
11707,Sabir Rasulov,Mcallen,TX,USA
11708,Victor Chong,Kuching,Unknown,MY
11709,Samuel Ronalds,Wilmette,IL,USA
11710,Craig Donnellan,Kendall Park,NJ,USA
11711,Baptiste Carteau,Unknown,Unknown,FR
11712,Concetta Rinaldi-Sorscher,East Norwich,NY,USA
11713,Benjamin Cheung,Unknown,TX,USA
11714,Hicham Mahmouki,Marseilan,Unknown,FR
11715,Gerson Caldeira,Floranoplis,Unknown,BR
11716,Stanislav Halatenko,Kaltsara,Unknown,GB
11717,Hao Chuang,New Taipei City,Unknown,TJ
11718,William Berman,San Diego,CA,USA
11719,Chad Wernicke,Fenton,MI,USA
11720,Catherine Valdes,Long Beach,CA,USA
11721,Wendy Nguyen,Dallas,TX,USA
11722,Courtney Wheeler,Indianapolis,IN,USA
11723,Kevin Kent,Chandler,AZ,USA
11724,Atsushi Takeuchi,Hiroshima,Unknown,JP
11725,Nicholas Collins,Brewer,ME,USA
11726,Elijah Porter,Ottawa,ON,CA
11727,Tom Dupuy,Chaudun,Unknown,FR
11728,Tongguang Sun,Unknown,Unknown,CN
11729,Lucas Cullen,Sherwood,Unknown,AU
11730,Jeremy Grayson,London,ON,CA
11731,Jiacong Zhang,Flushing,NY,USA
11732,Mark Lovett,Lebanon,PA,USA
11733,Steve Halcovitch,Burlington,ON,CA
11734,David Amos,Unknown,Unknown,IL
11735,Kyle Watanabe,Las Vegas,NV,USA
11736,James Pixton,Saint Leonard,MD,USA
11737,Thomas Watson,Saltillo,MS,USA
11738,Henry Fewster,Unknown,Unknown,GB
11739,Jacob Long,Lincoln,NE,USA
11740,Wei Zhang,Clackamas,OR,USA
11741,Brett Mccollum,Hacienda Heights,CA,USA
11742,Michael Garner,Unknown,CA,USA
11743,Antonio Olguin,Ainsworth,IA,USA
11744,Bojan Gledovic,Belgrade,Unknown,RU
11745,Pedro Garagnani,Unknown,Unknown,BR
11746,Venkata Chinta,Dallas,TX,USA
11747,Yifu He,Sunnyvale,CA,USA
11748,Lee Chau,Sacramento,CA,USA
11749,Bradley Coultas,Estero,FL,USA
11750,Laurie Tournier,Unknown,Unknown,BR
11751,Francois Allard,Piedmont,QC,CA
11752,Bradley Butcher,Yellow Springs,OH,USA
11753,Linda Swears,Fitchburg,MA,USA
11754,Mason Hinkle,Kansas City,MO,USA
11755,Jeremy Selsky,Plainfield,IL,USA
11756,Pedro Neves,Trarusura De Sao Luis,Unknown,PT
11757,Rong Jiang,Terryville,CT,USA
11758,James Bussey,Sanford,NC,USA
11759,Andrew Fox,Farmington,MN,USA
11760,Steven Lyons,Spring,TX,USA
11761,Bob Velthuis,Unknown,Unknown,MS
11762,Terrance Sanders,Pflugerville,TX,USA
11763,Lindsey McDougall,Las Vegas,NV,USA
11764,Jose Zaragoza,Oxnard,CA,USA
11765,Malcolm Glenn-Adams,Madison,WI,USA
11766,Scott Selig,Wellington,FL,USA
11767,Theodore Doukas,Toronto,ON,CA
11768,Andy Dinh,San Jose,CA,USA
11769,Julien Martini,Paris,Unknown,FR
11770,Chad Deberry,Fleming Island,FL,USA
11771,Iraklis Manikaros,Unknown,Unknown,GR
11772,Ryosuke Aihara,Tokyo,Unknown,JP
11773,Jorge Deoliveiralopez,Unknown,Unknown,PT
11774,Damjan Radanov,Memphis,TN,USA
11775,Henry Gill,Baton Rouge,LA,USA
11776,Zachary Zaret,Toronto,ON,CA
11777,Carly Gorman,Chicago,IL,USA
11778,Joshua Prinsky,Brooklyn,NY,USA
11779,Steven Kahlenberg,Brookhaven,GA,USA
11780,Charles Davis,Unknown,MA,USA
11781,Konstantinos Tzinis,Athens,Unknown,GR
11782,Kai Lach,Rosdorf,Unknown,DE
11783,Antoine Delorme,Caruthersville,MO,USA
11784,Armen Poghosyan,Glendale,CA,USA
11785,Matthew Bennett,Bradenton,FL,USA
11786,Benjamin Luber,Chicago,IL,USA
11787,Paul Guichard,New London,CT,USA
11788,Sung Keem,Houston,TX,USA
11789,Andy Su,Portland,OR,USA
11790,Rodrigo Rishmague,Santiago,Unknown,CL
11791,Jonathon Aspin,Saginaw,MI,USA
11792,James Campbell,Harrison,OH,USA
11793,Joon Park,Surrey,BC,CA
11794,Elisa Onay,Sydney,Unknown,AU
11795,Carson Ha,Vancouver,Unknown,CA
11796,Jason Le,Boise,ID,USA
11797,Kami Hudson,Highland Village,TX,USA
11798,Zae Yoo,Frankfurt,Unknown,DE
11799,Brandon Conrad,Mesa,AZ,USA
11800,Leonard August,North Bergen,NJ,USA
11801,Waheed Ashraf,Nottingham,Unknown,GB
11802,Timothy Rehkopf,Amarillo,TX,USA
11803,Barak Wisbrod,Kadima,Unknown,IL
11804,Mathias Duarte,Unknown,Unknown,UY
11805,Masaya Hayami,Unknown,Unknown,JP
11806,Cezar Quiambao,Las Vegas,NV,USA
11807,Barry Rosenkranz,East Longmeadow,MA,USA
11808,Hajime Watanabe,Tokyo,Unknown,JP
11809,Andrew Benedict,Kenwood,CA,USA
11810,Joseph Henry,Neptune,NJ,USA
11811,Zyad Qasem,Port Saint Lucie,FL,USA
11812,Nellie Park,Las Vegas,NV,USA
11813,Leonardo Daviglus,Unknown,Unknown,AR
11814,William Cruse,Huntsville,AL,USA
11815,David Menosky,Pittsburgh,PA,USA
11816,William Anderson,Fairfield,IA,USA
11817,Eric Patterson,Penhook,VA,USA
11818,Wesley Pantling,Solana Beach,NV,USA
11819,Ronald Swain,Placentia,CA,USA
11820,Juan Villuendas,Benidon,Unknown,ES
11821,Rene Nezhoda,N Las Vegas,NV,USA
11822,Todd Zuccarino,Santa Monica,CA,USA
11823,Jared Ward,Owasso,OK,USA
11824,Samuel Uhlmann,Bozeman,MT,USA
11825,Edwin Neal,Palm Springs,FL,USA
11826,Julio Abreu,Cape Coral,FL,USA
11827,Douglas Conn,Acworth,GA,USA
11828,Ryan Brauer,Cape Town,NJ,USA
11829,Thomas Hill,Hamilton Sq,NJ,USA
11830,Yordan Vasilev,London,Unknown,GB
11831,Nathan Hill,Philadelphia,PA,USA
11832,Imad Deaibes,Las Vegas,NV,USA
11833,Alexandra Botez,Happy Valley,OR,USA
11834,Mario Lauro,Unknown,Unknown,BR
11835,Jeffrey Deegan,Cheshire,CT,USA
11836,Eduardo Delaisla,Sonora,Unknown,MX
11837,John Carter,Bellaire,TX,USA
11838,Ihor Kotyk,Unknown,Unknown,GB
11839,Daniel Jones,Diberville,MS,USA
11840,Lawrence Wayne,Houston,TX,USA
11841,Wataru Kosugi,Tokorozawa,Unknown,JP
11842,Roei Siman,Tel Aviv,Unknown,GB
11843,John Ciccarelli,Chandler,AZ,USA
11844,Cuba Levenberry,Hollywood,FL,USA
11845,Shiina Okamoto,Unknown,Unknown,JP
11846,Eduardo Pereira,Lisboa,Unknown,PT
11847,Dilip Ravindran,Unknown,Unknown,IN
11848,Aubrey Kyburz,Brooklyn,NY,USA
11849,Matyas Klimko,Drota,Unknown,HU
11850,Euan Mcnicholas,Swindon,Unknown,GB
11851,Kou Vang,Brooklyn Park,MN,USA
11852,Shouyi Gao,Arlington,VA,USA
11853,Daniel Barriocanal,Unknown,Unknown,GB
11854,Michele Gray,Glendale,AZ,USA
11855,Shannon Fahey,Arlington Heights,IL,USA
11856,Emanuel Fernandez,Buenos Aires,Unknown,AR
11857,Robert Skopalik,Prague,Unknown,CZ
11858,Joshua Denmark,York Haven,PA,USA
11859,Andrew Kim,Purchase,NY,USA
11860,Aubrey Williams,Morrisville,PA,USA
11861,Shawn Wheeling,Jacksonville,FL,USA
11862,Tyler Kolness,Hendrum,MN,USA
11863,Charles Petrizzi,Burlington,MA,USA
11864,Richard Johnson,Eugene,OR,USA
11865,Patrick White,Pearl River,NY,USA
11866,Stepan Parigian,Unknown,MA,USA
11867,Dimitri Joubert,Amsterdam,Unknown,FR
11868,Joseph Brumpacheco,Caxias,Unknown,BR
11869,Erhart Edquist,San Diego,CA,USA
11870,Itay Mashid,Unknown,Unknown,IL
11871,Tyler Rosenlund,Port Coquitlam,BC,CA
11872,Salomon Benarroch,Thornhill,ON,CA
11873,Matthew Perez,Buena Park,CA,USA
11874,Neville Endo Costa,Unknown,Unknown,BR
11875,Feng Zhao,Unknown,Unknown,SG
11876,Clint Miller,Unknown,VA,USA
11877,Arnfinn Sveen,Franklin,NC,USA
11878,Erik Bystrom,Flushing,NY,USA
11879,Jordan Ramirez,Anchorage,AK,USA
11880,Paul Dominski,Wayzata,MN,USA
11881,Daniel Barahona,Santiago Chile,Unknown,CL
11882,Robert Kessler,Athens,GA,USA
11883,Andre Allen,Grandview,MO,USA
11884,Joseph Lind,Everett,WA,USA
11885,Fernando Rodriguez,Odessa,TX,USA
11886,Kaoru Okazoe,Tokyo,Unknown,JP
11887,Kenneth Mapoy,Las Vegas,NV,USA
11888,Tony Cousineau,Daytona Beach,FL,USA
11889,Andrew Brown,Jacksonville,FL,USA
11890,Adrian Buckley,Westminster,CO,USA
11891,Rhonda Dimartino,San Antonio,TX,USA
11892,Brian Andrews,Midway,UT,USA
11893,Asaf Cohen,Henzelia,Unknown,IL
11894,Jamie Tsao,Oakland,CA,USA
11895,Tyler Gaines,Villa Rica,GA,USA
11896,Charles Furey,Atlantic City,NJ,USA
11897,Cao Siyou,Unknown,Unknown,CN
11898,Giuseppe Galluzzo,Toronto,ON,CA
11899,Hermann Lee,Unknown,Unknown,SN
11900,Hamid Mezhoud,West Roxbury,MA,USA
11901,Quinn Do,El Monte,WA,USA
11902,David Hengen,Omaha,NE,USA
11903,Dmitri Dudakov,Maardu,Unknown,EE
11904,Daniel Wagner,West Hollywood,CA,USA
11905,Uzi Zilka,Unknown,Unknown,IL
11906,Dustin Wills,Spotsylvania,VA,USA
11907,Angel Freytez-Vasquez,Las Vegas,NV,USA
11908,Paul Wong,Framingham,MA,USA
11909,Willson Huang,Kowloon,Unknown,HK
11910,Amit Goldin,Rehovot,Unknown,IL
11911,David Botfeld,Santa Monica,CA,USA
11912,Julius Roque,Lethbridge,AB,CA
11913,Nesli Ohare,Camby,IN,USA
11914,John Tech,Pasig,Unknown,PH
11915,Eric Bunch,Tulsa,OK,USA
11916,Lionel Lesur,Paris,Unknown,FR
11917,Christian Risco Alegria,Silver Spring,MD,USA
11918,Ciro Guimaraes,Sc,Unknown,BR
11919,Tomislav Peric,Vienna,Unknown,AT
11920,Casey Kooiman,Unknown,Unknown,GB
11921,Dennys Luis,Brazil,Unknown,BR
11922,Immo Drobnik,Bordesholm,Unknown,DE
11923,Walter Hrelja,Cambridge,ON,CA
11924,Michael Nye,East Bridgewater,MA,USA
11925,Kasey Mills,Frisco,TX,USA
11926,James Misenheimer,Benton,LA,USA
11927,Joseph Bold,London,Unknown,GB
11928,Daniel Brunnmayr,Benedicta,ME,USA
11929,Kevin Jonna,La Mesa,CA,USA
11930,Gary Richards,Santa Monica,CA,USA
11931,Giuseppe Lomuscio,Hackensack,NJ,USA
11932,Dario De Paz,Italy,Unknown,IT
11933,Chen Zhen,Las Vegas,NV,CN
11934,Jose Moure,Montevideo,Unknown,UY
11935,Paul Staples,Moseley,VA,USA
11936,Jean Lhuillier,Nottingham,Unknown,EE
11937,Rock Eanes,Rockdale,TX,USA
11938,Michael Jozoff,Unknown,CA,USA
11939,Thanh Phat Nguyen,Cairnlea Victoria,Unknown,AU
11940,Matthew Suttles,Jacksonville,IL,USA
11941,Brian Jones,Manhattan Beach,CA,USA
11942,Nicholas Zivolich,Clearwater,FL,USA
11943,Maher Al Mouselly,Calgary,AB,CA
11944,Stefan Bittger,Wuppertal,Unknown,DE
11945,Selim Oulmekki,Poitievs,Unknown,FR
11946,Steven Iglesias,Skoje,Unknown,NO
11947,Jeffery Renaud,Chesterfield,MI,USA
11948,Koen Breed,Unknown,Unknown,NL
11949,Derek Davis,Huntington Beach,CA,USA
11950,Ross Macdowall,Katy,TX,USA
11951,Brian Nerney,Arlington,TX,USA
11952,Jean Ledoux,Etobicoke,ON,CA
11953,Matthew Mueller,Columbia,IL,USA
11954,Leonardo Desouza,Unknown,Unknown,BR
11955,Wadih Kaawar,Arlington,TX,USA
11956,David Burton,Auburndale,FL,USA
11957,Roland Nezaj,Pelham,NY,USA
11958,Daniel Dilario,St Catharines,ON,CA
11959,Gary Banks,Unknown,Unknown,GB
11960,Dwayne Allen,Flushing,NY,USA
11961,Peter Kao,Atlanta,GA,USA
11962,Brian Harper,Unknown,WA,USA
11963,Assad Kamran,Finstadjordet,Unknown,NO
11964,Kostas Theodosakis,Surrey,BC,CA
11965,Brady Roth,Eagan,MN,USA
11966,Seun Oluwole,London,Unknown,GB
11967,Johan Schultz-Pedersen,Vienna,Unknown,AT
11968,Benjamin Palmer,Las Vegas,NV,USA
11969,Nathaniel Zoller,Superior,CO,USA
11970,Nathaniel Brown,Sacramento,CA,USA
11971,Athir Saco,Troy,MI,USA
11972,Earl Vanlandingham,Tampa,FL,USA
11973,Oscar Contreras,Paramount,CA,USA
11974,Origenes Ramos Duarte,Quadra,Unknown,BR
11975,Brenton Assing,Houston,TX,USA
11976,Eli Siboni,Agoura Hills,CA,USA
11977,Mariano Gonddlo,Boenos Aires,Unknown,AR
11978,Brandon Shack-Harris,Las Vegas,NV,USA
11979,William Jia,Manchester,NH,USA
11980,Hyung Kim,Irvine,CA,USA
11981,Martin Kanaker,Karlstad,Unknown,SE
11982,Robert White,Houston,TX,USA
11983,Anshul Kulshrestha,Pleasanton,CA,USA
11984,Shengchao Zhu,Shandong,Unknown,CN
11985,Ryan Belz,Elkridge,MD,USA
11986,Raymond Brint,Sylvania,OH,USA
11987,Chin Wei Lim,Los Angeles,CA,USA
11988,Yevgeniy Minakrin,Eagan,MN,USA
11989,Aaron Pinson,Baltimore,MD,USA
11990,Benjamin Maerefat,New York,NY,USA
11991,Brett Stern,Norton,MA,USA
11992,Brett Shaffer,Beloit,KS,USA
11993,Mark Wolfson,Washington,DC,USA
11994,Robert Fried,Rancho Palos Verdes,CA,USA
11995,Yen Chen,Knoxville,TN,USA
11996,Alessio Dicesare,Roma,Unknown,IT
11997,Christian Valladolid,Long Beach,CA,USA
11998,Steve Yagudaev,Golden Beach,FL,USA
11999,Eric Chung,Mississauga,ON,CA
12000,Benjamin Frisch,Eden Prairie,MN,USA
12001,David Montoyamancera,Beaumont,TX,USA
12002,Keith Chen,Cherry Hill,NJ,USA
12003,Lawrence Whyte,Houston,TX,USA
12004,Colin Orielly,Smyrna,GA,USA
12005,Julio Carpes,Reportorial,Unknown,USA
12006,Robert Mariano,Pensacola,FL,USA
12007,Giuseppe Calio,Los Angeles,CA,USA
12008,Riyad Ayoob,Wixom,MI,USA
12009,Cristian Penacastro,Cucuta,CT,CU
12010,John Dull,Fresno,CA,USA
12011,Mattia Festa,Italy,Unknown,IT
12012,Elie Nakache,Unknown,Unknown,FR
12013,Joon Yang,Arlington,VA,USA
12014,Gary Barger,Unknown,AR,USA
12015,Joshua Thurman,Sonora,CA,USA
12016,Richard Henke,Clare,IL,USA
12017,Derek Kimmel,Ephrata,PA,USA
12018,Steven Rash,Saint George Island,FL,USA
12019,Christopher Mazzawi,Toronto,ON,CA
12020,Daniyal Gheba,Las Vegas,NV,USA
12021,Jesse Rosen,Unknown,Unknown,ZA
12022,Tomi Brouk,Jyvaskyla,Unknown,FI
12023,Garry Simms,Shelbyville,KY,USA
12024,Tim Converse,San Francisco,CA,USA
12025,Eric Tarr,Orlando,FL,USA
12026,Michael Sortino,Omaha,NE,USA
12027,Brian Nordin,San Diego,CA,USA
12028,Matteo Ferrara,On Arrival,CA,USA
12029,Arshin Gamini,Plano,TX,USA
12030,Stephen Brite,Springfield,VA,USA
12031,Joseph Mathis,Big Rock,TN,USA
12032,Nicholas Hojnoski,Bath,NY,USA
12033,John Bitakis,Chicago,IL,USA
12034,Peter Mak,Unknown,Unknown,HK
12035,Nikalaos Stanworth,Sandy,UT,USA
12036,Christopher Clark,Myrtle Beach,SC,USA
12037,Miguel Faria,Guimaraes,Unknown,PT
12038,David Dawson,Afton,NY,USA
12039,Robert Goldstein,Sante Fe,NM,USA
12040,Yannick Cardot,Unknown,Unknown,FR
12041,Xiangchen Gao,Bejing,Unknown,CN
12042,David Laury,Millville,NJ,USA
12043,Eric Rabl,Montreux,Unknown,CH
12044,Adel Ben Messaoud,Villejuif,Unknown,FR
12045,Jeannette Mendez,Phoenix,AZ,USA
12046,Mario Navarro,Unknown,Unknown,GB
12047,Jean Marie Vandeborne,Unknown,Unknown,BE
12048,Moshe Eliyahu,Haemek,Unknown,IL
12049,John Blanchard,Garsington,Unknown,GB
12050,Jonathan Wang,San Francisco,CA,USA
12051,Daniel Custodio,Unknown,Unknown,PT
12052,Paul Tong,Nanuet,NY,USA
12053,Shawn Johnston,Southhaven,MS,USA
12054,Joe Snyder,Magnolia,NJ,USA
12055,Nicholas Civitarese,Calgary,AB,CA
12056,Arthur Boatman,Tampa,FL,USA
12057,Youwei Jing,River Edge,NJ,USA
12058,Nicholas Michael,Grand Forks,ND,USA
12059,Nikolai Tulin,Kommuni,Unknown,RU
12060,Rommel Liscano,Las Vegas,NV,USA
12061,Julian Aguirre,Seattle,WA,USA
12062,Antonio Pace,Kitchener,ON,CA
12063,Harish Ananthapadmanabha,Aurora,IL,USA
12064,Martin Paap,Allmaar,Unknown,AD
12065,Anthony Johnson,Woodland Hills,CA,USA
12066,James Capone,Weymouth,MA,USA
12067,Ramaswamy Pyloore,Wayne,NJ,USA
12068,Fabian Quoss,Munich,Unknown,DE
12069,Kindah Sakkal,Lynnwood,WA,USA
12070,David Cho,Houston,TX,USA
12071,Michael Brockley,Houston,TX,USA
12072,Glen Gaines,Worcester,Unknown,GB
12073,Jia Jun,Southbank,Unknown,AU
12074,Michael Monetti,Littleton,CO,USA
12075,Alex Soares,Dover,NJ,USA
12076,Alejandro Madrigal,Umatilla,OR,USA
12077,Joshua Faris,Los Angeles,CA,USA
12078,Anthony Pitesa,Long Beach,CA,USA
12079,Antonius Samuel,Nottingham,Unknown,GB
12080,Ryo Kotake,Unknown,Unknown,JP
12081,Blas Torres,Unknown,Unknown,IT
12082,Dennis Underwood,Richmond Hill,ON,CA
12083,Juliette Kuca,Traverse City,MI,USA
12084,Erik Mason,Geneva,NY,USA
12085,Wesley Jones,Atkins,AR,USA
12086,Roberto Rodriguez,Dallas,TX,USA
12087,Christopher Usude,Beverly Hills,CA,USA
12088,Brian Roff,Brooklyn,NY,USA
12089,Anthony Bahr,Green Bay,WI,USA
12090,Alberto Cigliano,Ischia,Unknown,IT
12091,Michael Holland,Houston,TX,USA
12092,Divyam Satyarthi,Perry Hall,MD,USA
12093,Edward Kang,Long Island City,NY,USA
12094,David Swaim,Kamloops,BC,CA
12095,Gal Bakalo,Unknown,Unknown,IL
12096,Gang Zhao,Las Vegas,NV,USA
12097,Jesus Bertoli,Porlamar,Unknown,VE
12098,Steven Russo,Wheeling,IL,USA
12099,Weston Mizumoto,Unknown,CA,USA
12100,Clement Cure,St Georgia Park,Unknown,FR
12101,Adi Rajkovic,Unknown,Unknown,AT
12102,Dmitrii Kuzin,Moscow,Unknown,RU
12103,Andrew Merrick,San Diego,CA,USA
12104,Colin Mchugh,Halifax,NS,CA
12105,Rodney Mori,Honolulu,HI,USA
12106,David Bentley,Oklahoma City,OK,USA
12107,Nicholas Pinguelo,Chicago,IL,USA
12108,Kamran Malekpour,West Vancouver,BC,CA
12109,Kfir Tubi,Unknown,Unknown,IL
12110,Serena Liu,Sunnyvale,CA,USA
12111,Tom Steinbach,Chewelah,WA,USA
12112,Chad Brewer,Temecula,CA,USA
12113,Martin Vialladesoleyrol,Santiago De Chile,Unknown,FR
12114,Erwann Pecheux,Unknown,Unknown,FR
12115,Patsy Altomari,Monessen,PA,USA
12116,Erick Gydesen,San Diego,CA,USA
12117,Colter Sanders,Mcalester,OK,USA
12118,Kevin Arrowood,Moody,AL,USA
12119,Jimmy Gorham,Vista,CA,USA
12120,Matthew Dozier,Fayettteville,AR,USA
12121,Scott Berman,Davis,CA,USA
12122,Vincenzo Lupoli,Nottingham,Unknown,IT
12123,Carl Goodwin,Renton,WA,USA
12124,David Chin,Milwaukee,WI,USA
12125,Naruki Hidaka,Tokyo,Unknown,JP
12126,Benjamin Truck,New York,NY,USA
12127,Kevin Kwak,Manassas,VA,USA
12128,Lindsay Kido,Honolulu,HI,USA
12129,Jinyi Sun,New York,NY,USA
12130,John Harth,Madison,WI,USA
12131,Amin Hosein,Freeport,Unknown,TT
12132,Bruce Olson,Dunwoody,GA,USA
12133,David Altemus,Crystal Beach,TX,USA
12134,Ryan Hoenig,Fort Collins,CO,USA
12135,Steven Wang,Lansing,MI,USA
12136,Samuel Wardlaw,Quarter Hamilton,Unknown,GB
12137,Dimitrios Gkatzas,Unknown,Unknown,GR
12138,Ronnie Ballantyne,Saltcoats,Unknown,GB
12139,Christopher Marcadet,Marietta,OH,USA
12140,Thomas Tomczyk,Stadfoldendorf,Unknown,DE
12141,John Thrasher,Atlanta,GA,USA
12142,Alexander Seibt,Chicago,IL,USA
12143,Bastien Joly,Unknown,Unknown,FR
12144,Adam Viator,Ogden,UT,USA
12145,Michael Casey,Wetumpka,AL,USA
12146,Fernando Garcia Garay,Montecoya Infiesto,Unknown,ES
12147,Michael Lane,South Lyon,MI,USA
12148,Jordan Griff,Schaumburg,IL,USA
12149,Jason Sagle,Niagara Falls,ON,CA
12150,Boris Angelov,Sofia,Unknown,BG
12151,Andres Gonzalez,Espana,Unknown,ES
12152,Malo Latinois,Carrollton,Unknown,FR
12153,Diogo Machado,Burgaes,Unknown,PT
12154,Malcolm Franchi,Unknown,Unknown,FR
12155,Gabriel Moura,Miami,FL,USA
12156,Yegor Moroz,Palm Coast,FL,USA
12157,Guillermo Sanchez Otero,Manchester,Unknown,GB
12158,Hector Hernandez,Garza,Unknown,MX
12159,Charles Russell,Edenburough,Unknown,GB
12160,Yake Yu,Shang Hai,Unknown,CN
12161,Kyosuke Nagami,Japan,Unknown,JP
12162,Luis Vazquez,Taunton,MA,USA
12163,Eliott Kessas,Los Angeles,CA,FR
12164,Vaysman Justin,Ambler,PA,USA
12165,Daniel Zadok,Lezion,Unknown,IL
12166,Shundan Xiao,San Jose,CA,USA
12167,Adrian Lopez,San Diego,CA,USA
12168,Daniel Erlandsson,Vallda,Unknown,SE
12169,Giovanni Zanette,Krugersdorp,Unknown,ZA
12170,Garrett Bok,St Albert,AB,CA
12171,Robert Renaud,Laval,QC,CA
12172,Jason Hoffman,Excelsior,MN,USA
12173,Julio Trimmer,Unknown,Unknown,MX
12174,Edward Pak,Los Angeles,CA,USA
12175,Kevin Davis,Louisville,KY,USA
12176,Mauro Juarez,Francisco,Unknown,AR
12177,Daniel Kyosev,Kyustendil,Unknown,BD
12178,Charles Alex-Barton,Boston,MA,USA
12179,Aloisio Dourado,Brasilia,Unknown,BR
12180,Randy Gattesco,Timmins,ON,CA
12181,Brian Hawkins,Venice,FL,USA
12182,Richard Lowe,Olathe,KS,USA
12183,Yong Han,Palmdale,CA,USA
12184,Carlos Caldas,Brooklyn,NY,USA
12185,Tyler Montoya,North Las Vegas,NV,USA
12186,Pedro Safar,Meringa,Unknown,BR
12187,Xuejun Huang,Yorba Linda,CA,USA
12188,David Collins,Flowery Branch,GA,USA
12189,Chijen Chen,Unknown,Unknown,TW
12190,Veerab Zakarian,Toronto,ON,CA
12191,Biao Ding,Agawam,MA,USA
12192,Ciaran Mccullagh,Unknown,Unknown,GB
12193,Cameron Mixson,Austin,TX,USA
12194,Bruno Porto,Pamlista,Unknown,BR
12195,Nazar Buhaiov,Budva,Unknown,GB
12196,Adrian Garciaglipienso,Alicante,Unknown,ES
12197,Gaston Martinez,Neugen,Unknown,AR
12198,Mathias Pedersen,Otterup,Unknown,DK
12199,Francisco Sanchez,Valencia,Unknown,USA
12200,Andrew Arbogast,Bonita Springs,FL,USA
12201,Timo Trems,East Concord,NY,USA
12202,Rakan Abusaleh,Arcadia,CA,USA
12203,Alessandro Pichierri,Rome,Unknown,IT
12204,Ma Li,Shenyang,Unknown,CN
12205,Alexandru Ga Brumaru,Ploiesti,NY,MH
12206,Bradley Mercer,Elon,NC,USA
12207,David Wintersberger,Unknown,Unknown,DE
12208,Manuel Machado,Lisbon,Unknown,USA
12209,Alexander Tkatschew,Vienna,Unknown,AT
12210,Joe Hamilton,Las Vegas,NV,USA
12211,James Tsou,Austin,TX,USA
12212,Troy Quenneville,St Clair Beach,ON,CA
12213,Oren Haziza,Moutneal,QC,CA
12214,Hai Pham,Austin,TX,USA
12215,Rolands Norietis,Unknown,Unknown,LV
12216,Joseph Carden,Flomaton,AL,USA
12217,Britton Barclay,Eden Prairie,MN,USA
12218,Ren Lin,Augusta,GA,USA
12219,Eduard Burd,Ashdod,Unknown,IL
12220,Kalyan Chivukula,Houston,TX,USA
12221,Toby Gibson,Pendleton,IN,USA
12222,Peter Bloch,Merrick,NY,USA
12223,Jose Carlos Lopez Fibla,Unknown,Unknown,ES
12224,Lingkun Lu,Jersey City,NJ,USA
12225,Yuchung Chang,Vero Beach,FL,USA
12226,Wai Kit Lo,Wigan,Unknown,GB
12227,Andrew Swenson,Baltimore,MD,USA
12228,Valentin Oberhauser,Paris,Unknown,FR
12229,Fabiano Kovalski,Guaruja,Unknown,BR
12230,Francois Billard,Rosemere,QC,CA
12231,Cole Uvila,Kent,WA,USA
12232,Cairo Kadre,Holmes,PA,USA
12233,Neal Corcoran,Unknown,FL,USA
12234,Ho Lee,Edinburgh,Unknown,EE
12235,Minh Hoang,Mississauga,ON,CA
12236,Timothy Tenpas,Yorba Linda,CA,USA
12237,Jonathan Sprung,Las Vegas,NV,USA
12238,Emilien Pitavy,Brussieu,Unknown,FR
12239,Nikola Minkov,Troshevo,Unknown,BD
12240,Francesc Davila,Akviraya,Unknown,ES
12241,Robert Tryon,Riverside,CA,USA
12242,Hossam Mhamed Ali,Casablanca,Unknown,MA
12243,Laurent Manderlier,Unknown,Unknown,BE
12244,Szymon Wysocki,Unknown,Unknown,PL
12245,Jangkyu Lee,Unknown,Unknown,KR
12246,Dian Shi,Mountain View,CA,USA
12247,Raymond Xu,Saratoga,CA,USA
12248,Marcelo Tadeu Aziz Junior,Unknown,Unknown,BR
12249,Samuel Bifarella,Aix-En-Provence,Unknown,FR
12250,Santiago Moises,Unknown,Unknown,AR
12251,Jingwei Guo,Guangzhou,Unknown,CN
12252,Arturo Alaniz,Mcallen,TX,USA
12253,Mykhailo Lendel,Brooklyn,NY,USA
12254,Daniel Wendorf,Unknown,Unknown,AT
12255,Taras Sopotnytskyi,Krakow,Unknown,GB
12256,Fernando Romano,Buenes Aires,Unknown,AR
12257,Jacques Ortega,Sao Caetano Sul,Unknown,BR
12258,Michael Jagroo,Sunny Isles Beach,FL,USA
12259,Valeriano Toledano Moreno,Cardiff,Unknown,GS
12260,James Tian,Atlanta,GA,USA
12261,James Kohl,Warren,VT,USA
12262,Luigi Curcio,Forest Hill,MD,USA
12263,Kai Zheng,Flushing,NY,USA
12264,Kevin Ordet,Miami,FL,USA
12265,Kevin Killeen,Unknown,Unknown,IE
12266,Christopher Victor,Rch Cucamonga,CA,USA
12267,Ryan Sang,Scottsdale,AZ,USA
12268,Jorge Artiga Pacheco,Ottawa,Unknown,CA
12269,Jayphong Nguyen,Austin,TX,USA
12270,James Reid,Cobourg,ON,CA
12271,Bryan Dickens,Ellicott City,MD,USA
12272,Stephen Bierman,New Orleans,LA,USA
12273,Jamie Dale,Nowlands,Unknown,GB
12274,Kuan-Yu Lin,Taipei City,Unknown,CN
12275,Tasuku Maruo,Unknown,Unknown,JP
12276,Fehem Hajdari,Unknown,Unknown,DK
12277,Arvydas Merfeldas,Kaunas,Unknown,LT
12278,Lonny Eisenberg,Mendota,IL,USA
12279,Hongru Zhang,Beijing,Unknown,CN
12280,Tomoki Matsuda,Tokyo,Unknown,JP
12281,Alejandro Queijeiro,La Coruna,Unknown,ES
12282,Ignas Vaitulionis,Vicnius,Unknown,LT
12283,Dragana Mackelprang,Henderson,NV,USA
12284,Nenad Medic,Niagara Falls,ON,CA
12285,Joe Hindry,Unknown,Unknown,USA
12286,Frederic Delval,Oklahoma City,OK,USA
12287,Fabian Niederreiter,Wien,Unknown,AT
12288,Masaki Ova,Jamestown,ND,USA
12289,Steven Ayoub,Torrance,CA,USA
12290,Apple Landerman,Lahaina,HI,USA
12291,Marcelo Giordano,Brazil,Unknown,IT
12292,Nicholas Schuler,Chicago,IL,USA
12293,Toni Zengovski,Skopje,Unknown,MK
12294,Sarah Lee,Honolulu,HI,USA
12295,Rene Rosenast,Unknown,Unknown,CH
12296,Michael Pettinella,Mount Kisco,NY,USA
12297,Young Ko,New York,NY,USA
12298,Yaroslav Shklyar,Kiev,Unknown,GB
12299,Emanuel Failla,Smithtown,NY,USA
12300,Dave Mcleod,Aklavik,NT,CA
12301,Diogo Veiga,Unknown,Unknown,PT
12302,Hugo Alfaro,Desert Hot Springs,CA,USA
12303,Joerg Winterhoff,Greenwich,CT,USA
12304,Ben Collins,Billingham,Unknown,GB
12305,Zakhar Galper,Unknown,Unknown,IL
12306,Amir Minagar,Unknown,Unknown,AU
12307,Jeremy Mintz,Encino,CA,USA
12308,Aditya Prasetyo,Cambridge,MA,USA
12309,Chad Lipton,San Diego,CA,USA
12310,David Avina,Murrieta,CA,USA
12311,Andrew Bakota,Kirkwood,MO,USA
12312,Justin Datloff,Boca Raton,FL,USA
12313,Lucas Bandeira,Unknown,Unknown,BR
12314,Narimaan Ahmadi,Alpharetta,GA,USA
12315,Michael Estes,Fargo,ND,USA
12316,Zachary Schwartz,New York,NY,USA
12317,Benjamin Horgan,Las Vegas,NV,USA
12318,Konstantinos Nanos,Hagen,Unknown,DE
12319,Hon Cheong Lee,Mongkok,Unknown,HK
12320,Kevin Butler,Austin,TX,USA
12321,Abdelhakim Zoufri,Rotterdam,Unknown,NL
12322,Karol Masarovic,Bratislava,Unknown,SK
12323,Joost Schippers,Utrecht,Unknown,NL
12324,Alexandros Michas,Unknown,Unknown,GR
12325,Parker Talbot,Toronto,Unknown,CA
12326,Assaf Hirsch,Hajmanahim,Unknown,IL
12327,Richard Dixon,Cheyenne,WY,USA
12328,Dennis Ng,Dearborn,MI,USA
12329,Manas Gandhi,Cerritos,CA,USA
12330,Sangwon Ko,Korea,Unknown,KR
12331,Jeffrey Kenny,Iron River,WI,USA
12332,Takumi Matsumoto,Kitashunagaw,Unknown,JP
12333,Nicholas Hobbs,Owensboro,KY,USA
12334,Aaron Valencia,Scottsdale,AZ,USA
12335,Quang Pham,Omaha,NE,USA
12336,Robert Matthews,Baton Rouge,LA,USA
12337,Adam Crockett,North Vancouver,BC,CA
12338,Alexander Peterson,Riverside,Unknown,USA
12339,David Simon,Kilauea,HI,USA
12340,Carl Oman,Ridgefield,WA,USA
12341,Gustavo Kamei,Dracena,Unknown,BR
12342,Bin Weng,Philadelphia,PA,USA
12343,Tarun Goyal,Bathinda,Unknown,IN
12344,Francisco Perez Moreno,London,Unknown,GB
12345,Dong Lee,Hannamdong,Unknown,KR
12346,Angel Castro Pinto,Unknown,Unknown,VE
12347,Jason Zarlenga,Lansing,MI,USA
12348,Antonio Torpoco,Memphis,TN,USA
12349,Xuangui Wu,Chaozoushi,Unknown,CN
12350,Mario Niciforo,Unknown,Unknown,IT
12351,Mohammed Nuwwarah,Omaha,NE,USA
12352,Pablo Valdivieso,Cuenca,Unknown,EC
12353,Shashi Ramakrishna,Ithaca,NY,USA
12354,Daniel Dayan,Jerusalem,Unknown,IL
12355,Antonio Vecino,Misenheimer,NC,USA
12356,Brian Frenzel,Olive Branch,MS,USA
12357,Craig Robertson,Vernon,CT,USA
12358,Rayane Bouibeb,Very Chahllon,Unknown,FR
12359,Brannon Hertel,Littleton,CO,USA
12360,Stanislav Petriv,Unknown,Unknown,GB
12361,Roberts Rumba,Engure,Unknown,LV
12362,Ryoh Hasegawa,Unknown,Unknown,JP
12363,Nick Palma,Bronx,NY,USA
12364,Ala Aqel,No Mail,IL,USA
12365,Francois Pirault,Satron,Unknown,FR
12366,Kang Hyun Lee,Edmonton,AB,CA
12367,Andreas Wagner,Franksville,WI,USA
12368,Thomas Wheaton,Longwood,FL,USA
12369,Nick Zappala,Phoenix,AZ,USA
12370,Ian Bradley,London,Unknown,GB
12371,Udo Erlei,Von Aschebert Weg,Unknown,DE
12372,Haoran Cai,London,Unknown,GB
12373,Andrew Mizak,Chicago,IL,USA
12374,Matt Souza,Hanford,CA,USA
12375,Bryan Allen,Glendale,AZ,USA
12376,Anson Tsang,Island Harbourview,Unknown,HK
12377,David Meschel,Yardley,PA,USA
12378,Renat Bohdanov,Kyiv,Unknown,UA
12379,Mir Kohyar Gaskari,Santa Ana,CA,USA
12380,Matthew Donovan,Chappaqua,NY,USA
12381,Troy Mclean,Echuca,Unknown,AU
12382,Ryan Tigner,Rancho Cucamonga,CA,USA
12383,Mark Brown,Franklin,TN,USA
12384,Joseph Frizzi,Saugus,MA,USA
12385,Abid Riaz,London,Unknown,GB
12386,Abraham Tannous,Henderson,NV,USA
12387,Alexsis Mtalssi,Le Mans,Unknown,FR
12388,Ruben Hovsepyan,Yezevan,Unknown,AR
12389,Denys Chufarin,Unknown,Unknown,UA
12390,Youngmin Seo,Houston,TX,USA
12391,Robert Eichele,Massapequa,NY,USA
12392,Luka Bojovic,Roma,IT,Unknown
12393,Alexis Andre,Anson,ME,USA
12394,Jack Gewirz,Middletown,RI,USA
12395,Christopher Ewing,Loomis,CA,USA
12396,Haoshan Huang,Taipei,Unknown,CN
12397,Donavan Cox,Vancouver,Unknown,CA
12398,Melissa Bouchard,West Babylon,NY,USA
12399,Hamid Toghyan,Gateshead,Unknown,GB
12400,Franco Bucca,Brucco,Unknown,AR
12401,Laith Edris,Schenectady,NY,USA
12402,David Miller,Menlo Park,CA,USA
12403,Ronald McDonald,Fort Valley,VA,USA
12404,Matthew Campbell,San Antonio,TX,USA
12405,Stephen Wangler,West Branch,MI,USA
12406,Dmytro Bystrovzorov,Cambridge,MA,USA
12407,Christopher Bullimore,Northwich,Unknown,EE
12408,Klaus Bulow,Klams Binlow,Unknown,DE
12409,Paulo Cicero,Paraiba,Unknown,BR
12410,Mark Dumonski,Greensboro,NC,USA
12411,Valentino Konakchev,Unknown,Unknown,BD
12412,Christopher Cella,Turnersville,NJ,USA
12413,James Moran,Seattle,WA,USA
12414,Alex Mangiafico,Philadelphia,PA,USA
12415,Narcis Nedelcu,Bucharest,Unknown,RO
12416,Max Sharpe,Forest Hills,NY,USA
12417,Donovan Dean,Rainsville,AL,USA
12418,Nathaniel Palombo,Unknown,Unknown,USA
12419,Richard Foydl,Crystal Lake,IL,USA
12420,Michael Croucher,St Johns,NL,CA
12421,Renzo Monteiro,Manaus,Unknown,BR
12422,Pascal Pflock,Unknown,Unknown,DE
12423,Byung Eun Shin,Unknown,Unknown,KR
12424,Hiroki Shibata,Gifu,Unknown,JP
12425,James Charbonneau,Seneca,SC,USA
12426,Leri Morciladze,Tbilisi,Unknown,LT
12427,Dumitru-Adrian Pora,Timiswara,Unknown,BD
12428,Robert Strunk,Schoolcraft,MI,USA
12429,Harrison Borden,Dallas,TX,USA
12430,Vincent Procopio,Philadelphia,PA,USA
12431,Travis Pearson,Las Vegas,NV,USA
12432,Margarita Stoycheva,London,Unknown,GB
12433,Sebastien Aube,La Sarre,QC,CA
12434,Franco Gasparini,Alem,Unknown,AR
12435,Omer Rotman,Unknown,Unknown,IL
12436,Cedric Schwaederle,Las Vegas,NV,USA
12437,Eiji Suzuki,Unknown,Unknown,JP
12438,David Grandieri,Danbury,CT,USA
12439,Zheyu Weng,Torese Road,Unknown,CN
12440,Jose Palomaresbogarin,Tepic,Unknown,MX
12441,Alfred Kovezman,Kansas City,MO,USA
12442,Alon Yehudai,Rockaway Park,NY,USA
12443,Timothy Flattery,Detroit,MI,USA
12444,Dominik Siegl,Praque,Unknown,CZ
12445,Dorian Rios,Las Vegas,NV,USA
12446,Barry Shilmover,Issaquah,WA,USA
12447,Jimmy Nguyen,Burien,WA,USA
12448,Daniel Garcia,Hialeah,FL,USA
12449,Ariel Mantel,Unknown,Unknown,AR
12450,Damien Robert,Villeros Les Nancy,Unknown,FR
12451,Chang Liu,Sunnyvale,CA,USA
12452,Matthew Dean,Houston,TX,USA
12453,Zachary Hambrice,San Antonio,TX,USA
12454,Mark Roland,Hammonton,NJ,USA
12455,Esa Homayun,West Hills,CA,USA
12456,Frode Alfredsen,Tysvaer,Unknown,NO
12457,Anthony Nguyen,Escondido,CA,USA
12458,Vid Zagar,Crnomel,Unknown,SI
12459,Renaud Gonon,Pelleautier,Unknown,FR
12460,Kevin O'Dell,Birmingham,MI,USA
12461,Tyler Hatchel,La Jolla,CA,USA
12462,Terrance Reid,Mckinleyville,CA,USA
12463,Rex Maiden,The Plains,OH,USA
12464,Dusti Smith,Dallas,TX,USA
12465,Kristopher Duren,Jefferson,GA,USA
12466,Jonathan Newman,North York,ON,CA
12467,Lukas Zaskodny,Unknown,Unknown,CZ
12468,Aleksandr Faynshtiyn,Brooklyn,NY,USA
12469,Joseph El Kozah,Dubai,Unknown,LB
12470,Anatoly Nikitin,Milan House,Unknown,RU
12471,Michael Soyza,Unknown,Unknown,MY
12472,Yaniv Shushan,Akko,Unknown,IL
12473,Marjan Martinovic,Zagreb,Unknown,HR
12474,Steve Enriquez,Valencia,CA,USA
12475,Manuel Fritz,Dohann Strass,Unknown,AT
12476,Junhyung Kim,Dublin,CA,USA
12477,Fan Zhang,Pochedale,Unknown,CN
12478,Chad Pilkington,Lapel,IN,USA
12479,Craig Coady,Hubley,NS,CA
12480,Jeevan Nomula,Chicago,IL,USA
12481,Nicholas Trionfo,Parkville,MD,USA
12482,Nicholas Seward,Henderson,NV,USA
12483,Nikolai Yakovenko,Moscow,Unknown,RU
12484,Brian Battistone,Las Vegas,NV,USA
12485,Ying Chan,Fook Sun Villa Fh,Unknown,HK
12486,Girish Venkatachaliah,Acton,MA,USA
12487,Jason Dehner,Newport,KY,USA
12488,Steven Mckuin,Fisk,MO,USA
12489,BJ McBrayer,Tuscaloosa,AL,USA
12490,Kevin Javier,Cote Saint-Luc,QC,CA
12491,Damian Elias,Argentina,Unknown,AR
12492,Greg Koutelidakis,Buffalo Grove,IL,USA
12493,Cory Jacobsen,Aptos,CA,USA
12494,Teddy Tuil,Cokhav Yair,Unknown,FR
12495,Christopher Smith,Broken Bow,NE,USA
12496,Robert Gill,Thousand Oaks,CA,USA
12497,Oren Iflah,Tel Aviv,Unknown,IL
12498,Tom Dwan,Edison,NJ,USA
12499,Anthony Hall,North Franklin,CT,USA
12500,Thomas Paul,King Of Prussia,PA,USA
12501,Xing He,Toronto,ON,CA
12502,Joshua Mcdougall,Las Vegas,NV,USA
12503,Nicolas Godoy,Corpientes,Unknown,AR
12504,Ricardo Ferreira,Unknown,Unknown,BR
12505,Santhosh Suvarna,Unknown,Unknown,IN
12506,Alexey Badulin,Moscow,Unknown,RU
12507,Roberto Perez,Don Benito,Unknown,ES
12508,Robert Nemeskerikiss,Henderson,NV,USA
12509,Leonel Flores,Lindsay,CA,USA
12510,Victor Fryda,Meyrie,Unknown,FR
12511,Miksa Kunofsky,Austin,TX,USA
12512,Jackson Young,Frankston South,Unknown,AU
12513,Charles Wickam,Country Club,MO,USA
12514,Dan Spear,The Villages,FL,USA
12515,Carlos Chang,Taipei,Unknown,TW
12516,Daniel Maor,San Jose,CA,USA
12517,George Pappas,Roselle,IL,USA
12518,Claas Segebrecht,Plainfield,MA,USA
12519,Ryan Furey,Dover,NH,USA
12520,Michael Bahena,Bonita Springs,NV,USA
12521,Qin Weibo,Richmond,Unknown,BY
12522,Frode Willumsen,Katy,TX,USA
12523,Michael Lamontagne,South Hamilton,MA,USA
12524,Glenn Becker,Boca Raton,FL,USA
12525,Bojidar Boiadjiev,Brighton,Unknown,BD
12526,Jie Wu,Las Vegas,NV,CN
12527,Yaroob Kaskorkis,Grand Rapids,MI,USA
12528,John Power,Wellesley,MA,USA
12529,Jesse Rosen,Cape Town,Unknown,ZA
12530,Mauro Pacheco,Bullock,NC,USA
12531,Massimo De Mario,Wiesbaden,Unknown,DE
12532,Lucas Greenwood,Toronto,ON,CA
12533,Robert Kim,Demarest,NJ,USA
12534,John Clancy,Iomerick,Unknown,USA
12535,Robert Wilke,Unknown,Unknown,DE
12536,Jan-Henrik Westerhoff,Bremen,Unknown,DE
12537,Marvin Becker,Servia,Unknown,ES
12538,Tolga Demirel,Istanbul,Unknown,TC
12539,Ryan Jaworski,Milwaukee,WI,USA
12540,Ruud Vanlanen,Melmond,Unknown,AD
12541,Dicky Tsang,Tung Chung,Unknown,HK
12542,Pedro Baptista,Twin Falls,ID,USA
12543,Cecile Ticherfatine,Sur Seine,Unknown,FR
12544,Yair Mergi,Sherman Oaks,CA,USA
12545,Ryuta Ogawa,Unknown,Unknown,JP
12546,Kurtis Tinfow,Verona,NJ,USA
12547,William Bright,Phoenix,AZ,USA
12548,Leo Curial,Duncanville,TX,USA
12549,James Pogson,Unknown,Unknown,IE
12550,Darren Rankin,Peoria,IL,USA
12551,Josip Vidovic,Croatia,Unknown,CU
12552,Nicholas Austin,Oceanside,CA,USA
12553,Hector Berry,London,Unknown,GB
12554,Mathieu Boucher,Saint-Sauveur,QC,CA
12555,Matthew Rogers,Joplin,MO,USA
12556,Ramsay Ishak,Boston,MA,USA
12557,Raudel Torralba,San Bernardino,CA,USA
12558,Tomoya Ando,Tokoyo,Unknown,JP
12559,Joseph Salvaggi,Richmond Hts,OH,USA
12560,Robert Harrison,South Salt Lake,UT,USA
12561,Adin Aragon,Zion,IL,BH
12562,Tarek Yousef,La Habra,CA,USA
12563,Yevhen Pavlenko,Kjiv,Unknown,GB
12564,Elvyn Bello,Bellflower,CA,USA
12565,Kevin Appleyard,Beaufort,SC,USA
12566,Khoa Ngo,Auburn,WA,USA
12567,Jimmy Lee,Edmonton,AB,CA
12568,Jordan Rapoport,Austin,TX,USA
12569,Salvatore Calandra,Cedar Grove,NJ,USA
12570,Asko Muratovic,Sanat Poelten,Unknown,AT
12571,Eric Nathan,Columbia,MD,USA
12572,Gregory Porter,Phoenix,AZ,USA
12573,Adam Nattress,Gresham,OR,USA
12574,Paul Gunness,Las Vegas,NV,USA
12575,Vivian Trugliosaliba,Haag,Unknown,AT
12576,Jeff Gross,Toms River,NJ,USA
12577,Edward Quinn,Unknown,Unknown,GB
12578,Ioannis Vlachoulis,Adelaide,Unknown,AT
12579,Matthew Kwok,Vancouver,BC,CA
12580,Artur Saakyants,Saint- Petersburg,Unknown,RU
12581,Patrick Mccollum,Brownsburg,IN,USA
12582,John Kim,Cresskill,NJ,USA
12583,Andrew Clifford,La Verne,CA,USA
12584,Mehrdad Vahabi,Rancho Santa Margarita,CA,USA
12585,Jeffrey Gilmore,N Hollywood,CA,USA
12586,Justin Turner (SC),Myrtle Beach,SC,USA
12587,Maxime-Olivier Sevegny,Victoriaville,QC,CA
12588,Fabio Colonese,Sao Paulo,Unknown,BR
12589,Mitchell Collins,Lake Forest,CA,USA
12590,Gianluca Cedolia,Toronto,ON,CA
12591,Keith Morgan,Encinitas,CA,USA
12592,Daniel Smiljkovic,Baltic,Unknown,DE
12593,Luigi Shehadeh,Unknown,Unknown,IT
12594,Florian Pesce,Atlanta,GA,USA
12595,Helmut Roy,Wellington,CO,USA
12596,Stephane Revelly,Unknown,Unknown,USA
12597,Daniel Dilario,St Catharines,Unknown,CA
12598,Justin Chu,Taoyuan,Unknown,TW
12599,Spencer Simpson,Draper,UT,USA
12600,Vladimir Revniaga,Burnsville,MN,USA
12601,Agustin Naranja,Mar Del Plata Buenos Aire,Unknown,AR
12602,Aayush Patel,North York,ON,CA
12603,Paulina Loeliger,Las Vegas,NV,USA
12604,Thad Mcnulty,Jacksonville,FL,USA
12605,Cristian Stival,Santa Fee,Unknown,AR
12606,Andrew Esposito,San Antonio,TX,USA
12607,Jonathan Bussieres,Chateauguay,QC,CA
12608,My Nguyen,Larose,LA,USA
12609,Artem Riabov,Monterey,CA,USA
12610,Rytis Pranarauskas,Kaunas,Unknown,LT
12611,Gregory Brodnik,Greenwood,IN,USA
12612,Blair Boze,Richmond,VA,USA
12613,Haruhiko Shinohara,Chiba,Unknown,JP
12614,Eric Brand,Pineville,NC,USA
12615,Sean Miller,Raymond,NH,USA
12616,Michael Ernest,Vienna,Unknown,AT
12617,Simon Prudhomme,Beauvis,Unknown,FR
12618,Andrew Watson,Sarasota,FL,USA
12619,Vera Dong,San Francisco,CA,USA
12620,Elias Kolsun,Boston,MA,USA
12621,Tony Leuschke,Dresden,Unknown,DE
12622,Michael Mcfadden,Birch Run,MI,USA
12623,Jonathan Berger,Acushnet,MA,USA
12624,Brett Steers,York Haven,PA,USA
12625,Neville Costa,Florianopolis,Unknown,BR
12626,Vincent Gabel,Antwerp,Unknown,BE
12627,Hoang Vo,Fountain Vly,CA,USA
12628,Dau Ly,Duluth,GA,USA
12629,Christian Grimmett,Hampton,VA,USA
12630,Vincent Lam,Edmonton,AB,CA
12631,Judith Bielan,Las Vegas,NV,USA
12632,Rafael Golka,Bochum,Unknown,DE
12633,Casey Carroll,Grand Rapids,MI,USA
12634,James Alvarez,Tereoopolis,Unknown,BR
12635,Ludovic Uzan,Merignac,Unknown,FR
12636,Kevin Chan,Chicago,IL,USA
12637,Assaf Markus,Herzliya,Unknown,IL
12638,Jiumiao Qian,Providencia Santiago,Unknown,CL
12639,Hugues Girard,Paris,Unknown,FR
12640,David Jordan,Olympia,WA,USA
12641,Alexandru Papazian,Unknown,Unknown,RO
12642,Alejandro Hernandez,Albacete,Unknown,ES
12643,Tass Robertson,Grundy,VA,USA
12644,Derek Norton,Smyrna,GA,USA
12645,Dimitrii Kamalov,San Francisco,CA,USA
12646,Jonathan Metz,Shaker Hts,OH,USA
12647,Sheldon Gross,Hillsboro Beach,FL,USA
12648,Alexander Kimpel,Longwood,FL,USA
12649,Daniel Marques,Brazil,Unknown,BR
12650,David Urban,Chesapeake,VA,USA
12651,Georg Jancev,Maple Ridge,BC,CA
12652,Mihael Jeraj,Slovenia,Unknown,SI
12653,Houston White,Madison,TN,USA
12654,Christopher George,Roswell,GA,USA
12655,Steven Elsbach,Mount Airy,MD,USA
12656,Moses Saquing,San Bruno,CA,USA
12657,Joel Isla,Cardiff,Unknown,GB
12658,Chun Li,Sylvania,OH,USA
12659,Egill Porsteinsson,Reyni,Unknown,IS
12660,Brian P Cook,Gallatin,TN,USA
12661,Jeremy Hamey,Juneau,AK,USA
12662,Pedro Madeira,Belo Horizonte,Unknown,BR
12663,Erick Wright,Shoreview,MN,USA
12664,Steve Marku,Staten Island,NY,USA
12665,Joseph Ciani,Chardon,OH,USA
12666,Meddi Ferrah,Unknown,Unknown,FR
12667,Eitan Sternlicht,Astoria,NY,USA
12668,Michael Hirsch,Henderson,NV,USA
12669,Parrish Paoner,Olathe,KS,USA
12670,Joan Crespi,Las Vegas,NV,ES
12671,Gabriel Penescu,Luptatorilor,Unknown,MH
12672,Nathan Ghodoushim,Los Angeles,CA,USA
12673,David Jones,Salt Lake City,UT,USA
12674,Jason Alonzo,North Barrington,IL,USA
12675,Carlos Gomez,Buenos Aires,Unknown,AR
12676,Michael Jamell,Alexander,AR,USA
12677,Michael Higginson,Reservoir,Unknown,AU
12678,Ionut Voinea,Liverpool,Unknown,GB
12679,Ruslan Nazarenko,Vinnitsa,Unknown,GB
12680,Jacob Stone,Nantwitch,Unknown,EE
12681,Mark Taylor,Sydney,Unknown,AT
12682,Aaron Werner,Delafield,WI,USA
12683,Michael Doherty,Thornhill,ON,CA
12684,Martin De Knijff,Las Vegas,NV,USA
12685,David Larson,Las Vegas,NV,USA
12686,Rodney Holland,Greenbrier,AR,USA
12687,Henry Broens,Zeist,Unknown,NL
12688,Cameron Payne,Mt Washington,KY,USA
12689,Anthony Moretina,Lee Summit,MO,USA
12690,Alessandro Predaroli,Nova Gorica,Unknown,SI
12691,William Reymond,Unknown,Unknown,FR
12692,Joel Holmberg,Unknown,Unknown,PH
12693,Fabien Antho Gun,Unknown,Unknown,KR
12694,Josh Brooks,Eskasoni,NS,CA
12695,Matthew Silberberg,Manchester,CT,USA
12696,Mrityunjay Jha,Fremont,CA,USA
12697,Nicholas Funaro,Sewell,NJ,USA
12698,Rolando Soria,Rosario Santa Fe,Unknown,AR
12699,Tomoki Terashima,Chiyoda,Unknown,JP
12700,Carol Harmon,Seward,AK,USA
12701,Ashley Davidson,Gallatin,TN,USA
12702,Chat Clussman,Austin,TX,USA
12703,David Dowdy,Ball Ground,GA,USA
12704,Robert Wilson (MA),Boston,MA,USA
12705,Brian Kent,San Diego,CA,USA
12706,William Looper,Greer,SC,USA
12707,William Wolf,San Diego,CA,USA
12708,Logan Vogt,Ojai,CA,USA
12709,Sameh Elamawy,New York,NY,USA
12710,Yinghao Zhuo,Guanzhou,CA,USA
12711,Guy Holtzman,Tel Aviv,Unknown,IL
12712,Bradley Ellis,Bedford,NS,CA
12713,Salah Nimer,Frisco,TX,USA
12714,Frank Reichel,Kendall,NY,USA
12715,Miles Barnum,Fargo,ND,USA
12716,Michael Ingram,Canton,GA,USA
12717,Jason Li,Louisville,KY,USA
12718,Jamie Dwan,Manchester,Unknown,GB
12719,Ethan Yau,Quincy,MA,USA
12720,Douglas Weymeersch,Rhode Saint Genese,Unknown,BO
12721,Luke Martin,Conway,AR,USA
12722,Yunkyu Song,Camas,WA,USA
12723,Yoshitaka Okawa,Unknown,Unknown,USA
12724,Liviu-Rodrig Bartha,Onl Signup-No City,NV,USA
12725,Morris Cornman,Oakhurst,NJ,USA
12726,Thomas Osmun,Wesley Chapel,FL,USA
12727,Masaki Nakamura,Unknown,Unknown,JP
12728,Min Ji,Conniburrow,Unknown,GB
12729,Adil M,Unknown,Unknown,CA
12730,Hrachya Ohanyan,Pasadena,CA,USA
12731,Jorge Rosas Aguilar,Hotevilla,AZ,USA
12732,David Watson,New York,NY,USA
12733,Joshua Wolters,Eppstein,Unknown,DM
12734,John Borges,San Diego,CA,USA
12735,Jeremy Platt,Brooklyn,NY,USA
12736,Michele Pucci,Roma,Unknown,IT
12737,James Farrelly,Binghamton,NY,USA
12738,Michael Phillips,Fond Du Lac,WI,USA
12739,Martynas Mockevicius,Putinu,Unknown,LT
12740,Noah Andrew,Florence,MA,USA
12741,Bryan Schultz,West Olive,MI,USA
12742,Gordon Davis,Alpharetta,GA,USA
12743,Rodney Danger,Oceanside,CA,USA
12744,Shyngis Satubayev,Kongreshi,Unknown,KZ
12745,Ken Deng,Las Vegas,NV,USA
12746,Kevin Waldie,Onl Signup-No City,KY,USA
12747,Matthias Auer,Vienna,Unknown,AT
12748,Michael Estes,Chicago,IL,USA
12749,Ryan Speak,Collegeville,PA,USA
12750,Yosef Negussie,New York,NY,USA
12751,Jasper Vanmoorsel,San Giljan,Unknown,MS
12752,Jeffrey Landherr,Houston,TX,USA
12753,Leandro Prinz,Foz Do Lguacu Parana,Unknown,BR
12754,Fabrizio Nutzel,Las Vegas,NV,USA
12755,Brent Hart,Los Angeles,CA,USA
12756,Johan Belhassen,Netamya,Unknown,IL
12757,Roberto Bianchi,Buenos Aires,Unknown,AR
12758,Levon Torosyan,Los Angeles,CA,USA
12759,Michael Loncar,Rancho Mirage,CA,USA
12760,Grant Adkins,Logan,WV,USA
12761,Jonathan Wil Pardy,Clarenville,Unknown,CA
12762,Dohang Na,Gyeonngi,Unknown,KR
12763,Brian Luo,Philadelphia,PA,USA
12764,Richard Hare,Leeds,Unknown,GB
12765,Rohit Mariwalla,London,Unknown,IE
12766,Marguerite Spagnuolo,Staten Island,NY,USA
12767,Jianfeng Sun,Xicheng Distric,Unknown,CN
12768,Yohan Rascar,Saint Ouen Laumone,Unknown,FR
12769,Phirom Peterschmidt,Wellman,IA,USA
12770,Stefan Nemetz,Porkesdorf,Unknown,AT
12771,Mitchell Scholefield,Etobicoke,Unknown,CA
12772,Mark Tropp,Holmdel,NJ,USA
12773,Vicente Sanchezbenitez,Denton,TX,USA
12774,Austin Hanna,Seville,OH,USA
12775,Lloyd Mandel,Deerfield,IL,USA
12776,Lee Haikal,Huntington,WV,USA
12777,Sherman Tsao,Oakland,CA,USA
12778,Nicholas Katz,Haledon,NJ,USA
12779,Kenneth Arrigotti,West Linn,OR,USA
12780,Stanislav Zegal,Vienna,Unknown,AT
12781,Seyed Tabibzadeh,Frankfurt,Unknown,DE
12782,Ambrose Brooks,Austin,TX,USA
12783,Peter Kiem,Studio City,CA,USA
12784,Arman Sogomonian,Los Angeles,CA,USA
12785,Ryan McAllister,Charleston,SC,USA
12786,Mark Amaral,Middleton,MA,USA
12787,Rui Pinto Campos,Unknown,Unknown,PT
12788,Birger Ohl,Unknown,Unknown,SR
12789,Benson Tang,San Jose,CA,USA
12790,Isaac Settle,Clovis,CA,USA
12791,Stephen Kribben,Bergisch Gladback,Unknown,DE
12792,Clement Lescanff,Espagne,Unknown,FR
12793,Adam Vinczeffy,Las Vegas,NV,USA
12794,Mary Jones,Henderson,NV,USA
12795,Wayne Maher,Yonkers,NY,USA
12796,John Oshea,Dublin,Unknown,IE
12797,Oliver Theze,Saint Alan,Unknown,FR
12798,Andrew Rodgers,Anchorage,AK,USA
12799,Jeremiah Kinealy,Ballwin,MO,USA
12800,Andreas Busch,Duesseldorf,Unknown,DE
12801,Brandon Barlow,Fulton,MO,USA
12802,Carlos Velasco,Unknown,Unknown,EC
12803,Xavier Kyablue,Hermosa Beach,CA,USA
12804,Michael Misikoff,Austin,TX,USA
12805,Tung Tsai,Unknown,Unknown,TW
12806,Colby Covington,Ft Lauderdale,FL,USA
12807,Raul Esquivel,Las Vegas,NV,USA
12808,Jorge Carvalho,Braga,Unknown,PT
12809,Matthew Donegan,Philadelphia,PA,USA
12810,Tyler Smith,Henderson,NV,USA
12811,Tanner Smith,Lexington,KY,USA
12812,Wing Po Liu,London,Unknown,GB
12813,Pablo David Chingchacon,New York,NY,USA
12814,Michael Graydon,Dublin,Unknown,IE
12815,Patrick Curzio,Clifton,VA,USA
12816,Martin Alcaide,Sofia,Unknown,BG
12817,Steven Deloache,Clearwater,FL,USA
12818,James Bot,Connock,Unknown,GB
12819,Jae Lim,Denver,CO,USA
12820,Paulo Joanello,Curitiba,Unknown,BR
12821,John Betancourt,Miami,FL,USA
12822,Joshua Feiger,Boulder,CO,USA
12823,Atsushi Yorimoto,Kyoto Shi Kyoto,Unknown,JP
12824,Jerome Bacouel,Abbeville,Unknown,FR
12825,Max Kingstone,Orlando,FL,USA
12826,Juan Jalil,Mexcio City,Unknown,MX
12827,Jason Wilson,Abilene,TX,USA
12828,Stephen Bennette,Brooklyn,NY,USA
12829,Blake Anderson,Saint Paul,MN,USA
12830,Lorell Pascual,Delray Beach,FL,USA
12831,James Sgro,Hacienda Heights,CA,USA
12832,Dillon Najor,San Diego,CA,USA
12833,Puan Tong,Unknown,Unknown,MY
12834,Roland Boothby,Unknown,Unknown,GB
12835,Iulian Blebea,Unknown,Unknown,BD
12836,Deniz Dogan,Unknown,Unknown,DE
12837,Nina Krasilnikova,Moscow,Unknown,RU
12838,Sabrin Habtemichael,Frankfurt,Unknown,DE
12839,Alon Eldar,Timrat,Unknown,IL
12840,Garen Zobian,Cranston,RI,USA
12841,Jonthan Wolter,Unknown,Unknown,BR
12842,Steven Zazaian,Farmington Hills,MI,USA
12843,Bassioni Hammouda,Danbury,CT,USA
12844,Manpreet Bal,Bolton,ON,CA
12845,Alexandre Besse,Geneva,Unknown,CH
12846,Joe Williams,Onl Signup-No City,OH,USA
12847,Hiroyuki Noda,Tokyo,Unknown,JP
12848,Guangming Wang,Beijing,Unknown,CN
12849,Royce Cohen,Bensalem,PA,USA
12850,Brent Francia,San Francisco,CA,USA
12851,Uri Gilboa,Unknown,Unknown,IL
12852,Tyler Mitchell,Colleyville,TX,USA
12853,Albert Ng,Cupertino,CA,USA
12854,Chad Massie,Unknown,TX,USA
12855,Jiayu Ruan,Guangzhou,Unknown,CN
12856,Eli Vital,Surfside,FL,USA
12857,Bart Rodi,Congers,NY,USA
12858,Lian Siqi,Che Cheng,Unknown,CN
12859,Alvin Tafalla,London,Unknown,GB
12860,Robin Fisher,Sunninghill Ascot,Unknown,GB
12861,August Smrek,Laurel,MD,USA
12862,Robert Kieras,Whately,MA,USA
12863,Vitor Dzivielevski,Curbita,Unknown,BR
12864,Beka Iordanishvili,Unknown,Unknown,UA
12865,Frederick Adler,Tucson,AZ,USA
12866,Stephen Dauphinais,Edmonton,Unknown,CA
12867,Amete Darvish,Sherman Oaks,CA,USA
12868,Richard Warnicke,West Bloomfield,MI,USA
12869,Takashi Sugo,Unknown,Unknown,JP
12870,Joseph Altomonte,Clifton,NJ,USA
12871,Loan Phan,Willowdale,ON,CA
12872,Pierre Mourier,Wilton,CT,USA
12873,Allen Altamirano,Lemoore,CA,USA
12874,Stephen Mccann,Madison,NJ,USA
12875,Alan Yamil Ferraro,Buenos Aires,Unknown,AR
12876,Zachary Matson,Dallas,TX,USA
12877,Kevin Pollak,Santa Monica,CA,USA
12878,Kevin Patterson,Chicago,IL,USA
12879,Jin Wu,Santa Clara,CA,USA
12880,Mark Zika,Dublin,CA,USA
12881,David Montgomery-Zott,Kalamazoo,MI,USA
12882,Max Amini,Los Angeles,CA,USA
12883,Eric Emerson,Easley,SC,USA
12884,Jake White,San Diego,CA,USA
12885,Jacques Mayer,Lille,Unknown,FR
12886,Robin Gerard,Azeitao,Unknown,PT
12887,David Galvez,Camberley,Unknown,GB
12888,Paul Quiring,Lake Oswego,OR,USA
12889,Michael Wang,Las Vegas,NV,USA
12890,Hardik Vyas,Cincinnati,OH,USA
12891,Christopher Picquette,Fresno,CA,USA
12892,Myles Barker,New Orleans,LA,USA
12893,Xiaotong Yu,Nang Tung,Unknown,CN
12894,Assaf Zeharia,Rehovot,Unknown,IL
12895,Mihai Isar,Unknown,Unknown,RO
12896,Sascha Seyler,Unknown,Unknown,DE
12897,Michael Cervantes,San Francisco,CA,USA
12898,Conor Bergin,Unknown,Unknown,IE
12899,David Kaufmann,Vienna,Unknown,DE
12900,Yue Du,Beijing,Unknown,CN
12901,Arutyun Arutyunyan,Los Angeles,CA,USA
12902,Shachar Haran,Innshruck,Unknown,IL
12903,Bertrand Hammant,Metairie,LA,USA
12904,Clay Henry,Many,LA,USA
12905,Fabio Chaves,Orlando,FL,USA
12906,Jonathan Clark,Recgate,Unknown,GB
12907,Maxwell Franklin,Rye,NY,USA
12908,Nicolas Panella,Buenos Aires,Unknown,AR
12909,Marcelo Lopes,Campo Grande,TX,BR
12910,Lucas Blanco,Unknown,Unknown,GB
12911,Aleksei Donets,Naples,FL,USA
12912,George Lods,Bound Brook,NJ,USA
12913,Chris Tryba,Evergreen,CO,USA
12914,Hannes Van Wauwe,Vienna,Unknown,AT
12915,Ricardo Nakamura,Londrina,Unknown,BR
12916,Kenneth Duchsherer,Minot,ND,USA
12917,Martin Lesjoe,Oslo,Unknown,NO
12918,David Papais,Darien,IL,USA
12919,Kenneth Brossoit,Ladson,SC,USA
12920,Till Kollender,Unknown,Unknown,DE
12921,David Brashier,Fort Worth,TX,USA
12922,Sheila Robertson,Indianapolis,IN,USA
12923,Nicholas Olszewski,Erie,PA,USA
12924,Catalin Pop,Hammond,IN,USA
12925,Luke Porter,England,Unknown,GB
12926,John Osullivan,Cold Spring,NY,USA
12927,Chase Reagan,Muncie,IN,USA
12928,David Welch,Kent,Unknown,GB
12929,SheLok Wong,Woodhaven,CT,USA
12930,Pete Columbia,Ridgefield,CT,USA
12931,Maxence Carbonneaux,Amiems,Unknown,FR
12932,Robert Thrash,Onl Signup-No City,TX,USA
12933,Ethan Guttenplan,Woodmere,NY,USA
12934,Diego Vizcay,Buenos Aires,Unknown,AR
12935,Wesley Clark,San Francisco,CA,USA
12936,Andrew Adams,Scottsdale,AZ,USA
12937,Tzahi Dagan,Schenectady,NY,USA
12938,Christopher Vincent,Nashua,NH,USA
12939,Jose Martinez,Harlingen,TX,USA
12940,Chad Grace,Baton Rouge,LA,USA
12941,Michael Simpson,Onl Signup-No City,TX,USA
12942,Rami Koren,Israel,IS,IL
12943,Jacob Kim,Irvine,CA,USA
12944,Joseph Driscoll,Plymouth,MI,USA
12945,Bradley Gafford,San Diego,CA,USA
12946,Smit Trivedi,Unknown,Unknown,GT
12947,Johnathan Morrell,Schertz,TX,USA
12948,Devin Horvath,Wilmington,NC,USA
12949,Eric OConnell,Chandler,AZ,USA
12950,Thomas Brown,Jacksonville,FL,USA
12951,Cliff Yuan,Claremont,CA,USA
12952,Emil Gramatikov,Varna,BG,USA
12953,Christos Xanthopoulos,Olivebridge,NY,USA
12954,Bobby Boland,Hector,AR,USA
12955,Frank Gonyea,La Habra,CA,USA
12956,Aleksandar Tomovic,Niš,Unknown,RS
12957,Ichiro Izutsu,Tokyo,Unknown,JP
12958,Anthony Rocco,San Rafael,CA,USA
12959,Tai Du,Oklahoma City,OK,USA
12960,Emilio Ulisse,Paris,Unknown,FR
12961,Alan Arbos,Staunton,VA,USA
12962,Edgaras Kausinis,Vilnius,Unknown,LT
12963,Ryan Sullivan,Bridgewater,MA,USA
12964,Zachary Smiley,Toledo,OH,USA
12965,Dalton Brinker,Union,MO,USA
12966,Kiyoshi Eda,Kanagawa,Unknown,JP
12967,Zephyr Peling,Santa Cruz,CA,USA
12968,Rahul Jaisingh,Onl Signup-No City,NY,USA
12969,Rody Pena,Villa Del Mar,Unknown,CL
12970,Conor Caughey,Belfast,Unknown,IE
12971,Alain Elhajj,Paris,Unknown,FR
12972,Simon Solomon,Las Vegas,NV,ZA
12973,Samuel Kabelitz,Salzburg,Unknown,AT
12974,Dylan James,Onl Signup-No City,NY,USA
12975,Gary Titus,Peterborough,ON,CA
12976,Alexander Carr,Brambleton,VA,USA
12977,Carlos Alvarado,Oceanside,NY,USA
12978,William Ross,Rockville,MD,USA
12979,Yordan Dichev,Sofis,Unknown,BD
12980,Arnaud Antoine,Unknown,Unknown,FR
12981,Benjamin Ector,Marietta,GA,USA
12982,Steven Vidricksen,Ponca City,OK,USA
12983,Jeffory Saunders,Tofino,BC,CA
12984,Chi Yim,Birmingham,AL,USA
12985,Rassoul Malboubi,El Cerrito,CA,USA
12986,Rod Fani,Los Angeles,CA,USA
12987,Jonathan Wong,New York,NY,USA
12988,Benny Kneepkens,El Weert,Unknown,AD
12989,Phillip Riley,Vancouver,BC,CA
12990,William Figueroa,Brookfield,CT,USA
12991,Jimyeong Kim,Seoul,Unknown,KR
12992,Bradley King,Huntington,WV,USA
12993,Kelly Wolfe,Cincinnati,OH,USA
12994,Mayukh Chhibber,Henderson,NV,USA
12995,Tien Pham,Ha Noi,Unknown,VN
12996,Siddarth Singhvi,Telegana,Unknown,IL
12997,Tiago Rocha,Unknown,Unknown,PT
12998,Kevin Foley,S Weymouth,MA,USA
12999,Jordan Sparagana,Ft Lauderdale,FL,USA
13000,Paulo Delisboa,Shizuoka Ken,Unknown,JP
13001,Nathan Fitzgerald,Fairfield,CA,USA
13002,Domenico Micillo,Richmond,Unknown,GB
13003,Zachary Gergen,Bellevue,WA,USA
13004,Jimmy Channell,Cartersville,GA,USA
13005,Victor Caballero,Badajoz,Unknown,ES
13006,Murilo Milhomem,Pulman Torontims,Unknown,BR
13007,Richard Rohr,Tacoma,WA,USA
13008,Guy Leathley,Helston Cornwall,Unknown,GB
13009,Shunsuke Mitsugi,Shinmeityo,Unknown,JP
13010,Ignacio Sagra,Unknown,Unknown,AR
13011,Enes Avdagic,Unknown,Unknown,CH
13012,Thien Nguyen,Fort Myers,FL,USA
13013,Alexandros Theologis,Thessaloniki,Unknown,GR
13014,Ivan Jakovac,Sydney Nsw,Unknown,AU
13015,Kayvan Payman,Coquitlam,BC,CA
13016,Ketan Shah,Des Plaines,IL,USA
13017,Marco Barlaam,Dublin,Unknown,IE
13018,Elad Bentolila,Lucas,OH,USA
13019,Cassio Kienen,Curitiba Parana,Unknown,BR
13020,Taylor Wilson,Wheeling,WV,USA
13021,Michael Whitton,Rockmart,GA,USA
13022,Craig Mason,Union,NJ,USA
13023,Nicholas Peterson,Courtenay,Unknown,CA
13024,Christopher Dupuy,Baton Rouge,LA,USA
13025,Elias Luna,San Antonio,TX,USA
13026,Patrick Mccullough,Grand Rapids,MI,USA
13027,Sean Heitzman,Glendale,CA,USA
13028,Ronald Hunt,Mitchellville,MD,USA
13029,Allan Kwong,Vallejo,CA,USA
13030,Daniel Prior,Eisenstadt,Unknown,AT
13031,Enrique Leigue,Cochabamba,Unknown,BO
13032,Steve Rassi,Morton,IL,USA
13033,Maxime Dube,Unknown,QC,CA
13034,William Kieu,San Jose,CA,USA
13035,Lawrence Henson,Warren,MI,USA
13036,Stephen Grant,Grand Junction,CO,USA
13037,Jonas Lauck,Vienna,Unknown,AT
13038,Justin Dykes,Albany,GA,USA
13039,Aphideth Nakhoneinh,Tampa,FL,USA
13040,Anthony Ribeiro,Oshawa,ON,CA
13041,Sen Mu,Eastvale,CA,USA
13042,Hisashi Yamanouchi,Sumida Ku,Unknown,JP
13043,Nicholas Verderamo,Baltimore,MD,USA
13044,Jason Piltzmaker,Conroe,TX,USA
13045,Alexander Condon,Sioux City,IA,USA
13046,Jacob Vogan,Howell,MI,USA
13047,Michael Debs,Troy,MI,USA
13048,Mark Khaitman,Toronto,ON,CA
13049,Justin Power,Raleigh,NC,USA
13050,Thomas Laviano,Bayville,NY,USA
13051,Zachary Harrell,Merritt Island,FL,USA
13052,James Hurley,Brentwood,MO,USA
13053,Rodrigo Borquez,Santiago  Chile,Unknown,CL
13054,Cindy Fifield,Vershire,VT,USA
13055,Troy Acton,Palm Desert,CA,USA
13056,Santhosh Amingad,Austin,TX,USA
13057,Yongwoo Han,Curtis Bay,MD,USA
13058,Marc Mckenzie,Onl Signup-No City,NJ,USA
13059,Gregory Kimball,Saint Johns,FL,USA
13060,Pierre Tassin,Uturoa,Unknown,PF
13061,Anastasios Pavlou,Limassol,Unknown,DK
13062,Landon Tice,Boca Raton,FL,USA
13063,Michael Blomstrand,Chicago,IL,USA
13064,Xu Wei,Nanning,Unknown,CN
13065,Brett Roberts,Roscommon,MI,USA
13066,Christopher Shao,Canterbury Victoria,Unknown,AT
13067,Didier Guerin,Essone,Unknown,FR
13068,Jason Raber,Columbus,OH,USA
13069,Renato Spahiu,Lombard,IL,USA
13070,Christopher Johnson,Birmingham,Unknown,GB
13071,Darren Windsor,Liverpool,Unknown,GB
13072,Jonathan Thomas,Collierville,TN,USA
13073,Kyle Miholich,Las Vegas,NV,USA
13074,Alon Shotland,Tel Aviv,Unknown,IL
13075,Toan Nguyen,Elk Grove,CA,USA
13076,Florian Gaugusch,Vienna,Unknown,AT
13077,Vaughn Michaud,Redondo Beach,CA,USA
13078,David Cambas,Chicago,IL,USA
13079,Bryan Leskowitz,Leominster,MA,USA
13080,Damarjai Davenport,Tyler,TX,USA
13081,Jason Villard,Burbank,CA,USA
13082,Jacob Snider,Plantation,FL,USA
13083,Ignacio Cuesta,Madrid,Unknown,ES
13084,Ernest Stratmeyer,Germany,Unknown,DE
13085,Michael Mizrachi,Unknown,Unknown,USA
13086,John Wasnock,Unknown,Unknown,USA
13087,Braxton Dunaway,Unknown,Unknown,USA
13088,Kenny Hallaert,Unknown,Unknown,Belgium
13089,Luka Bojovic,Unknown,Unknown,Serbia
13090,Adam Sinclair Hendrix,Unknown,Unknown,USA
13091,Leonor Margets,Unknown,Unknown,Spain
13092,James Minghini,Unknown,Unknown,USA
13093,Daehyung Lee,Unknown,Unknown,South Korea
13094,Joey Padron,Unknown,Unknown,USA
13095,Anthony Gregg,Unknown,Unknown,USA
13096,Joseph Ozimok,Unknown,Unknown,USA
13097,Maksim Pisarenko,Unknown,Unknown,Canada
13098,Ruben Correia,Unknown,Unknown,Portugal
13099,LAUTARO GUERRA,Unknown,Unknown,Mexico
13100,Sergio Filipe Silva Veloso,Unknown,Unknown,Portugal
13101,Daniel Iachan,Unknown,Unknown,USA
13102,Muhamet Perati,Unknown,Unknown,Italy
13103,DIEGO PONCE DE LEON,Unknown,Unknown,Mexico
13104,Chris Dombrowski,Unknown,Unknown,USA
13105,Tomas Szwarcberg,Unknown,Unknown,Mexico
13106,Stefan Nemetz,Unknown,Unknown,Austria
13107,Sebastian Schulze,Unknown,Unknown,Austria
13108,Richard Roger Freitas,Unknown,Unknown,Brazil
13109,Kohei Arai,Unknown,Unknown,Japan
13110,Pedro Padilha Chaves,Unknown,Unknown,Brazil
13111,Joshua Beckenstein,Unknown,Unknown,USA
13112,Nazar Buhaiov,Unknown,Unknown,Ukraine
13113,Eric Afriat,Unknown,Unknown,USA
13114,Theobald Tran,Unknown,Unknown,USA
13115,Murilo Milhomem,Unknown,Unknown,Brazil
13116,Giovanni Pupo,Unknown,Unknown,USA
13117,WILLIAM ROBIN KASSOUF,Unknown,Unknown,UK
13118,Adrien Zychowski,Unknown,Unknown,France
13119,Chad Power,Unknown,Unknown,USA
13120,Octavian Vogele,Unknown,Unknown,Austria
13121,William Gibbons,Unknown,Unknown,UK
13122,Juan Carlos Duenas,Unknown,Unknown,Spain
13123,Stephen Hesse,Unknown,Unknown,USA
13124,Ihab Ali,Unknown,Unknown,USA
13125,Michael Garner,Unknown,Unknown,USA
13126,Nicholas Pupillo,Unknown,Unknown,USA
13127,Johan Schumacher,Unknown,Unknown,Belgium
13128,Mikhail Prokopchuk,Unknown,Unknown,USA
13129,Ramon Pessoa Vasconcelos,Unknown,Unknown,Brazil
13130,Nadav Barash,Unknown,Unknown,Israel
13131,Thomas Eychenne,Unknown,Unknown,France
13132,Leon Sturm,Unknown,Unknown,Germany
13133,mitchell robert Hynam,Unknown,Unknown,UK
13134,Akashi Kosaku,Unknown,Unknown,Japan
13135,Albert Calderon,Unknown,Unknown,USA
13136,Gregory Merson,Unknown,Unknown,USA
13137,Yuchen Chen,Unknown,Unknown,USA
13138,Kyle Grupp,Unknown,Unknown,USA
13139,Maxim Babko,Unknown,Unknown,Canada
13140,Charles Lee,Unknown,Unknown,South Korea
13141,Benjamin Mark Jackson,Unknown,Unknown,UK
13142,Mounir Tajiou,Unknown,Unknown,Sweden
13143,Yong Han,Unknown,Unknown,South Korea
13144,Derek Sudell,Unknown,Unknown,USA
13145,Jose Palomares Bogarin,Unknown,Unknown,Mexico
13146,Dmitrii Perfilev,Unknown,Unknown,USA
13147,giorgii skhulukhiia,Unknown,Unknown,Russia
13148,Aaron Overton,Unknown,Unknown,USA
13149,Sejo Kasic,Unknown,Unknown,Croatia
13150,Samuel Darkin,Unknown,Unknown,UK
13151,Chahnhoon Jung,Unknown,Unknown,USA
13152,Hieu Le,Unknown,Unknown,USA
13153,Dillon Ott,Unknown,Unknown,USA
13154,Corey Skogrand,Unknown,Unknown,USA
13155,John Petro,Unknown,Unknown,USA
13156,Richard Buckingham,Unknown,Unknown,USA
13157,Matija Kajtez,Unknown,Unknown,Serbia
13158,Benjamin Williams,Unknown,Unknown,USA
13159,Caleb Furth,Unknown,Unknown,USA
13160,Colin Robinson,Unknown,Unknown,Mexico
13161,Mark Shutley,Unknown,Unknown,USA
13162,Rahul Deevara,Unknown,Unknown,India
13163,Hans A Bosman,Unknown,Unknown,Netherlands
13164,Frank Flowers,Unknown,Unknown,USA
13165,Myles Barker,Unknown,Unknown,USA
13166,Don Carrillo,Unknown,Unknown,USA
13167,Alen Fillipi Tenorio Alencar,Unknown,Unknown,Brazil
13168,Steven Alper,Unknown,Unknown,UK
13169,Jameson Painter,Unknown,Unknown,USA
13170,Chih Fan,Unknown,Unknown,Taiwan
13171,Min-Sung Lee,Unknown,Unknown,South Korea
13172,Murly Manokharan,Unknown,Unknown,Malaysia
13173,Michael Parisi,Unknown,Unknown,USA
13174,Craig Trost,Unknown,Unknown,USA
13175,Nicolas Enjamio,Unknown,Unknown,Argentina
13176,Bradley Jansen,Unknown,Unknown,USA
13177,Adam Bishop,Unknown,Unknown,USA
13178,Francis Anderson,Unknown,Unknown,USA
13179,Nicholas Simon Ramsey,Unknown,Unknown,UK
13180,Kai Yang,Unknown,Unknown,USA
13181,Wagner Wysotchanski,Unknown,Unknown,Germany
13182,Arsenii Karmatckii,Unknown,Unknown,Slovenia
13183,Isaac Blum Haxton,Unknown,Unknown,USA
13184,dai ishibashi,Unknown,Unknown,Japan
13185,Rahul Rastogi,Unknown,Unknown,Australia
13186,Hartt Stearns,Unknown,Unknown,USA
13187,Arnaud Mattern,Unknown,Unknown,France
13188,Shawn Fagan,Unknown,Unknown,USA
13189,Richard Green,Unknown,Unknown,USA
13190,David Swift,Unknown,Unknown,USA
13191,Adrien Delmas,Unknown,Unknown,Canada
13192,Damien Luis,Unknown,Unknown,France
13193,Yulian Bogdanov,Unknown,Unknown,Bulgaria
13194,William Camp,Unknown,Unknown,USA
13195,Vladimir Nex,Unknown,Unknown,Luxembourg
13196,Tomohiro Tamano,Unknown,Unknown,Japan
13197,Brandon Eisen,Unknown,Unknown,USA
13198,Florian Ribouchon,Unknown,Unknown,France
13199,Christian Valladolid,Unknown,Unknown,USA
13200,Yuta Mutsuura,Unknown,Unknown,Japan
13201,Fabrice Bigot,Unknown,Unknown,UK
13202,Todd Birmingham,Unknown,Unknown,USA
13203,Zurvan Tumboli,Unknown,Unknown,India
13204,Noah Goldman,Unknown,Unknown,USA
13205,Alon Shahar,Unknown,Unknown,USA
13206,Conrado Francisco,Unknown,Unknown,USA
13207,Rene-Charles Angelil,Unknown,Unknown,USA
13208,Serhii Popovych,Unknown,Unknown,USA
13209,Bogdan Chornyy,Unknown,Unknown,Ukraine
13210,Gregor Sverko,Unknown,Unknown,Croatia
13211,Rafael Stern,Unknown,Unknown,USA
13212,Dumas Jordan,Unknown,Unknown,Malta
13213,Jason Cooper,Unknown,Unknown,USA
13214,Michael Graffeo,Unknown,Unknown,USA
13215,Guy Holtzman,Unknown,Unknown,Israel
13216,Charles Moore,Unknown,Unknown,USA
13217,Goh Yanagida,Unknown,Unknown,Japan
13218,Brett Kennedy,Unknown,Unknown,USA
13219,Rodrigo Jim Garcia Travesi,Unknown,Unknown,Mexico
13220,Sam Jakubowicz,Unknown,Unknown,France
13221,Patrick Mckelvey,Unknown,Unknown,USA
13222,Benjamin Winsor,Unknown,Unknown,UK
13223,Jamie O'connor,Unknown,Unknown,UK
13224,Amadeus Arkadius Janotta,Unknown,Unknown,Germany
13225,Daniele Primerano,Unknown,Unknown,Italy
13226,Samuel Rosborough,Unknown,Unknown,USA
13227,Gonzalo Jose,Unknown,Unknown,Argentina
13228,Alecxander Gould,Unknown,Unknown,USA
13229,zhen ciu,Unknown,Unknown,USA
13230,seungmook jung,Unknown,Unknown,Mexico
13231,Ruben Costa,Unknown,Unknown,USA
13232,Michael Gagliano,Unknown,Unknown,USA
13233,Luke Chung,Unknown,Unknown,USA
13234,Jeremiah Wheeler,Unknown,Unknown,USA
13235,Henry Fewster,Unknown,Unknown,UK
13236,Esther Taylor,Unknown,Unknown,South Korea
13237,Micah Raskin,Unknown,Unknown,USA
13238,Joseph Henry,Unknown,Unknown,USA
13239,Raffaele Sorrentino,Unknown,Unknown,Italy
13240,Adam Agaev,Unknown,Unknown,USA
13241,Ryuta Nakai,Unknown,Unknown,Japan
13242,Roman Korenev,Unknown,Unknown,Russia
13243,Jayphong Nguyen,Unknown,Unknown,USA
13244,Amit Sharma,Unknown,Unknown,India
13245,Zhao Liu,Unknown,Unknown,USA
13246,Alan Sternberg,Unknown,Unknown,USA
13247,Donald Peters,Unknown,Unknown,USA
13248,Romain Locquet,Unknown,Unknown,Mexico
13249,Heather Hardie,Unknown,Unknown,Australia
13250,Anthony Augustino,Unknown,Unknown,USA
13251,david gradic,Unknown,Unknown,Slovenia
13252,Farid Jattin,Unknown,Unknown,Colombia
13253,Alexis Lucarini,Unknown,Unknown,Hungary
13254,KYOSUKE NAGAMI,Unknown,Unknown,Japan
13255,Thixoa Nguyen,Unknown,Unknown,France
13256,Jesse Simon,Unknown,Unknown,USA
13257,Brandon Wong,Unknown,Unknown,USA
13258,Matias Ruzzi,Unknown,Unknown,Argentina
13259,Yaichi Fukao,Unknown,Unknown,Japan
13260,Kaiwen Chen,Unknown,Unknown,USA
13261,Douglas Hobold,Unknown,Unknown,Brazil
13262,Yuto Misaka,Unknown,Unknown,Japan
13263,William Pengelly,Unknown,Unknown,USA
13264,Stephen Kehoe,Unknown,Unknown,Ireland
13265,Gustavo Morales,Unknown,Unknown,Argentina
13266,Hugo Nazar,Unknown,Unknown,Italy
13267,Ivan Poroliev,Unknown,Unknown,Bulgaria
13268,Gergo Hegedus,Unknown,Unknown,Hungary
13269,Andrew Martin Wilson,Unknown,Unknown,UK
13270,Alexander Lynskey,Unknown,Unknown,Australia
13271,Derek Dufour,Unknown,Unknown,Canada
13272,James Lenaghan,Unknown,Unknown,USA
13273,Jared Reinstein,Unknown,Unknown,USA
13274,Yu Zhang,Unknown,Unknown,China
13275,Daniel Becker,Unknown,Unknown,Germany
13276,Ran Ilani,Unknown,Unknown,Israel
13277,Long Nguyen,Unknown,Unknown,USA
13278,Arie Kliper,Unknown,Unknown,USA
13279,Joshua Abiscott,Unknown,Unknown,Canada
13280,Yuhang Chen,Unknown,Unknown,China
13281,Jefferson guerrero,Unknown,Unknown,Canada
13282,Christian Portillo,Unknown,Unknown,Venezuela (Bolivarian Republic of)
13283,Brian Arbaugh,Unknown,Unknown,USA
13284,Lindsey Mcdougall,Unknown,Unknown,USA
13285,Eric Bunch,Unknown,Unknown,USA
13286,Julien Mariani,Unknown,Unknown,Spain
13287,Alessandro Predaroli,Unknown,Unknown,Italy
13288,Rodney Reames,Unknown,Unknown,USA
13289,Jonathan Azoulay,Unknown,Unknown,USA
13290,Brian Devany,Unknown,Unknown,USA
13291,Christopher DeMaci,Unknown,Unknown,USA
13292,Gregory Gius,Unknown,Unknown,USA
13293,Alan Manuel Mehamed,Unknown,Unknown,Italy
13294,Lara Beth Eisenberg,Unknown,Unknown,Mexico
13295,Jonathan Wolter,Unknown,Unknown,Brazil
13296,Brandon Sheils,Unknown,Unknown,UK
13297,Kyung Jung,Unknown,Unknown,South Korea
13298,Fraser Macintyre,Unknown,Unknown,UK
13299,Brian Hastings,Unknown,Unknown,USA
13300,Luis Nargentino,Unknown,Unknown,USA
13301,Ralph Salonia,Unknown,Unknown,USA
13302,John Barr,Unknown,Unknown,USA
13303,Byungeun Shin,Unknown,Unknown,USA
13304,Steven Snyder,Unknown,Unknown,USA
13305,Nils Pudel,Unknown,Unknown,Austria
13306,Shoichiro Tamaki,Unknown,Unknown,Japan
13307,Vinh Nguyen,Unknown,Unknown,USA
13308,Scott Margereson,Unknown,Unknown,UK
13309,Daniel Wjuniski,Unknown,Unknown,Brazil
13310,Santiago Montes,Unknown,Unknown,USA
13311,Artur Koren,Unknown,Unknown,Austria
13312,ANDREAS CHRISTOFOROU,Unknown,Unknown,Cyprus
13313,cyrille rousset,Unknown,Unknown,France
13314,Matthew Lubawski,Unknown,Unknown,Mexico
13315,Yves Hallague,Unknown,Unknown,France
13316,Carmino Argiero,Unknown,Unknown,USA
13317,Ryan Law,Unknown,Unknown,USA
13318,Theodore Doukas,Unknown,Unknown,Canada
13319,TIAN LIU,Unknown,Unknown,Hong Kong
13320,Leonardo Valenzuela,Unknown,Unknown,USA
13321,Chyan Pu Huang,Unknown,Unknown,Taiwan
13322,Steven Kaslov,Unknown,Unknown,USA
13323,Maksim Paniak,Unknown,Unknown,Austria
13324,Ryan Anthony Otto,Unknown,Unknown,UK
13325,Martin Gerloff,Unknown,Unknown,Germany
13326,Guy Leathley,Unknown,Unknown,UK
13327,Conor O' Rourke,Unknown,Unknown,Ireland
13328,Jasper Arthur Van Moorsel,Unknown,Unknown,Austria
13329,Sviatoslav Belov,Unknown,Unknown,Russia
13330,Kevin Butler,Unknown,Unknown,USA
13331,Or Anavi,Unknown,Unknown,Israel
13332,Harold Lam,Unknown,Unknown,USA
13333,Kyle Taddei,Unknown,Unknown,USA
13334,Jason Mann,Unknown,Unknown,USA
13335,pingfeng wu,Unknown,Unknown,China
13336,David Kaufmann,Unknown,Unknown,Morocco
13337,Steven Touitou,Unknown,Unknown,USA
13338,Ryan Hunsinger,Unknown,Unknown,USA
13339,Mathew Moore,Unknown,Unknown,USA
13340,Jose Guilherme Do Prado Valerio,Unknown,Unknown,Brazil
13341,Michael Vanier,Unknown,Unknown,USA
13342,Rohit MARIWALLA,Unknown,Unknown,Luxembourg
13343,Justin Liberto,Unknown,Unknown,USA
13344,Viktor Blom,Unknown,Unknown,Sweden
13345,Denis Strebkov,Unknown,Unknown,Russia
13346,David Thomas Wintersberger,Unknown,Unknown,Germany
13347,Oliver Entine,Unknown,Unknown,USA
13348,Kachun Kan,Unknown,Unknown,Hong Kong
13349,Nathaniel Silver,Unknown,Unknown,USA
13350,Nicholas Danias,Unknown,Unknown,USA
13351,Curtis King,Unknown,Unknown,Mexico
13352,XingWei Chen,Unknown,Unknown,China
13353,Paul Dimascio,Unknown,Unknown,USA
13354,Igor Holdaiy,Unknown,Unknown,USA
13355,Joe Donald Hindry,Unknown,Unknown,UK
13356,Alexander Villa,Unknown,Unknown,Canada
13357,Thomas Boivin,Unknown,Unknown,Belgium
13358,Andreas Staschewski,Unknown,Unknown,Austria
13359,Anthony Farelli,Unknown,Unknown,USA
13360,Andrew John Hedley,Unknown,Unknown,Ireland
13361,David Inselberg,Unknown,Unknown,USA
13362,Renmei Liu,Unknown,Unknown,Canada
13363,Seiji Sasaki,Unknown,Unknown,Japan
13364,Nishant sharma,Unknown,Unknown,India
13365,Nicholas Caouette,Unknown,Unknown,USA
13366,Kang Chong,Unknown,Unknown,USA
13367,Meerwais Hussaini,Unknown,Unknown,Australia
13368,Christopher Trang,Unknown,Unknown,USA
13369,Liubomyr Melnyk,Unknown,Unknown,USA
13370,Safiya Umerova,Unknown,Unknown,Russia
13371,Alexandro Tricarico,Unknown,Unknown,Belgium
13372,Pierce Mckellar,Unknown,Unknown,USA
13373,OLIVER JAMES BRADDOCK,Unknown,Unknown,UK
13374,Edward Ribeiro,Unknown,Unknown,USA
13375,Simon Levy,Unknown,Unknown,USA
13376,Iman Dan,Unknown,Unknown,Iran
13377,Yaniv Peretz,Unknown,Unknown,Israel
13378,Scott Allacher,Unknown,Unknown,USA
13379,David Elyashar,Unknown,Unknown,Israel
13380,Michael Hawker,Unknown,Unknown,USA
13381,Roy Picciuca,Unknown,Unknown,USA
13382,Steven Shulman,Unknown,Unknown,USA
13383,Peter Schneider,Unknown,Unknown,USA
13384,eric salazar,Unknown,Unknown,USA
13385,Jonathan Glendinning,Unknown,Unknown,USA
13386,Jiwoo Hyul,Unknown,Unknown,South Korea
13387,Leroy Oswalt,Unknown,Unknown,USA
13388,Alexander Wong,Unknown,Unknown,Canada
13389,Anton Beno,Unknown,Unknown,Germany
13390,Michael Miravi,Unknown,Unknown,USA
13391,Fabio Gomes,Unknown,Unknown,Brazil
13392,Jacob Powers,Unknown,Unknown,USA
13393,Daniel Kasper,Unknown,Unknown,USA
13394,Raymond Langbraaten,Unknown,Unknown,Norway
13395,Michael Linton,Unknown,Unknown,USA
13396,Ryan Biermann,Unknown,Unknown,Canada
13397,David Berger,Unknown,Unknown,USA
13398,Alexandros Kolonias,Unknown,Unknown,Greece
13399,Josselin Gardes,Unknown,Unknown,Morocco
13400,Vytautas Semaska,Unknown,Unknown,Lithuania
13401,Carl Shaw,Unknown,Unknown,UK
13402,Benjamin Scrogins,Unknown,Unknown,USA
13403,Luis Yepez Carmona,Unknown,Unknown,Venezuela (Bolivarian Republic of)
13404,Tony Le,Unknown,Unknown,Canada
13405,Michael Bernstein,Unknown,Unknown,Canada
13406,Benji Tustin,Unknown,Unknown,USA
13407,Antoine Berruel,Unknown,Unknown,Malta
13408,Peter Ng,Unknown,Unknown,USA
13409,Yosef Fox,Unknown,Unknown,USA
13410,Aaron Barone,Unknown,Unknown,Canada
13411,Anastasija Zavorotnaja,Unknown,Unknown,Latvia
13412,Lucas Bandeira,Unknown,Unknown,Brazil
13413,Thomas Middleton,Unknown,Unknown,UK
13414,Brandon Richard Wittmeyer,Unknown,Unknown,USA
13415,OLUWASEUN OLUWOLE,Unknown,Unknown,UK
13416,He Zhou,Unknown,Unknown,China
13417,Frank Servidio,Unknown,Unknown,USA
13418,Yuriy Boyko,Unknown,Unknown,Ireland
13419,Kou Vang,Unknown,Unknown,USA
13420,Matthew Affleck,Unknown,Unknown,USA
13421,Daniel Erlandsson,Unknown,Unknown,Sweden
13422,Preston Green,Unknown,Unknown,USA
13423,Samuel Chartier,Unknown,Unknown,Canada
13424,Michael Capener,Unknown,Unknown,USA
13425,Tianyu Zheng,Unknown,Unknown,China
13426,Antonio Vargas,Unknown,Unknown,USA
13427,Miguel Coussement,Unknown,Unknown,Belgium
13428,Timothy Miles,Unknown,Unknown,USA
13429,Shaun Odonnell,Unknown,Unknown,USA
13430,Stanislav Zegal,Unknown,Unknown,Germany
13431,Alberto Destrade,Unknown,Unknown,USA
13432,Christopher Chaudey,Unknown,Unknown,France
13433,David Smith,Unknown,Unknown,USA
13434,Stephen James Chidwick,Unknown,Unknown,UK
13435,Jeremy Kottler,Unknown,Unknown,USA
13436,Luigi Curcio,Unknown,Unknown,Italy
13437,Kevin Gundersen,Unknown,Unknown,USA
13438,Jacob Lowery,Unknown,Unknown,USA
13439,Klemens Roiter,Unknown,Unknown,Austria
13440,Christopher Viox,Unknown,Unknown,USA
13441,Tolga Demirel,Unknown,Unknown,Turkey
13442,Johnny Bromberg,Unknown,Unknown,USA
13443,Giuseppe Pantaleo,Unknown,Unknown,USA
13444,Marc Fiorentino,Unknown,Unknown,USA
13445,Rory Monahan,Unknown,Unknown,USA
13446,Roberto Bianchi,Unknown,Unknown,Argentina
13447,Vinicius Camargo Goncalves,Unknown,Unknown,Brazil
13448,ramiro petrone,Unknown,Unknown,Argentina
13449,Andrejs Prost,Unknown,Unknown,USA
13450,Brian Saslavchik,Unknown,Unknown,Argentina
13451,Jon Kyte,Unknown,Unknown,Norway
13452,Matthew Paul Belcher,Unknown,Unknown,UK
13453,Patrick Mueller,Unknown,Unknown,USA
13454,Dianlei Zhang,Unknown,Unknown,China
13455,Oystein Kristoffersen,Unknown,Unknown,UK
13456,Terence Reid,Unknown,Unknown,USA
13457,Bradley Owen,Unknown,Unknown,Mexico
13458,Diogo Ferreira da Silva,Unknown,Unknown,Brazil
13459,Thien Tran,Unknown,Unknown,USA
13460,eda kiyoshi,Unknown,Unknown,Japan
13461,Brendan Buckner,Unknown,Unknown,USA
13462,Gianluca Cedolia,Unknown,Unknown,Canada
13463,kitajima hayato,Unknown,Unknown,Japan
13464,Yuya Sakamoto,Unknown,Unknown,Japan
13465,Adam Krach,Unknown,Unknown,USA
13466,Andrew David Neeme,Unknown,Unknown,Mexico
13467,gabriel bardini,Unknown,Unknown,Malta
13468,Justin Kelley,Unknown,Unknown,USA
13469,Thai Ha,Unknown,Unknown,USA
13470,Jeffrey Deegan,Unknown,Unknown,USA
13471,Daniel Carney,Unknown,Unknown,UK
13472,Asher Francis Conniff,Unknown,Unknown,USA
13473,Henrik Hecklen,Unknown,Unknown,Macao
13474,Christopher Wallace,Unknown,Unknown,USA
13475,Nicholas Grippo,Unknown,Unknown,USA
13476,Christian Calcano,Unknown,Unknown,USA
13477,XIANGCHEN GAO,Unknown,Unknown,China
13478,Dong Chen,Unknown,Unknown,China
13479,Kevin Mcgee,Unknown,Unknown,USA
13480,Vijay Ramani,Unknown,Unknown,USA
13481,Brian Tolley,Unknown,Unknown,USA
13482,Adam Grovenstein,Unknown,Unknown,USA
13483,Kevin Calenzo,Unknown,Unknown,USA
13484,Tyler Gray Hirschfeld,Unknown,Unknown,Mexico
13485,Stanley lee,Unknown,Unknown,USA
13486,Roberto Damelian,Unknown,Unknown,Australia
13487,Gary Petrime,Unknown,Unknown,USA
13488,Renny Barrett,Unknown,Unknown,Jamaica
13489,Thomas Cerabino,Unknown,Unknown,USA
13490,Denys Shafikov,Unknown,Unknown,Ukraine
13491,Christopher Cashman,Unknown,Unknown,USA
13492,Pierre Drochon,Unknown,Unknown,France
13493,Chen Kuanying,Unknown,Unknown,Taiwan
13494,Derek Wang,Unknown,Unknown,USA
13495,Yuchi Han,Unknown,Unknown,USA
13496,antoni gotarra marco,Unknown,Unknown,Spain
13497,Francesco Morales,Unknown,Unknown,Italy
13498,Christopher Kokkinos,Unknown,Unknown,Australia
13499,Shane Klasnimi,Unknown,Unknown,USA
13500,Igor Dursel,Unknown,Unknown,Belgium
13501,Yngve Steen,Unknown,Unknown,Norway
13502,Andrius Balys Tapinas,Unknown,Unknown,Singapore
13503,Bryan Chen,Unknown,Unknown,USA
13504,Joseph Altman,Unknown,Unknown,USA
13505,Javier Etayo,Unknown,Unknown,UK
13506,Andres Carreramesa,Unknown,Unknown,Spain
13507,Ohad Geiger,Unknown,Unknown,Israel
13508,Weston Wells,Unknown,Unknown,USA
13509,John Pointer,Unknown,Unknown,USA
13510,Milan Patel,Unknown,Unknown,USA
13511,Pablo Menezes,Unknown,Unknown,Brazil
13512,Toni Bosch,Unknown,Unknown,Spain
13513,Mark Dufner,Unknown,Unknown,USA
13514,Joanne Liu,Unknown,Unknown,USA
13515,Joseph Gallagher,Unknown,Unknown,USA
13516,Michael Joseph,Unknown,Unknown,USA
13517,Joshua Reichard,Unknown,Unknown,USA
13518,Everton Taylor,Unknown,Unknown,USA
13519,Anthony Ruberto,Unknown,Unknown,USA
13520,Fred Li,Unknown,Unknown,USA
13521,Michael Dulberg,Unknown,Unknown,Canada
13522,Simeon Naydenov,Unknown,Unknown,Bulgaria
13523,Lance Garcia,Unknown,Unknown,USA
13524,Joseph Cheong,Unknown,Unknown,USA
13525,Umang Dattani,Unknown,Unknown,Canada
13526,Stephanie Morris,Unknown,Unknown,USA
13527,Marcelo Fernandez,Unknown,Unknown,Argentina
13528,Patrick Stacey,Unknown,Unknown,USA
13529,Hyunsick Jang,Unknown,Unknown,South Korea
13530,Hugh Joiner,Unknown,Unknown,USA
13531,Chad Bleznick,Unknown,Unknown,USA
13532,Henry Fischer,Unknown,Unknown,Brazil
13533,Nadezhda Magnus,Unknown,Unknown,USA
13534,Miltiadis Kyriakides,Unknown,Unknown,Cyprus
13535,Michael Mathias,Unknown,Unknown,USA
13536,David Eric Kuder,Unknown,Unknown,USA
13537,Klas Lofberg,Unknown,Unknown,Sweden
13538,David Carter,Unknown,Unknown,USA
13539,Kentaro Hori,Unknown,Unknown,Japan
13540,David Gonia,Unknown,Unknown,USA
13541,Hal Hammaker,Unknown,Unknown,USA
13542,Richard Pyne,Unknown,Unknown,USA
13543,Mauricio Salazar sanchez,Unknown,Unknown,Mexico
13544,REO KONISHI,Unknown,Unknown,Japan
13545,Francis Rusnak,Unknown,Unknown,USA
13546,Thomas Kelly,Unknown,Unknown,USA
13547,Andreas Puetz,Unknown,Unknown,Austria
13548,Iman Alsaden,Unknown,Unknown,USA
13549,Robert Gianquitti,Unknown,Unknown,USA
13550,Max Neugebauer,Unknown,Unknown,Austria
13551,Pablo Garcia,Unknown,Unknown,Austria
13552,Samuel Dray,Unknown,Unknown,France
13553,Damian Andres Salas,Unknown,Unknown,Argentina
13554,Ashton Nikzad,Unknown,Unknown,USA
13555,Damon Fine,Unknown,Unknown,South Africa
13556,Matthew Cannuli,Unknown,Unknown,USA
13557,Mohammad Siddiqui,Unknown,Unknown,USA
13558,Everett Carlton,Unknown,Unknown,USA
13559,Ryo Kotake,Unknown,Unknown,Japan
13560,Francisco Roman,Unknown,Unknown,USA
13561,Andrew Boccia,Unknown,Unknown,USA
13562,Nicholas Blumenthal,Unknown,Unknown,USA
13563,Takashi Ogura,Unknown,Unknown,Japan
13564,Viktor Vladov,Unknown,Unknown,Bulgaria
13565,Anthony Hugenberg,Unknown,Unknown,USA
13566,Edgardo Rosariofigueroa,Unknown,Unknown,Puerto Rico
13567,Espen Hagen,Unknown,Unknown,Norway
13568,Moshe Ory Refaelovitz,Unknown,Unknown,USA
13569,James Charbonneau,Unknown,Unknown,USA
13570,Seunghyun Nam,Unknown,Unknown,USA
13571,David Alvarez,Unknown,Unknown,Spain
13572,Анжела Василенко,Unknown,Unknown,Canada
13573,Rolli Fabian,Unknown,Unknown,Switzerland
13574,Claudio Lorenzi,Unknown,Unknown,Brazil
13575,Jorge Ribeiro,Unknown,Unknown,Brazil
13576,James Bagley,Unknown,Unknown,UK
13577,Nesli Ohare,Unknown,Unknown,USA
13578,Justin Vaysman,Unknown,Unknown,USA
13579,Jo Ann Pecora,Unknown,Unknown,USA
13580,Brandon Estrada,Unknown,Unknown,USA
13581,Derek Alley,Unknown,Unknown,USA
13582,Stefanita Fechete,Unknown,Unknown,Romania
13583,Christopher Alcindor,Unknown,Unknown,Canada
13584,Ibrahim Senoussi,Unknown,Unknown,Spain
13585,Yifu He,Unknown,Unknown,USA
13586,Hiroki Nawa,Unknown,Unknown,Japan
13587,Nicholas Bond,Unknown,Unknown,USA
13588,Garry Gurevich,Unknown,Unknown,USA
13589,Francisco Dopazo,Unknown,Unknown,Spain
13590,Pierre Mothes,Unknown,Unknown,Germany
13591,Ryan Speak,Unknown,Unknown,USA
13592,Justin Pechie,Unknown,Unknown,USA
13593,Eric Buchman,Unknown,Unknown,USA
13594,Raja Chirumamilla,Unknown,Unknown,USA
13595,kajetan Renke,Unknown,Unknown,Poland
13596,Michael Zulker,Unknown,Unknown,USA
13597,Jeffrey Gross,Unknown,Unknown,USA
13598,Ebony Kenney,Unknown,Unknown,USA
13599,Allyn Shulman,Unknown,Unknown,USA
13600,Stephen Dauphinais,Unknown,Unknown,Canada
13601,Michal Schuh,Unknown,Unknown,Czechia
13602,Raul Celaya,Unknown,Unknown,USA
13603,Sorin Morariu,Unknown,Unknown,Romania
13604,Steven Karp,Unknown,Unknown,USA
13605,Robert Buckenmayer,Unknown,Unknown,USA
13606,Patrik Zidek,Unknown,Unknown,Austria
13607,Ritvars Cekalins,Unknown,Unknown,Latvia
13608,Sebastian Medina,Unknown,Unknown,Colombia
13609,John Zendrick Tech,Unknown,Unknown,Philippines
13610,Nathan Rosinger,Unknown,Unknown,USA
13611,Amir Ghaffarian,Unknown,Unknown,USA
13612,John Hammersmith,Unknown,Unknown,USA
13613,Pedro Garagnani,Unknown,Unknown,Brazil
13614,Paul Snead,Unknown,Unknown,USA
13615,Feng Lin Wang,Unknown,Unknown,Canada
13616,samuel butters,Unknown,Unknown,New Zealand
13617,Grant Gardner,Unknown,Unknown,UK
13618,Ja Sim,Unknown,Unknown,USA
13619,Arnaud Enselme,Unknown,Unknown,Netherlands
13620,Maria Lampropoulou,Unknown,Unknown,Argentina
13621,Terence Clee,Unknown,Unknown,Australia
13622,Daniel James,Unknown,Unknown,USA
13623,Justin Tran,Unknown,Unknown,USA
13624,Gnana Duddukuru,Unknown,Unknown,USA
13625,John Short,Unknown,Unknown,USA
13626,Breno Silva,Unknown,Unknown,Brazil
13627,James Osullivan,Unknown,Unknown,UK
13628,Geronimo Timerman,Unknown,Unknown,Argentina
13629,Andy Wong,Unknown,Unknown,USA
13630,Avery Grande,Unknown,Unknown,Canada
13631,Matthew Roberts,Unknown,Unknown,Canada
13632,Brandon Dave Harris,Unknown,Unknown,UK
13633,XIAOZHE LIU,Unknown,Unknown,Spain
13634,Brant Jolly,Unknown,Unknown,USA
13635,Waheed Feda,Unknown,Unknown,USA
13636,james calderaro,Unknown,Unknown,USA
13637,Peter Park,Unknown,Unknown,South Korea
13638,David Lee,Unknown,Unknown,USA
13639,Andres Gonzalez de Agustin,Unknown,Unknown,Spain
13640,Mark Darner,Unknown,Unknown,USA
13641,Oliver Dingman,Unknown,Unknown,USA
13642,Jamie Alexander W Kingston,Unknown,Unknown,UK
13643,michael dwyer,Unknown,Unknown,Mexico
13644,d d,Unknown,Unknown,USA
13645,Joseph Raya,Unknown,Unknown,USA
13646,Corey Hochman,Unknown,Unknown,USA
13647,James Pillon,Unknown,Unknown,Canada
13648,Carlos Loving,Unknown,Unknown,USA
13649,Raul Pino Arza,Unknown,Unknown,Panama
13650,Robert Kim,Unknown,Unknown,USA
13651,Kevin Gerhart,Unknown,Unknown,USA
13652,Gregory Katayama,Unknown,Unknown,Canada
13653,Marwan Salamoun,Unknown,Unknown,USA
13654,Stacey Metz Ceragioli,Unknown,Unknown,USA
13655,Robert Nemeskerikiss,Unknown,Unknown,USA
13656,Kevin Ricardo Valenzuela Villela,Unknown,Unknown,Mexico
13657,Julian Penza,Unknown,Unknown,USA
13658,Aidan Walsh,Unknown,Unknown,Ireland
13659,Vadim Rozin,Unknown,Unknown,Canada
13660,Alex Di Felice,Unknown,Unknown,Canada
13661,Daniel John Wilson,Unknown,Unknown,Ireland
13662,Clayton Maguire,Unknown,Unknown,USA
13663,Florian Lohnert,Unknown,Unknown,Austria
13664,Ernest Hou,Unknown,Unknown,USA
13665,David Wells,Unknown,Unknown,USA
13666,Eduardo Andres Bernal Sanchez,Unknown,Unknown,Colombia
13667,Dustin Mistelske,Unknown,Unknown,USA
13668,TETSUMA ISHIZU,Unknown,Unknown,Japan
13669,Jaime Salcedo,Unknown,Unknown,USA
13670,Nicholas Scholz,Unknown,Unknown,USA
13671,Kristof Coenen,Unknown,Unknown,Belgium
13672,Gary Tomes,Unknown,Unknown,New Zealand
13673,Nicholas Richards,Unknown,Unknown,USA
13674,Richard Geyer,Unknown,Unknown,USA
13675,Orion Schmitz,Unknown,Unknown,USA
13676,Taylor Black,Unknown,Unknown,USA
13677,Raoul Ricardo Kanme,Unknown,Unknown,Netherlands
13678,Mengting Hu,Unknown,Unknown,China
13679,Nicolas Fountotos,Unknown,Unknown,USA
13680,Georgios Skarparis,Unknown,Unknown,Cyprus
13681,Jacob Samuel Stone,Unknown,Unknown,UK
13682,Leonard Sande,Unknown,Unknown,Canada
13683,Loc Nguyen,Unknown,Unknown,USA
13684,Toby Clifton,Unknown,Unknown,USA
13685,Oliver Bithell,Unknown,Unknown,Mexico
13686,Daniel Echols,Unknown,Unknown,USA
13687,Matias Gabrenja,Unknown,Unknown,Argentina
13688,Oleksii Kravchuk,Unknown,Unknown,Ukraine
13689,Roland Shen,Unknown,Unknown,USA
13690,Alex Bergfors,Unknown,Unknown,USA
13691,Mark Seif,Unknown,Unknown,USA
13692,Sean Gibson,Unknown,Unknown,USA
13693,Adin Aragon,Unknown,Unknown,Belize
13694,Lester Edoc,Unknown,Unknown,Philippines
13695,Jeremy Halaska,Unknown,Unknown,USA
13696,Matthew Giannetti,Unknown,Unknown,USA
13697,Matthew Beinner,Unknown,Unknown,USA
13698,JON ANDER VALLINAS,Unknown,Unknown,Mexico
13699,Kenny Nguyen,Unknown,Unknown,USA
13700,Stefan Jahn,Unknown,Unknown,Germany
13701,Mark Van Der Biezen,Unknown,Unknown,Netherlands
13702,Jean- Emmanuel Serge Lhuillier,Unknown,Unknown,France
13703,Trung Pham,Unknown,Unknown,USA
13704,Andro Scarpa,Unknown,Unknown,Croatia
13705,Mark Blake,Unknown,Unknown,USA
13706,Luigi Andrea Shehadeh,Unknown,Unknown,Italy
13707,chao duan,Unknown,Unknown,New Zealand
13708,masao watanabe,Unknown,Unknown,Singapore
13709,Ronald Ong,Unknown,Unknown,USA
13710,Michael Malm,Unknown,Unknown,Canada
13711,Nikesh Chawla,Unknown,Unknown,India
13712,antonios onoufriou,Unknown,Unknown,Cyprus
13713,Joseph Baghdalian,Unknown,Unknown,USA
13714,Bruno Soutavong,Unknown,Unknown,France
13715,Shotaro Kobayashi,Unknown,Unknown,Japan
13716,Nissim Ohayon,Unknown,Unknown,Israel
13717,Yakov Albaz,Unknown,Unknown,USA
13718,thomas ward,Unknown,Unknown,Thailand
13719,Donald Johnson,Unknown,Unknown,USA
13720,Michael Ginn,Unknown,Unknown,USA
13721,Bradley Webert,Unknown,Unknown,USA
13722,Yevgeniy Timoshenko,Unknown,Unknown,USA
13723,Isaac Baron,Unknown,Unknown,USA
13724,Paul Andradedealmeida,Unknown,Unknown,France
13725,Ryan Andrada,Unknown,Unknown,USA
13726,Andrew Ostapchenko,Unknown,Unknown,USA
13727,Jia Liu,Unknown,Unknown,USA
13728,Andrej Tekel,Unknown,Unknown,Slovakia
13729,Olivia Fleur Boeree,Unknown,Unknown,UK
13730,Miguel Montes,Unknown,Unknown,Spain
13731,Daniel Holmes,Unknown,Unknown,USA
13732,Thomas Vanden Berge,Unknown,Unknown,Mexico
13733,Joshua Kay,Unknown,Unknown,USA
13734,Logi Unnarson Jonsson,Unknown,Unknown,Iceland
13735,alejandro rodriguez,Unknown,Unknown,Argentina
13736,Robert Lauer,Unknown,Unknown,USA
13737,Jacob Frank,Unknown,Unknown,USA
13738,Kartik_in Ved_in,Unknown,Unknown,India
13739,Jules Bolton,Unknown,Unknown,USA
13740,Elilton Gouveia,Unknown,Unknown,Brazil
13741,Kimitaka Mori,Unknown,Unknown,Japan
13742,James Girouard,Unknown,Unknown,USA
13743,Douglas Araujo Lopes Ferreira,Unknown,Unknown,Brazil
13744,George Roush,Unknown,Unknown,USA
13745,John Holley,Unknown,Unknown,USA
13746,Kathleen Liebert,Unknown,Unknown,USA
13747,Kazuhiro Shirasawa,Unknown,Unknown,Japan
13748,Alexander Duvall,Unknown,Unknown,USA
13749,Eduardo Amaral Silva,Unknown,Unknown,Brazil
13750,Bob Shao,Unknown,Unknown,USA
13751,Cesar Garcia Dominguez,Unknown,Unknown,Spain
13752,Humberto Galindo,Unknown,Unknown,Netherlands
13753,Kevin Nee,Unknown,Unknown,USA
13754,Bruno Desimoni Cunha Mota,Unknown,Unknown,Brazil
13755,Joseph Barnard,Unknown,Unknown,USA
13756,Paul Cross,Unknown,Unknown,USA
13757,Heroico Aguiluz,Unknown,Unknown,USA
13758,Raad Farida,Unknown,Unknown,USA
13759,Mohammad Bagheri,Unknown,Unknown,USA
13760,Daniel Burns,Unknown,Unknown,Germany
13761,Cory Rock,Unknown,Unknown,USA
13762,Regan Duong,Unknown,Unknown,USA
13763,Linus Goh,Unknown,Unknown,Australia
13764,Juliet Hegedus,Unknown,Unknown,Russia
13765,Felipe Campins,Unknown,Unknown,Spain
13766,Sebastien Aube,Unknown,Unknown,Canada
13767,Gary Benson,Unknown,Unknown,Australia
13768,Anastasiia Knapp,Unknown,Unknown,Ukraine
13769,Nathan Strange,Unknown,Unknown,USA
13770,Anthony Bakri,Unknown,Unknown,Canada
13771,Hannes Wieland Jeschka,Unknown,Unknown,Germany
13772,Rehman Kassam,Unknown,Unknown,New Zealand
13773,JOSHUA JAMES BOULTON,Unknown,Unknown,UK
13774,FAHIR GULER HAN,Unknown,Unknown,UK
13775,Ivan Uzunov,Unknown,Unknown,Bulgaria
13776,Koray Korkmaz,Unknown,Unknown,Turkey
13777,Michael Pettinella,Unknown,Unknown,USA
13778,Joseph Hartman,Unknown,Unknown,USA
13779,Agharazi Babayev,Unknown,Unknown,Azerbaijan
13780,Amritraj Singh,Unknown,Unknown,USA
13781,Jonathan Wang,Unknown,Unknown,USA
13782,Slaven Popov,Unknown,Unknown,Bulgaria
13783,George Wang,Unknown,Unknown,USA
13784,Samuel Wilkinson,Unknown,Unknown,UK
13785,Andrey Pateychuk,Unknown,Unknown,Russia
13786,Brian Andrews,Unknown,Unknown,USA
13787,Stephane Revelly,Unknown,Unknown,France
13788,Matthew Kramer,Unknown,Unknown,USA
13789,Ivan Stankov,Unknown,Unknown,Bulgaria
13790,William Oneal,Unknown,Unknown,USA
13791,Jason Mercier,Unknown,Unknown,USA
13792,Andrew Hawksby,Unknown,Unknown,UK
13793,Lok Chan,Unknown,Unknown,Hong Kong
13794,Laith William Edris,Unknown,Unknown,UK
13795,Timothy Richard Faro,Unknown,Unknown,USA
13796,Jacob Gruny,Unknown,Unknown,USA
13797,Monika Zukowicz,Unknown,Unknown,Poland
13798,Bryan Ponce,Unknown,Unknown,Ecuador
13799,Scot Robinson,Unknown,Unknown,USA
13800,Kyle Montgomery,Unknown,Unknown,USA
13801,Justin Shelton,Unknown,Unknown,USA
13802,DOMENICO GALA,Unknown,Unknown,Italy
13803,Christopher Brian Hunichen,Unknown,Unknown,USA
13804,Michael Ung,Unknown,Unknown,USA
13805,Minh Hoang Nguyen,Unknown,Unknown,USA
13806,Dakota Baggett,Unknown,Unknown,USA
13807,Carlos Enriquez,Unknown,Unknown,USA
13808,Jonathan Wong,Unknown,Unknown,USA
13809,Jared Kingery,Unknown,Unknown,USA
13810,Yinan Zhou,Unknown,Unknown,China
13811,Samuel Stein,Unknown,Unknown,USA
13812,Julien Van Pelt,Unknown,Unknown,Mexico
13813,Tony Ho,Unknown,Unknown,USA
13814,Alvaro Puchol,Unknown,Unknown,Spain
13815,Alejandro Andion,Unknown,Unknown,Argentina
13816,Romulo Dorea,Unknown,Unknown,Brazil
13817,Yingge Yan,Unknown,Unknown,China
13818,Michael Helmut Schulz,Unknown,Unknown,Germany
13819,Samuel Kaplan,Unknown,Unknown,USA
13820,Montgomery Cole,Unknown,Unknown,USA
13821,Nathanial Hutton,Unknown,Unknown,Australia
13822,Corey Zarnoch,Unknown,Unknown,USA
13823,Alex Visbisky,Unknown,Unknown,USA
13824,igor yaroshevskyy,Unknown,Unknown,Ukraine
13825,shunjiro kita,Unknown,Unknown,Japan
13826,Kelvin Andre Brunetto Kerber,Unknown,Unknown,Brazil
13827,Rich Wu,Unknown,Unknown,USA
13828,Emmett King,Unknown,Unknown,USA
13829,Evan Hu,Unknown,Unknown,USA
13830,Steven Ayoub,Unknown,Unknown,USA
13831,Barry Hutter,Unknown,Unknown,USA
13832,Christopher Park,Unknown,Unknown,South Korea
13833,Kyle Lorenz,Unknown,Unknown,USA
13834,Gaetan Balleur,Unknown,Unknown,France
13835,Martin Alcaide,Unknown,Unknown,Bulgaria
13836,Justin - Lee Paskey,Unknown,Unknown,USA
13837,Jeffrey Conroy,Unknown,Unknown,USA
13838,Derek Stark,Unknown,Unknown,USA
13839,Gennadiy Dvosis,Unknown,Unknown,Ukraine
13840,James Koller,Unknown,Unknown,USA
13841,Emery Martindale,Unknown,Unknown,USA
13842,SERGIO AIDO ESPINA,Unknown,Unknown,Mexico
13843,Edgar Martinez,Unknown,Unknown,USA
13844,Rui Pinto Campos,Unknown,Unknown,Portugal
13845,Mario Diaz Quilez,Unknown,Unknown,Spain
13846,CHRISTOS PATRAS,Unknown,Unknown,Greece
13847,Seungjun Noh,Unknown,Unknown,South Korea
13848,Joshua Payne,Unknown,Unknown,USA
13849,Sergii Ulitskyi,Unknown,Unknown,Ukraine
13850,Rui Sousa,Unknown,Unknown,Brazil
13851,JAMIE MALCOLM DALE,Unknown,Unknown,UK
13852,Andrew Watson,Unknown,Unknown,USA
13853,Michael Matusow,Unknown,Unknown,USA
13854,David Coker,Unknown,Unknown,USA
13855,Agustin Naranja,Unknown,Unknown,Argentina
13856,Gevork Ketendjian,Unknown,Unknown,USA
13857,Sean Rafael,Unknown,Unknown,USA
13858,Linglin Zeng,Unknown,Unknown,China
13859,Kurt Jewell,Unknown,Unknown,USA
13860,Chase Bricker,Unknown,Unknown,USA
13861,Sean Downs,Unknown,Unknown,USA
13862,Chad Cook,Unknown,Unknown,USA
13863,Curtis Kowalk,Unknown,Unknown,USA
13864,Jonah Silverstein,Unknown,Unknown,Malta
13865,William Jia,Unknown,Unknown,Australia
13866,Michael Hollenberg,Unknown,Unknown,USA
13867,Sylwia Studniarz,Unknown,Unknown,Poland
13868,Jordan Rapoport,Unknown,Unknown,USA
13869,NIKOLAOS LAMPROPOULOS,Unknown,Unknown,Bulgaria
13870,Ryan Depol,Unknown,Unknown,USA
13871,Lawrence Meldman,Unknown,Unknown,USA
13872,David Jackson,Unknown,Unknown,USA
13873,Erick Wright,Unknown,Unknown,USA
13874,Dustin Iannotti,Unknown,Unknown,USA
13875,Roeland Frederik Peeks,Unknown,Unknown,Netherlands
13876,Jesus Martinez,Unknown,Unknown,USA
13877,Guillaume Genin,Unknown,Unknown,Belgium
13878,Jesse Rivera,Unknown,Unknown,USA
13879,Bin Ling,Unknown,Unknown,USA
13880,Jeffrey Gilmore,Unknown,Unknown,USA
13881,Chris Heald,Unknown,Unknown,USA
13882,Joshua Arieh,Unknown,Unknown,USA
13883,John Malvasio,Unknown,Unknown,USA
13884,Craig Welko,Unknown,Unknown,South Korea
13885,Sebastian Pauli,Unknown,Unknown,Germany
13886,Eirik Bjorbak,Unknown,Unknown,Norway
13887,Joshua Suyat,Unknown,Unknown,USA
13888,Per Alfred Karlsson,Unknown,Unknown,Sweden
13889,David Mclaws,Unknown,Unknown,USA
13890,Eben Ham,Unknown,Unknown,USA
13891,Nicholas Verdugo,Unknown,Unknown,USA
13892,Giorgos Onisiforou,Unknown,Unknown,Cyprus
13893,Jack Francis Corrigan,Unknown,Unknown,Austria
13894,Maksim Mutalapov,Unknown,Unknown,Russia
13895,Ryan Harris,Unknown,Unknown,USA
13896,Albert Gorelik,Unknown,Unknown,USA
13897,Philippe Noble,Unknown,Unknown,France
13898,SaiJiao Dong,Unknown,Unknown,USA
13899,Jeffrey Kenny,Unknown,Unknown,USA
13900,Alan Anibal Arbos Fernandez,Unknown,Unknown,Spain
13901,Arun Sharma,Unknown,Unknown,USA
13902,Liviu-Rodrig Bartha,Unknown,Unknown,Romania
13903,Vikas Sondhi,Unknown,Unknown,USA
13904,Jason Hickey,Unknown,Unknown,USA
13905,Andriy Lyubovetskiy,Unknown,Unknown,Ukraine
13906,Benedetto Bianco,Unknown,Unknown,USA
13907,Christopher James Whitaker,Unknown,Unknown,UK
13908,Matthew Matros,Unknown,Unknown,USA
13909,Antonio Galiana Ortega,Unknown,Unknown,Spain
13910,Francis Cruz,Unknown,Unknown,Dominican Republic
13911,Ilya Nikiforov,Unknown,Unknown,Estonia
13912,Derek Lee,Unknown,Unknown,USA
13913,Stephen Jaeger,Unknown,Unknown,USA
13914,Justin Zaki,Unknown,Unknown,USA
13915,Hao-Shan Huang,Unknown,Unknown,Taiwan
13916,Nikolay Ponomarev,Unknown,Unknown,UK
13917,David Fuss,Unknown,Unknown,USA
13918,John Gross,Unknown,Unknown,USA
13919,Wenxin Huang,Unknown,Unknown,USA
13920,Bradley Harris,Unknown,Unknown,USA
13921,sergei kislinskii,Unknown,Unknown,Russia
13922,Evaldas Aniulis,Unknown,Unknown,Lithuania
13923,Kotaro Shoda,Unknown,Unknown,Japan
13924,Benjamin Leblond,Unknown,Unknown,Canada
13925,Gianluca Cabitza,Unknown,Unknown,Italy
13926,Jeremie Sarda,Unknown,Unknown,France
13927,Peter Columbia,Unknown,Unknown,USA
13928,Thomas Gabriel,Unknown,Unknown,USA
13929,William R Brindise,Unknown,Unknown,USA
13930,Boutros Awad,Unknown,Unknown,UK
13931,Dmitriy Strunin,Unknown,Unknown,USA
13932,Christian Bonn,Unknown,Unknown,USA
13933,JOHN ROBIN Alders,Unknown,Unknown,Netherlands
13934,Hong Zou,Unknown,Unknown,USA
13935,Jacob Phillips,Unknown,Unknown,USA
13936,Ramzi Karam,Unknown,Unknown,Lebanon
13937,Antonio Saez,Unknown,Unknown,Spain
13938,Bruce Peery,Unknown,Unknown,USA
13939,Francis Kelly,Unknown,Unknown,USA
13940,Kevin Javier,Unknown,Unknown,Canada
13941,Ronald Sincere,Unknown,Unknown,USA
13942,Daryn Brush,Unknown,Unknown,USA
13943,Steve Heim,Unknown,Unknown,USA
13944,Kevin Manley,Unknown,Unknown,USA
13945,Robert Beall,Unknown,Unknown,USA
13946,emmanouil chalkiotis,Unknown,Unknown,Greece
13947,Zhou Lin,Unknown,Unknown,China
13948,Tyler Hancock,Unknown,Unknown,USA
13949,James Farrelly,Unknown,Unknown,USA
13950,Kanishka Upreti,Unknown,Unknown,India
13951,Nathan Gorman,Unknown,Unknown,USA
13952,Alan Percal,Unknown,Unknown,USA
13953,Deven Lane,Unknown,Unknown,Canada
13954,Andre Pereira Galvao,Unknown,Unknown,USA
13955,Timothy Cramer,Unknown,Unknown,USA
13956,samuel bernabeu,Unknown,Unknown,Spain
13957,Brian Hartner,Unknown,Unknown,USA
13958,Fernando Gutierrez Alfonso,Unknown,Unknown,Colombia
13959,Eric Worre,Unknown,Unknown,USA
13960,Paul Lee,Unknown,Unknown,USA
13961,Prahlad Friedman,Unknown,Unknown,USA
13962,Carmen Raiche-Marsden,Unknown,Unknown,Canada
13963,Kevin Grabel,Unknown,Unknown,USA
13964,Luca-Vlad Vlasceanu,Unknown,Unknown,Romania
13965,Richard Sheils,Unknown,Unknown,UK
13966,Miki Vea,Unknown,Unknown,Spain
13967,Masato Yokosawa,Unknown,Unknown,Japan
13968,Rodrigo Garrido Portaleoni,Unknown,Unknown,Brazil
13969,Ghadi Akari,Unknown,Unknown,USA
13970,Michael Baldwin,Unknown,Unknown,USA
13971,Jonathan Steitz,Unknown,Unknown,USA
13972,Ryan Stiner,Unknown,Unknown,USA
13973,jody evans,Unknown,Unknown,Canada
13974,Daniel Yang,Unknown,Unknown,Taiwan
13975,Craig Sturdivant,Unknown,Unknown,USA
13976,Naor Slobodskoy,Unknown,Unknown,USA
13977,Kathryn Lindsay,Unknown,Unknown,USA
13978,Tyler Kolness,Unknown,Unknown,USA
13979,Justin Smith,Unknown,Unknown,USA
13980,Samuel Roussy-Majeau,Unknown,Unknown,Canada
13981,Ryan Robinson,Unknown,Unknown,USA
13982,Joseph Beasy,Unknown,Unknown,USA
13983,Jon Seaman,Unknown,Unknown,USA
13984,KEVIN DAVID WILLIAMS,Unknown,Unknown,UK
13985,Nikolay Fal,Unknown,Unknown,Russia
13986,Richard Guzzo,Unknown,Unknown,USA
13987,Takehiko Nakajima,Unknown,Unknown,Japan
13988,Steven Dobrofsky,Unknown,Unknown,USA
13989,Asko Muratovic,Unknown,Unknown,Austria
13990,Daniel John Neilson,Unknown,Unknown,Australia
13991,Ilya Rogov,Unknown,Unknown,Israel
13992,Scott Lazar,Unknown,Unknown,USA
13993,John Frank,Unknown,Unknown,USA
13994,Dash Dudley,Unknown,Unknown,USA
13995,ANTONIOS KOUKOURAS,Unknown,Unknown,Cyprus
13996,Aaron Stefan,Unknown,Unknown,USA
13997,Aaron Ogus,Unknown,Unknown,USA
13998,Yosef Negussie,Unknown,Unknown,USA
13999,Jeffrey Dasilva,Unknown,Unknown,USA
14000,Adam Cader,Unknown,Unknown,Canada
14001,Mark Rubbathan,Unknown,Unknown,UK
14002,David Rohm,Unknown,Unknown,USA
14003,Brian Ross Nachman,Unknown,Unknown,USA
14004,Robert Gentile,Unknown,Unknown,USA
14005,Shigui Liang,Unknown,Unknown,USA
14006,Trent Johnson,Unknown,Unknown,USA
14007,Alex Yen,Unknown,Unknown,Mexico
14008,Stanislav Barshak,Unknown,Unknown,USA
14009,James Gilbert,Unknown,Unknown,Canada
14010,Kenneth Lin,Unknown,Unknown,USA
14011,Nicholas Naughton,Unknown,Unknown,USA
14012,William Chevrie,Unknown,Unknown,USA
14013,Henry Monness,Unknown,Unknown,USA
14014,Justin Belforti,Unknown,Unknown,USA
14015,Valentin Antoine,Unknown,Unknown,France
14016,Mark Bayly,Unknown,Unknown,USA
14017,Li Zhang,Unknown,Unknown,China
14018,James Obst,Unknown,Unknown,Australia
14019,Kiyokazu Okamoto,Unknown,Unknown,Japan
14020,Amir Kaikhah,Unknown,Unknown,USA
14021,John Major,Unknown,Unknown,USA
14022,Dusty Ross,Unknown,Unknown,USA
14023,Tobias Christof Weddig,Unknown,Unknown,Germany
14024,Sara Ralston,Unknown,Unknown,USA
14025,Linyang Song,Unknown,Unknown,Canada
14026,Sanchez Gervin,Unknown,Unknown,Philippines
14027,Thomas Fuller,Unknown,Unknown,USA
14028,Andrew Dakoski,Unknown,Unknown,USA
14029,Peter Bobro,Unknown,Unknown,USA
14030,Michael Tyler,Unknown,Unknown,Canada
14031,Franklin Azevedo,Unknown,Unknown,USA
14032,James Mackenzie,Unknown,Unknown,Slovenia
14033,Pedro Doro,Unknown,Unknown,Brazil
14034,Michael Prosansky,Unknown,Unknown,USA
14035,Maria Gonzalez,Unknown,Unknown,Spain
14036,Anthony Bertuzzi,Unknown,Unknown,USA
14037,Masanori Izu,Unknown,Unknown,Japan
14038,Go Ikeda,Unknown,Unknown,Japan
14039,Ray Medlin,Unknown,Unknown,USA
14040,Jason Sagle,Unknown,Unknown,Canada
14041,Yoshihiro Morita,Unknown,Unknown,Japan
14042,Bradley Stockdale,Unknown,Unknown,USA
14043,Donald Landwirth,Unknown,Unknown,USA
14044,Goasdoue Alan,Unknown,Unknown,Morocco
14045,Terrance Reid,Unknown,Unknown,USA
14046,Colin Kim,Unknown,Unknown,USA
14047,Jarod Ludemann,Unknown,Unknown,USA
14048,Jason Zipfel,Unknown,Unknown,USA
14049,Alban Fourcin,Unknown,Unknown,Andorra
14050,Joseph Gao,Unknown,Unknown,Canada
14051,Sean Legendre,Unknown,Unknown,USA
14052,Clifford Miller,Unknown,Unknown,USA
14053,Stefan Dimitrov Bratanov,Unknown,Unknown,UK
14054,Kenneth Garen,Unknown,Unknown,USA
14055,Alexandru Vasilescu,Unknown,Unknown,USA
14056,Derek Schroeder,Unknown,Unknown,USA
14057,Pamela Goletz,Unknown,Unknown,USA
14058,Seymour Ogeare,Unknown,Unknown,USA
14059,Michael Sklenicka,Unknown,Unknown,Czechia
14060,Brian Nerney,Unknown,Unknown,USA
14061,Leandro Tondato,Unknown,Unknown,Brazil
14062,hongru zhang,Unknown,Unknown,China
14063,Niall Costigan,Unknown,Unknown,Ireland
14064,Keith Morgan,Unknown,Unknown,USA
14065,Simon Burns,Unknown,Unknown,UK
14066,Dogan Aydos,Unknown,Unknown,Canada
14067,Michael Cannon,Unknown,Unknown,USA
14068,William Looper,Unknown,Unknown,USA
14069,Delmiro Toledo,Unknown,Unknown,USA
14070,Radwan Khuri,Unknown,Unknown,USA
14071,David Cabrera Polop,Unknown,Unknown,Spain
14072,Shane Hicks,Unknown,Unknown,New Zealand
14073,Or Hadad,Unknown,Unknown,Israel
14074,Kingsley Leung,Unknown,Unknown,Hong Kong
14075,Oleksii Ievchenko,Unknown,Unknown,Ukraine
14076,Zachary Nicholls,Unknown,Unknown,Canada
14077,Craig Howard Pollak,Unknown,Unknown,USA
14078,Jared Griener,Unknown,Unknown,USA
14079,Barbara Cardin,Unknown,Unknown,USA
14080,Mark Brodsky,Unknown,Unknown,USA
14081,Joseph Creekmore,Unknown,Unknown,USA
14082,CHRISTOPHER JOHN WOOD,Unknown,Unknown,UK
14083,Randall Lack,Unknown,Unknown,USA
14084,Yu Liu,Unknown,Unknown,Canada
14085,Kyle Babcock,Unknown,Unknown,USA
14086,Huabao Chen,Unknown,Unknown,USA
14087,Jack Bittker,Unknown,Unknown,USA
14088,Daniel Hirose,Unknown,Unknown,USA
14089,Timothy Duckworth,Unknown,Unknown,Australia
14090,Florian Gaugusch,Unknown,Unknown,Austria
14091,Alexandros Theologis,Unknown,Unknown,Greece
14092,AARON RIVERO DALY,Unknown,Unknown,Spain
14093,Max Angelo Pinnola,Unknown,Unknown,USA
14094,Nilton Barbosa,Unknown,Unknown,Brazil
14095,Jeremiah Williams,Unknown,Unknown,USA
14096,Harlan Karnofsky,Unknown,Unknown,USA
14097,Ange Besnainou,Unknown,Unknown,France
14098,Samantha Abernathy,Unknown,Unknown,Andorra
14099,Sean Hegarty,Unknown,Unknown,USA
14100,Gabriel Cristian Schroeder,Unknown,Unknown,Brazil
14101,Robert Capote,Unknown,Unknown,USA
14102,Kaito Mori,Unknown,Unknown,Japan
14103,Charles Comeaux,Unknown,Unknown,USA
14104,Farzad Bonyadi,Unknown,Unknown,USA
14105,Ira Greenstein,Unknown,Unknown,USA
14106,Max Mowzoon,Unknown,Unknown,USA
14107,Julian Parmann,Unknown,Unknown,USA
14108,Hajime Watanabe,Unknown,Unknown,Japan
14109,Jonathan Aguiar,Unknown,Unknown,USA
14110,Arthur Peacock,Unknown,Unknown,USA
14111,CRISTIAN DAVID,Unknown,Unknown,Romania
14112,Ruslan Gazaev,Unknown,Unknown,Russia
14113,Daniel Martin,Unknown,Unknown,USA
14114,Julian Eibel,Unknown,Unknown,Germany
14115,Naveen Kumar Sama,Unknown,Unknown,India
14116,Thomas Ross,Unknown,Unknown,UK
14117,Dean Stuart Lyall,Unknown,Unknown,UK
14118,Charles Eichner,Unknown,Unknown,Austria
14119,Jacob Bazeley,Unknown,Unknown,USA
14120,Aleksandr Shevliakov,Unknown,Unknown,Slovenia
14121,Pedro Filipe Cabeca,Unknown,Unknown,Portugal
14122,Константин Пучков,Unknown,Unknown,Russia
14123,Greg Ostrander,Unknown,Unknown,USA
14124,Thomas Koral,Unknown,Unknown,USA
14125,Scott Baumstein,Unknown,Unknown,USA
14126,Stephen Lee,Unknown,Unknown,USA
14127,Stan Sinclair,Unknown,Unknown,USA
14128,AAAAAAAAAAAAAARyoji AAAAAAAAAAAAAAAAAAKusumoto,Unknown,Unknown,Japan
14129,Darren S Elias,Unknown,Unknown,USA
14130,Benjamin Duronio,Unknown,Unknown,USA
14131,Connor Drinan,Unknown,Unknown,USA
14132,Konstantin Generalov,Unknown,Unknown,Russia
14133,Jorge Ufano Pardo,Unknown,Unknown,Ireland
14134,Artem Metalidi,Unknown,Unknown,Ukraine
14135,Ewen Loick Victor Trevidy,Unknown,Unknown,UK
14136,Jason Cohen,Unknown,Unknown,USA
14137,Loni Harwood,Unknown,Unknown,USA
14138,Kyle Minnes Scott,Unknown,Unknown,UK
14139,Thomas Barry,Unknown,Unknown,USA
14140,Norman Michalek,Unknown,Unknown,USA
14141,Alec Magdan,Unknown,Unknown,USA
14142,Vamsi Magam,Unknown,Unknown,USA
14143,Cornelius Walker,Unknown,Unknown,USA
14144,Joseph Ermatinger,Unknown,Unknown,USA
14145,Calen Mcneil,Unknown,Unknown,Canada
14146,Tanith Rothman,Unknown,Unknown,South Africa
14147,Nicholas Zappala,Unknown,Unknown,USA
14148,Manas Gandhi,Unknown,Unknown,USA
14149,Brock Thrasher,Unknown,Unknown,USA
14150,Athanasios Asvestas,Unknown,Unknown,Greece
14151,Dylan Linde,Unknown,Unknown,USA
14152,Jon Hoellein,Unknown,Unknown,USA
14153,Nier Shapiro,Unknown,Unknown,Canada
14154,Mauro Suriano,Unknown,Unknown,Germany
14155,Ryan Grant,Unknown,Unknown,USA
14156,Adam Krosser,Unknown,Unknown,USA
14157,Jordan Mazer,Unknown,Unknown,USA
14158,Joseph Krasner,Unknown,Unknown,USA
14159,Matthew Hunt,Unknown,Unknown,USA
14160,Michael Blanovsky,Unknown,Unknown,USA
14161,Gabriel Paul,Unknown,Unknown,USA
14162,Dennis Backhaus,Unknown,Unknown,USA
14163,John Marlowe,Unknown,Unknown,USA
14164,James Paul Atkin,Unknown,Unknown,UK
14165,Kevin Patterson,Unknown,Unknown,USA
14166,Andrew Yurchak,Unknown,Unknown,USA
14167,Roie Sheskin,Unknown,Unknown,Israel
14168,Qiang Wang,Unknown,Unknown,China
14169,Girish Shahane,Unknown,Unknown,India
14170,Jordan McAllister,Unknown,Unknown,Canada
14171,Craig Sloan,Unknown,Unknown,USA
14172,Alon Messica,Unknown,Unknown,Canada
14173,Kilian Kramer,Unknown,Unknown,Austria
14174,Adria Diaz Dalmau,Unknown,Unknown,Spain
14175,yuriy kudrynskyy,Unknown,Unknown,Ukraine
14176,Jaspal Singh Brar,Unknown,Unknown,Canada
14177,Larry Ormson,Unknown,Unknown,USA
14178,Jiandong Xu,Unknown,Unknown,Hong Kong
14179,Felipe Davila,Unknown,Unknown,Peru
14180,Samuel Choae,Unknown,Unknown,USA
14181,Jamie Walden,Unknown,Unknown,UK
14182,Blake Barousse,Unknown,Unknown,USA
14183,Graham Mathews,Unknown,Unknown,USA
14184,Gregory Passa,Unknown,Unknown,USA
14185,Chad Awerbuch,Unknown,Unknown,Australia
14186,Michael Welch,Unknown,Unknown,USA
14187,Tiffany Wong,Unknown,Unknown,USA
14188,Wagner Wellington Ripper,Unknown,Unknown,Brazil
14189,harsukhpaul sangha,Unknown,Unknown,Canada
14190,David Sathue,Unknown,Unknown,USA
14191,John Gonzalez,Unknown,Unknown,USA
14192,Jonathan Thomas,Unknown,Unknown,USA
14193,Joel Shackelford,Unknown,Unknown,USA
14194,Narongsak Dhanjaichon,Unknown,Unknown,USA
14195,Jamie Vincent Harding,Unknown,Unknown,UK
14196,Jose Manuel Nadal,Unknown,Unknown,Spain
14197,David Hipperson,Unknown,Unknown,USA
14198,Brian Battistone,Unknown,Unknown,USA
14199,Sean Hoesing,Unknown,Unknown,USA
14200,Elena Shapovalova,Unknown,Unknown,Sweden
14201,Vicente Andres Julia,Unknown,Unknown,Spain
14202,Robert Van Houghton Jr.,Unknown,Unknown,USA
14203,Stephane Roux,Unknown,Unknown,France
14204,Ryan Torgersen,Unknown,Unknown,USA
14205,Bryan Frantz,Unknown,Unknown,USA
14206,Matthew Davis,Unknown,Unknown,USA
14207,Pavels Spirins,Unknown,Unknown,Latvia
14208,Jean-Serge Baril,Unknown,Unknown,Canada
14209,Adam Greenberg,Unknown,Unknown,USA
14210,Ashley Frank,Unknown,Unknown,USA
14211,Qing Lu,Unknown,Unknown,USA
14212,Johnny Landreth,Unknown,Unknown,USA
14213,Craig Waikem,Unknown,Unknown,USA
14214,Landon Avery Tice,Unknown,Unknown,Canada
14215,Casey Hatmaker,Unknown,Unknown,USA
14216,Valerie Novak,Unknown,Unknown,USA
14217,Robert Mclaughlin,Unknown,Unknown,USA
14218,David Kurtz,Unknown,Unknown,USA
14219,Nenad Cvetkovic,Unknown,Unknown,Serbia
14220,Gareth John Devereux,Unknown,Unknown,UK
14221,Roman Kagan,Unknown,Unknown,Israel
14222,Richard Rice,Unknown,Unknown,USA
14223,Tarmo Tammel,Unknown,Unknown,Estonia
14224,Felix Vandeput,Unknown,Unknown,Belgium
14225,Jonathan Kadish,Unknown,Unknown,USA
14226,Anthony Santangelo,Unknown,Unknown,USA
14227,hisashi yamanouchi,Unknown,Unknown,Japan
14228,Tyler Mitchell,Unknown,Unknown,USA
14229,Jacob Thibodeau,Unknown,Unknown,USA
14230,Gang Hong,Unknown,Unknown,China
14231,Arman Bolouri,Unknown,Unknown,USA
14232,Alan Ho,Unknown,Unknown,USA
14233,Gustavo Cocco Barbero,Unknown,Unknown,Argentina
14234,Steven Merwin,Unknown,Unknown,USA
14235,Isaac Rodgin,Unknown,Unknown,Puerto Rico
14236,Nan Li,Unknown,Unknown,USA
14237,Peter Kelly,Unknown,Unknown,USA
14238,RAMON MIQUEL MUNOZ,Unknown,Unknown,Spain
14239,Valentin Messina,Unknown,Unknown,Mexico
14240,Jerome Dumayet,Unknown,Unknown,France
14241,Daniel Gordon,Unknown,Unknown,USA
14242,Lorenzo Santos Rodriguez,Unknown,Unknown,Spain
14243,Nenad Medic,Unknown,Unknown,USA
14244,Paul De Leon,Unknown,Unknown,Mexico
14245,Vanessa Kade,Unknown,Unknown,Canada
14246,Deborah Nance,Unknown,Unknown,USA
14247,Joshua Rothberg,Unknown,Unknown,USA
14248,San Kim,Unknown,Unknown,USA
14249,Michael Rangel,Unknown,Unknown,USA
14250,Brandon Merrill,Unknown,Unknown,Colombia
14251,Antoine Labat,Unknown,Unknown,Luxembourg
14252,Alexander Ziskin,Unknown,Unknown,USA
14253,John Auville,Unknown,Unknown,USA
14254,Kevin Kelso,Unknown,Unknown,Canada
14255,Wietse Hasper,Unknown,Unknown,Netherlands
14256,David Sheinin,Unknown,Unknown,USA
14257,Ignacio Tartaglia,Unknown,Unknown,Argentina
14258,Robert Spano,Unknown,Unknown,Australia
14259,Alcides Gomez,Unknown,Unknown,USA
14260,William Leffingwell,Unknown,Unknown,USA
14261,Davis Harari,Unknown,Unknown,USA
14262,pedro ingles garcia,Unknown,Unknown,Spain
14263,Dominic Fathy,Unknown,Unknown,USA
14264,Michael Liang,Unknown,Unknown,USA
14265,Scott Matte,Unknown,Unknown,USA
14266,Thomas Werthmann,Unknown,Unknown,USA
14267,Ari Shin,Unknown,Unknown,USA
14268,Tamas Lendvai,Unknown,Unknown,Hungary
14269,Paul Sokoloff,Unknown,Unknown,UK
14270,John Reading,Unknown,Unknown,USA
14271,Andriy Kovalchuk,Unknown,Unknown,USA
14272,Stefan Ott,Unknown,Unknown,Germany
14273,Anderson Almonte,Unknown,Unknown,USA
14274,Paul Zappulla,Unknown,Unknown,USA
14275,Meng-Ling Lin,Unknown,Unknown,Taiwan
14276,Michael Marder,Unknown,Unknown,USA
14277,Eugene Doherty,Unknown,Unknown,USA
14278,James Hurley,Unknown,Unknown,USA
14279,Robert Bugatto,Unknown,Unknown,USA
14280,Stephane Viget,Unknown,Unknown,France
14281,Samuel Goodman,Unknown,Unknown,UK
14282,Tianyi Ma,Unknown,Unknown,China
14283,Martins Adetokunbo Adeniya,Unknown,Unknown,UK
14284,Dawn Lucarelli,Unknown,Unknown,USA
14285,Clement Meunier,Unknown,Unknown,France
14286,Gary Otake,Unknown,Unknown,USA
14287,matti Armand Alexandru,Unknown,Unknown,Romania
14288,Nathan Ivarsen,Unknown,Unknown,USA
14289,Ryutaro Suzuki,Unknown,Unknown,Japan
14290,Richard Scardina,Unknown,Unknown,USA
14291,Surminder Singh,Unknown,Unknown,USA
14292,Benjamin Souriau,Unknown,Unknown,France
14293,Oliver Fink,Unknown,Unknown,USA
14294,Jeffery Kohlmann,Unknown,Unknown,USA
14295,Randolph Martinez,Unknown,Unknown,USA
14296,Brett Mccollum,Unknown,Unknown,USA
14297,Harold Rosenthal,Unknown,Unknown,USA
14298,Rudy Halim,Unknown,Unknown,Indonesia
14299,Hyung Sun Jung,Unknown,Unknown,South Korea
14300,Jason Clarke,Unknown,Unknown,Canada
14301,Christopher Scholes,Unknown,Unknown,UK
14302,Martin Finger,Unknown,Unknown,Singapore
14303,Jiyang Gan,Unknown,Unknown,China
14304,Paul Julian Ephremsen,Unknown,Unknown,UK
14305,Kenneth Der,Unknown,Unknown,Canada
14306,David Oppenheim,Unknown,Unknown,USA
14307,Bradley Pollard,Unknown,Unknown,USA
14308,Vincent Giuliano,Unknown,Unknown,USA
14309,Ryuta Ichinose,Unknown,Unknown,Japan
14310,Brian Opyrchal,Unknown,Unknown,USA
14311,Fabrizio Nolano,Unknown,Unknown,Italy
14312,Kevin Kernan,Unknown,Unknown,USA
14313,michele saccani,Unknown,Unknown,Italy
14314,Mario Rodriguez,Unknown,Unknown,Puerto Rico
14315,Kyle Ravreby,Unknown,Unknown,USA
14316,Charbel Azzi,Unknown,Unknown,USA
14317,Jeffrey Mahoney,Unknown,Unknown,Canada
14318,Hye Park,Unknown,Unknown,USA
14319,Victor Vo,Unknown,Unknown,USA
14320,Ricard Gonzalez,Unknown,Unknown,Germany
14321,Iddo Feinberg,Unknown,Unknown,Israel
14322,Ernest Ward,Unknown,Unknown,USA
14323,Kenneth Daciolas,Unknown,Unknown,USA
14324,Bryan Leskowitz,Unknown,Unknown,USA
14325,Artem Ryabov,Unknown,Unknown,Russia
14326,Marijan Rankic,Unknown,Unknown,Slovenia
14327,Taku Furuse,Unknown,Unknown,Japan
14328,Hiren Patel,Unknown,Unknown,USA
14329,James Paul Rann,Unknown,Unknown,UK
14330,Erik Lemarquand,Unknown,Unknown,Canada
14331,Carl Wichkoski,Unknown,Unknown,USA
14332,Brendon Kaufman,Unknown,Unknown,USA
14333,David Ballestero Alvarez,Unknown,Unknown,Spain
14334,Robin Berggren,Unknown,Unknown,Sweden
14335,Alex Whitenstall,Unknown,Unknown,UK
14336,Cory Cove,Unknown,Unknown,USA
14337,Richard Ali,Unknown,Unknown,USA
14338,Yongqing Yuan,Unknown,Unknown,China
14339,Caetano Ramos,Unknown,Unknown,Brazil
14340,Richard Reisman,Unknown,Unknown,USA
14341,Corey Wick,Unknown,Unknown,USA
14342,Samantha Cohen,Unknown,Unknown,USA
14343,Scott Vener,Unknown,Unknown,USA
14344,Christophe Pommier,Unknown,Unknown,France
14345,Travis Preng,Unknown,Unknown,USA
14346,Corey Tigner,Unknown,Unknown,USA
14347,James Kramer,Unknown,Unknown,USA
14348,Elio Osvaldo Comelli,Unknown,Unknown,Argentina
14349,John Evans,Unknown,Unknown,Canada
14350,Jeremy Wien,Unknown,Unknown,USA
14351,Nicolas Maniable,Unknown,Unknown,France
14352,Joshua Dubinsky,Unknown,Unknown,USA
14353,Gary Floyd,Unknown,Unknown,USA
14354,Semsettin Ilyas,Unknown,Unknown,USA
14355,Lou Ojeda,Unknown,Unknown,USA
14356,Aram Oganyan,Unknown,Unknown,USA
14357,Anthony Zinno,Unknown,Unknown,USA
14358,Russell Sartin,Unknown,Unknown,USA
14359,Robert Rounsfull,Unknown,Unknown,USA
14360,Peter Rühmer,Unknown,Unknown,Germany
14361,Roman Hrabec,Unknown,Unknown,Czechia
14362,Gerry Fordham,Unknown,Unknown,USA
14363,Daniel Allen,Unknown,Unknown,USA
14364,Ivan Sheptytskyi,Unknown,Unknown,Ukraine
14365,Nicolas Matias Betbese,Unknown,Unknown,Spain
14366,Siarhei Chudapal,Unknown,Unknown,Belarus
14367,Soma Leo,Unknown,Unknown,Unknown
14368,Laura Born,Unknown,Unknown,USA
14369,Edward Hughes,Unknown,Unknown,USA
14370,Evan Biscow,Unknown,Unknown,USA
14371,Jason Wong,Unknown,Unknown,UK
14372,Alessandro Minasi,Unknown,Unknown,Italy
14373,CHRISTOS XANTHOPOULOS,Unknown,Unknown,Malta
14374,Vlad Suciu,Unknown,Unknown,Romania
14375,Shohei Isaka,Unknown,Unknown,Japan
14376,Andrey Marsavin,Unknown,Unknown,USA
14377,Soichiro Hayashi,Unknown,Unknown,Japan
14378,Jacob Estep,Unknown,Unknown,USA
14379,Loic Debregeas,Unknown,Unknown,Mexico
14380,larry hirschfield,Unknown,Unknown,Bahamas
14381,Patrick Steele,Unknown,Unknown,USA
14382,Ricardo Alvarado,Unknown,Unknown,USA
14383,Shi Chen,Unknown,Unknown,USA
14384,Longxiang Wang,Unknown,Unknown,USA
14385,Darius Samual,Unknown,Unknown,UK
14386,Stephen Lardner,Unknown,Unknown,USA
14387,Ty Ho,Unknown,Unknown,USA
14388,Andy Slaughter,Unknown,Unknown,USA
14389,Ruman Meman,Unknown,Unknown,USA
14390,Charles Papandreou,Unknown,Unknown,USA
14391,Christopher Nunes,Unknown,Unknown,USA
14392,Henry Gingerich,Unknown,Unknown,USA
14393,Michael Caputo,Unknown,Unknown,USA
14394,Feng Huang,Unknown,Unknown,China
14395,Adrien David Herve Guyader,Unknown,Unknown,France
14396,Karen Adams,Unknown,Unknown,USA
14397,Jason Gooch,Unknown,Unknown,USA
14398,Jakub Michalak,Unknown,Unknown,Poland
14399,Joshua James Zucchet,Unknown,Unknown,Canada
14400,Nikhil Gera,Unknown,Unknown,USA
14401,Brian Carraher,Unknown,Unknown,USA
14402,Alvaro Ramajo Rodriguez,Unknown,Unknown,Spain
14403,Vadzim Lipauka,Unknown,Unknown,Belarus
14404,Tomas Vaskunas,Unknown,Unknown,Lithuania
14405,Ariel Celestino,Unknown,Unknown,Brazil
14406,Kambiz Zamani,Unknown,Unknown,USA
14407,Ryan Mcallister,Unknown,Unknown,USA
14408,antoine sankari,Unknown,Unknown,Canada
14409,Nicolas Merceron,Unknown,Unknown,France
14410,Sunny So,Unknown,Unknown,USA
14411,Ian Pelz,Unknown,Unknown,USA
14412,Riva Noches Reyes Arthur,Unknown,Unknown,USA
14413,Joshua Quint,Unknown,Unknown,USA
14414,Erik Carvalho,Unknown,Unknown,USA
14415,Reagan Silber,Unknown,Unknown,USA
14416,Emi Oike,Unknown,Unknown,Japan
14417,RYOH HASEGAWA,Unknown,Unknown,Kenya
14418,Christopher Lastiwka,Unknown,Unknown,Canada
14419,Billy Sharrak,Unknown,Unknown,USA
14420,Daniel Eichhorn,Unknown,Unknown,USA
14421,Ertem Osmanoglu,Unknown,Unknown,USA
14422,Boris Kolev,Unknown,Unknown,Bulgaria
14423,Joseph Kuether,Unknown,Unknown,USA
14424,Hamid Mezhoud,Unknown,Unknown,Algeria
14425,Tyler Huculak,Unknown,Unknown,USA
14426,Eric Siegel,Unknown,Unknown,USA
14427,David Pote,Unknown,Unknown,USA
14428,Christian William Steven Harder,Unknown,Unknown,USA
14429,Mark Swartz,Unknown,Unknown,USA
14430,Yoon Choi,Unknown,Unknown,USA
14431,Payman Taheri,Unknown,Unknown,USA
14432,Loren Weiss,Unknown,Unknown,USA
14433,Matt Souza,Unknown,Unknown,USA
14434,Mark Villegas,Unknown,Unknown,USA
14435,Rentaro Matsumoto,Unknown,Unknown,Japan
14436,Anthony Marquez,Unknown,Unknown,USA
14437,Dan Spataru,Unknown,Unknown,UK
14438,Samuel Bauchert,Unknown,Unknown,USA
14439,jordyn miller,Unknown,Unknown,USA
14440,Vaughn Michaud,Unknown,Unknown,USA
14441,James Casement,Unknown,Unknown,USA
14442,ivaylo panev,Unknown,Unknown,Bulgaria
14443,Sam Rayburn,Unknown,Unknown,USA
14444,Sean Grimes,Unknown,Unknown,USA
14445,Pedro Rodriguez,Unknown,Unknown,USA
14446,Viet Vo,Unknown,Unknown,USA
14447,Nicholas Eastwood,Unknown,Unknown,UK
14448,Shamica Lamar,Unknown,Unknown,USA
14449,Sharath Maddur,Unknown,Unknown,Canada
14450,Peter Mugar,Unknown,Unknown,USA
14451,Jose Manuel Lesta,Unknown,Unknown,Argentina
14452,Bahar Musa,Unknown,Unknown,Bulgaria
14453,Simon Britton,Unknown,Unknown,USA
14454,Stanislav Halatenko,Unknown,Unknown,Ukraine
14455,Ricardo Zamora,Unknown,Unknown,Costa Rica
14456,Michael Avdee,Unknown,Unknown,USA
14457,Louis Barlow,Unknown,Unknown,USA
14458,Yannik Hofmann,Unknown,Unknown,Austria
14459,Bawoo Yun,Unknown,Unknown,South Korea
14460,Timur Margolin,Unknown,Unknown,Israel
14461,Honghao Shi,Unknown,Unknown,USA
14462,Justin Munoz,Unknown,Unknown,USA
14463,Masayuki Murata,Unknown,Unknown,Japan
14464,Walan Kite,Unknown,Unknown,USA
14465,Jae Lee,Unknown,Unknown,USA
14466,rikiya jinbo,Unknown,Unknown,Japan
14467,Philip Laak,Unknown,Unknown,USA
14468,Matthew McEwan,Unknown,Unknown,Mexico
14469,Patrick Liang,Unknown,Unknown,Taiwan
14470,ERIC PUTALLAZ,Unknown,Unknown,Switzerland
14471,Michael Walsh,Unknown,Unknown,USA
14472,Karsen Mitsche,Unknown,Unknown,USA
14473,Natalie Ferguson,Unknown,Unknown,USA
14474,Mihai Emil ISAR,Unknown,Unknown,Romania
14475,Richard Wong,Unknown,Unknown,USA
14476,Christopher Barton,Unknown,Unknown,USA
14477,Christopher Odonnell,Unknown,Unknown,UK
14478,Ke Xu,Unknown,Unknown,Australia
14479,John Jankowski,Unknown,Unknown,USA
14480,Renta Eline Kris Gatos,Unknown,Unknown,Dominican Republic
14481,Florian Pique,Unknown,Unknown,France
14482,Fabio Lirio Miranda,Unknown,Unknown,Portugal
14483,Keith Heine,Unknown,Unknown,USA
14484,Yuri DZIVIELEVSKI,Unknown,Unknown,Brazil
14485,Jason Jang,Unknown,Unknown,USA
14486,Michael Aukerman,Unknown,Unknown,USA
14487,Anthony Kastelic,Unknown,Unknown,USA
14488,Patrick Quinn,Unknown,Unknown,Canada
14489,Albert Thien Nguyen,Unknown,Unknown,Canada
14490,Jonah Lopas,Unknown,Unknown,USA
14491,Antonin Teisseire,Unknown,Unknown,France
14492,Stephen Wangler,Unknown,Unknown,USA
14493,Andrew Teng,Unknown,Unknown,UK
14494,Stephen Kurland,Unknown,Unknown,UK
14495,Stephen Klaamas,Unknown,Unknown,Canada
14496,Jerry Wong,Unknown,Unknown,USA
14497,Justin Nugent,Unknown,Unknown,USA
14498,Nicholas Schwarmann,Unknown,Unknown,USA
14499,Gregory Zarefes,Unknown,Unknown,USA
14500,Lauro Cordova,Unknown,Unknown,USA
14501,ariel abbatiello,Unknown,Unknown,Argentina
14502,Jacob Haller,Unknown,Unknown,USA
14503,Michael Zelman,Unknown,Unknown,USA
14504,Oscar Carrasco Blanco,Unknown,Unknown,Spain
14505,Roger Fontes,Unknown,Unknown,USA
14506,Gustavo Capua de Lima,Unknown,Unknown,Brazil
14507,Jack Hardcastle,Unknown,Unknown,USA
14508,Boshuang Gao,Unknown,Unknown,USA
14509,Lucas Cullen,Unknown,Unknown,Australia
14510,Gregory Dyer,Unknown,Unknown,USA
14511,Elmar Barang,Unknown,Unknown,Austria
14512,Anthony Ribeiro,Unknown,Unknown,Canada
14513,morgan mclellan,Unknown,Unknown,Canada
14514,Ainiwaer Aierpati,Unknown,Unknown,China
14515,Katlyn Slone,Unknown,Unknown,USA
14516,Rafael Herrera,Unknown,Unknown,USA
14517,Simon Prudhomme,Unknown,Unknown,France
14518,Kenneth Baime,Unknown,Unknown,USA
14519,Jeremie Bilodeau,Unknown,Unknown,Canada
14520,Steffen Schröter,Unknown,Unknown,Germany
14521,Matthew Nowicki,Unknown,Unknown,USA
14522,Daniel Zadok,Unknown,Unknown,Israel
14523,Andrei Roscan,Unknown,Unknown,Bulgaria
14524,Sammy Weisman,Unknown,Unknown,USA
14525,Gary Chakoian,Unknown,Unknown,USA
14526,Edouard Keates,Unknown,Unknown,France
14527,Kenneth Hicks,Unknown,Unknown,USA
14528,Steven Lyons,Unknown,Unknown,USA
14529,William Watson,Unknown,Unknown,USA
14530,david fima,Unknown,Unknown,France
14531,Matthew Stearns,Unknown,Unknown,Ukraine
14532,Richard Klein,Unknown,Unknown,USA
14533,Michael Ginter,Unknown,Unknown,USA
14534,John Ross,Unknown,Unknown,USA
14535,Brent Robbs,Unknown,Unknown,USA
14536,Raymond Yee,Unknown,Unknown,USA
14537,Kao Saechao,Unknown,Unknown,USA
14538,Grant Juric,Unknown,Unknown,USA
14539,Paul Vang,Unknown,Unknown,USA
14540,Timothy Totten,Unknown,Unknown,USA
14541,Oscar Peleg,Unknown,Unknown,Sweden
14542,Marco Dickner,Unknown,Unknown,Canada
14543,Mathew Ernest Frankland,Unknown,Unknown,UK
14544,Sachin Kamal Joshi,Unknown,Unknown,Luxembourg
