result_id,player_id,event_id,place,prize
1,1,1,1,30000
2,2,2,1,80000
3,3,3,1,130000
4,1,3,2,0
5,1,4,1,160000
6,4,4,2,0
7,5,5,1,210000
8,6,6,1,220000
9,4,6,2,0
10,6,7,1,340000
11,7,7,2,0
12,8,8,1,210000
13,4,8,2,84000
14,9,8,3,63000
15,10,8,4,42000
16,11,8,5,21000
17,12,9,1,270000
18,13,9,2,108000
19,14,9,3,81000
20,15,9,4,54000
21,1,9,5,27000
22,16,10,1,365000
23,6,10,2,146000
24,17,10,3,109500
25,1,10,4,73000
26,18,10,5,36500
27,16,11,1,375000
28,19,11,2,150000
29,20,11,3,75000
30,21,11,4,37500
31,22,11,5,37500
32,17,11,6,30000
33,8,11,7,15000
34,23,11,8,15000
35,24,11,9,15000
36,25,12,1,520000
37,26,12,2,208000
38,27,12,3,104000
39,6,12,4,52000
40,28,12,5,52000
41,29,12,6,41600
42,30,12,7,20800
43,5,12,8,20800
44,31,12,9,20800
45,32,13,1,540000
46,33,13,2,216000
47,6,13,3,108000
48,34,13,4,54000
49,35,13,5,54000
50,36,13,6,43200
51,37,13,7,21600
52,38,13,8,21600
53,14,13,9,21600
54,39,14,1,660000
55,40,14,2,264000
56,11,14,3,132000
57,41,14,4,66000
58,42,14,5,66000
59,43,14,6,52800
60,44,14,7,26400
61,45,14,8,26400
62,46,14,9,26400
63,22,15,1,700000
64,47,15,2,280000
65,27,15,3,140000
66,48,15,4,70000
67,49,15,5,70000
68,11,15,6,42000
69,1,15,7,42000
70,50,15,8,28000
71,51,15,9,28000
72,27,16,1,570000
73,52,16,2,228000
74,53,16,3,114000
75,11,16,4,62700
76,22,16,5,51300
77,54,16,6,39900
78,55,16,7,34200
79,56,16,8,22800
80,57,16,9,17100
81,26,16,10,12500
82,58,16,11,12500
83,59,16,12,12500
84,60,16,13,12500
85,61,16,14,12500
86,62,16,15,12500
87,8,16,16,12500
88,63,16,17,12500
89,64,16,18,12500
90,65,16,19,10000
91,66,16,20,10000
92,67,16,21,10000
93,68,16,22,10000
94,30,16,23,10000
95,69,16,24,10000
96,70,16,25,10000
97,1,16,26,10000
98,71,16,27,10000
99,72,16,28,7500
100,73,16,29,7500
101,74,16,30,7500
102,75,16,31,7500
103,76,16,32,7500
104,77,16,33,7500
105,78,16,34,7500
106,79,16,35,7500
107,80,16,36,7500
108,81,17,1,625000
109,82,17,2,250000
110,83,17,3,125000
111,80,17,4,68750
112,84,17,5,56250
113,85,17,6,43750
114,86,17,7,35500
115,87,17,8,25000
116,39,17,9,18750
117,88,17,10,12500
118,17,17,11,12500
119,49,17,12,12500
120,89,17,13,12500
121,90,17,14,12500
122,58,17,15,12500
123,33,17,16,12500
124,3,17,17,12500
125,45,17,18,11250
126,91,17,19,11250
127,92,17,20,10000
128,8,17,21,10000
129,52,17,22,10000
130,93,17,23,10000
131,57,17,24,10000
132,94,17,25,10000
133,1,17,26,10000
134,95,17,27,10000
135,96,17,28,7500
136,97,17,29,7500
137,98,17,30,7500
138,99,17,31,7500
139,27,17,32,7500
140,9,17,33,7500
141,78,17,34,7500
142,100,17,35,7500
143,101,17,36,7500
144,81,18,1,700000
145,102,18,2,280000
146,68,18,3,140000
147,90,18,4,77000
148,47,18,5,63000
149,60,18,6,49000
150,103,18,7,42000
151,63,18,8,28000
152,11,18,9,21000
153,104,18,10,12500
154,105,18,11,12500
155,106,18,12,12500
156,107,18,13,12500
157,108,18,14,12500
158,17,18,15,12500
159,71,18,16,12500
160,109,18,17,12500
161,54,18,18,12500
162,95,18,19,10000
163,52,18,20,10000
164,110,18,21,10000
165,111,18,22,10000
166,72,18,23,10000
167,112,18,24,10000
168,113,18,25,10000
169,58,18,26,10000
170,114,18,27,8750
171,115,18,28,8750
172,73,18,29,7500
173,92,18,30,7500
174,39,18,31,7500
175,116,18,32,7500
176,117,18,33,7500
177,118,18,34,7500
178,119,18,36,7500
179,117,19,1,755000
180,81,19,2,302000
181,120,19,3,151000
182,55,19,4,83050
183,61,19,5,67950
184,121,19,6,52850
185,122,19,7,45300
186,123,19,8,45300
187,124,19,9,22650
188,118,19,10,12500
189,125,19,11,12500
190,126,19,12,12500
191,127,19,13,12500
192,17,19,14,12500
193,91,19,15,12500
194,93,19,16,12500
195,128,19,17,12500
196,107,19,18,12500
197,109,19,19,10000
198,129,19,20,10000
199,113,19,21,10000
200,87,19,22,10000
201,116,19,23,10000
202,130,19,24,10000
203,131,19,25,10000
204,96,19,26,10000
205,110,19,27,10000
206,132,19,28,7500
207,27,19,29,7500
208,133,19,30,7500
209,60,19,31,7500
210,134,19,32,7500
211,68,19,33,7500
212,135,19,34,7500
213,3,19,35,7500
214,4,19,36,7500
215,136,20,1,835000
216,137,20,2,334000
217,138,20,3,167000
218,129,20,4,91850
219,27,20,5,75150
220,139,20,6,58450
221,33,20,7,50100
222,93,20,8,33400
223,16,20,9,25050
224,18,20,10,12500
225,140,20,11,12500
226,141,20,12,12500
227,13,20,13,12500
228,142,20,14,12500
229,143,20,15,12500
230,144,20,16,12500
231,145,20,17,12500
232,146,20,18,12500
233,19,20,19,10000
234,87,20,20,10000
235,147,20,21,10000
236,113,20,22,10000
237,148,20,23,10000
238,149,20,24,10000
239,150,20,25,10000
240,90,20,26,10000
241,151,20,27,10000
242,78,20,28,7500
243,152,20,29,7500
244,153,20,30,7500
245,72,20,31,7500
246,36,20,32,7500
247,154,20,33,7500
248,155,20,34,7500
249,156,20,35,7500
250,157,20,36,7500
251,158,21,1,1000000
252,159,21,2,402500
253,160,21,3,201250
254,58,21,4,115000
255,19,21,5,69000
256,118,21,6,34500
257,131,21,7,28750
258,161,21,8,23000
259,36,21,9,17250
260,162,21,10,11500
261,17,21,11,11500
262,163,21,12,11500
263,67,21,13,11500
264,75,21,14,11500
265,164,21,15,11500
266,110,21,16,11500
267,165,21,17,11500
268,62,21,18,11500
269,137,21,19,9200
270,144,21,20,9200
271,166,21,21,9200
272,52,21,22,9200
273,167,21,23,9200
274,168,21,24,9200
275,169,21,25,9200
276,170,21,26,9200
277,171,21,27,9200
278,73,21,28,8050
279,8,21,29,8050
280,172,21,30,8050
281,173,21,31,8050
282,174,21,32,8050
283,34,21,33,8050
284,49,21,34,8050
285,105,21,35,8050
286,175,21,36,8050
287,49,22,1,1000000
288,57,22,2,353500
289,137,22,3,176750
290,144,22,4,101000
291,138,22,5,60600
292,176,22,6,30300
293,81,22,7,25250
294,39,22,8,20200
295,177,22,9,15150
296,178,22,10,10100
297,179,22,11,10100
298,93,22,12,10100
299,180,22,13,10100
300,181,22,14,10100
301,8,22,15,10100
302,182,22,16,10100
303,27,22,17,10100
304,104,22,18,10100
305,101,22,19,8080
306,183,22,20,8080
307,184,22,21,8080
308,185,22,22,8080
309,168,22,23,8080
310,145,22,24,8080
311,186,22,25,8080
312,187,22,26,8080
313,188,22,27,8080
314,189,22,28,7070
315,190,22,29,7070
316,154,22,30,7070
317,164,22,31,7070
318,191,22,32,7070
319,45,22,33,7070
320,26,22,34,7070
321,192,22,35,7070
322,162,22,36,7070
323,60,23,1,1000000
324,193,23,2,420000
325,93,23,3,210000
326,136,23,4,120000
327,194,23,5,72000
328,195,23,6,36000
329,196,23,7,31200
330,96,23,8,27600
331,158,23,9,24000
332,197,23,10,19200
333,198,23,11,19200
334,199,23,12,19200
335,162,23,13,16800
336,55,23,14,16800
337,100,23,15,16800
338,200,23,16,14400
339,201,23,17,14400
340,202,23,18,14400
341,203,23,19,12000
342,70,23,20,12000
343,204,23,21,12000
344,205,23,22,12000
345,206,23,23,12000
346,168,23,24,12000
347,13,23,25,12000
348,116,23,26,12000
349,173,23,27,12000
350,207,24,1,1000000
351,208,24,2,588000
352,115,24,3,294000
353,209,24,4,168000
354,139,24,5,100800
355,162,24,6,50400
356,210,24,7,43680
357,211,24,8,38640
358,55,24,9,33600
359,212,24,10,26880
360,213,24,11,26880
361,214,24,12,26880
362,146,24,13,23520
363,215,24,14,23520
364,144,24,15,23520
365,136,24,16,20160
366,216,24,17,20160
367,217,24,18,20160
368,218,24,19,16800
369,171,24,20,16800
370,219,24,21,16800
371,220,24,22,16800
372,221,24,23,16800
373,8,24,24,16800
374,132,24,25,16800
375,222,24,26,16800
376,36,24,27,16800
377,85,25,1,1000000
378,220,25,2,519000
379,164,25,3,302750
380,49,25,4,173000
381,223,25,5,114180
382,224,25,6,86500
383,149,25,7,69200
384,199,25,8,51900
385,225,25,9,39790
386,226,25,10,27680
387,227,25,11,27680
388,125,25,12,27680
389,228,25,13,24220
390,229,25,14,24220
391,230,25,15,24220
392,75,25,16,20760
393,231,25,17,20760
394,232,25,18,20760
395,217,25,19,17300
396,166,25,20,17300
397,27,25,21,17300
398,62,25,22,17300
399,168,25,23,17300
400,233,25,24,17300
401,234,25,25,17300
402,235,25,26,17300
403,182,25,27,17300
404,236,26,1,1000000
405,237,26,2,585000
406,93,26,3,341250
407,238,26,4,195000
408,130,26,5,128700
409,239,26,6,97500
410,240,26,7,78000
411,122,26,8,58500
412,241,26,9,44850
413,242,26,10,31200
414,243,26,11,31200
415,244,26,12,31200
416,245,26,13,27300
417,246,26,14,27300
418,247,26,15,27300
419,27,26,16,23400
420,85,26,17,23400
421,82,26,18,23400
422,125,26,19,19500
423,248,26,20,19500
424,249,26,21,19500
425,154,26,22,19500
426,234,26,23,19500
427,235,26,24,19500
428,36,26,25,19500
429,250,26,26,19500
430,169,26,27,19500
431,16,27,1,1000000
432,251,27,2,583000
433,145,27,3,371000
434,190,27,4,212000
435,252,27,5,161120
436,253,27,6,127200
437,254,27,7,95400
438,255,27,8,63600
439,186,27,9,48760
440,256,27,10,33920
441,257,27,11,33920
442,203,27,12,33920
443,17,27,13,29680
444,258,27,14,29680
445,33,27,15,29680
446,6,27,16,25440
447,259,27,17,25440
448,72,27,18,25440
449,260,27,19,21200
450,100,27,20,21200
451,117,27,21,21200
452,261,27,22,21200
453,197,27,23,21200
454,262,27,24,21200
455,263,27,25,21200
456,264,27,26,21200
457,98,27,27,21200
458,265,28,1,1000000
459,266,28,2,687500
460,47,28,3,437500
461,197,28,4,250000
462,267,28,5,190000
463,268,28,6,150000
464,269,28,7,112500
465,270,28,8,75000
466,271,28,9,57500
467,272,28,10,40000
468,234,28,11,40000
469,13,28,12,40000
470,273,28,13,35000
471,274,28,14,35000
472,275,28,15,35000
473,276,28,16,30000
474,277,28,17,30000
475,278,28,18,30000
476,279,28,19,25000
477,209,28,20,25000
478,155,28,21,25000
479,39,28,22,25000
480,33,28,23,25000
481,280,28,24,25000
482,260,28,25,25000
483,281,28,26,25000
484,282,28,27,25000
485,121,29,1,1000000
486,283,29,2,768625
487,284,29,3,489125
488,102,29,4,279500
489,285,29,5,212420
490,236,29,6,167700
491,98,29,7,125775
492,286,29,8,83850
493,287,29,9,64285
494,288,29,10,44720
495,289,29,11,44720
496,290,29,12,44720
497,291,29,13,39130
498,94,29,14,39130
499,292,29,15,39130
500,293,29,16,33540
501,294,29,17,33540
502,295,29,18,33540
503,296,29,19,27950
504,297,29,20,27950
505,235,29,21,27950
506,298,29,22,27950
507,197,29,23,27950
508,299,29,24,27950
509,300,29,25,27950
510,301,29,26,27950
511,302,29,27,27950
512,303,29,28,15000
513,55,29,29,15000
514,304,29,30,15000
515,305,29,31,15000
516,306,29,32,15000
517,307,29,33,15000
518,308,29,34,15000
519,309,29,35,15000
520,310,29,36,15000
521,311,30,1,1500000
522,47,30,2,896000
523,312,30,3,570500
524,313,30,4,326000
525,314,30,5,247760
526,315,30,6,195600
527,316,30,7,146700
528,149,30,8,97800
529,87,30,9,74980
530,222,30,10,52160
531,317,30,11,52160
532,168,30,12,52160
533,50,30,13,45640
534,318,30,14,45640
535,319,30,15,45640
536,320,30,16,39120
537,277,30,17,39120
538,321,30,18,39120
539,57,30,19,32600
540,190,30,20,32600
541,322,30,21,32600
542,323,30,22,32600
543,324,30,23,32600
544,325,30,24,32600
545,90,30,25,32600
546,326,30,26,32600
547,217,30,27,32600
548,327,30,28,25000
549,328,30,29,25000
550,329,30,30,25000
551,185,30,31,25000
552,330,30,32,25000
553,271,30,33,25000
554,287,30,34,25000
555,331,30,35,25000
556,229,30,36,25000
557,332,30,37,15000
558,145,30,38,15000
559,241,30,39,15000
560,267,30,40,15000
561,333,30,41,15000
562,334,30,42,15000
563,335,30,43,15000
564,292,30,44,15000
565,304,30,45,15000
566,336,31,1,1500000
567,26,31,2,1098925
568,337,31,3,699315
569,338,31,4,399610
570,117,31,5,303705
571,339,31,6,239765
572,340,31,7,179825
573,341,31,8,119885
574,305,31,9,91910
575,342,31,10,63940
576,343,31,11,63940
577,344,31,12,63940
578,345,31,14,55945
579,346,31,15,55945
580,347,31,16,47955
581,170,31,17,47955
582,348,31,18,47955
583,349,31,19,39960
584,350,31,20,39960
585,351,31,21,39960
586,352,31,22,39960
587,60,31,23,39960
588,353,31,24,39960
589,354,31,25,39960
590,125,31,26,39960
591,355,31,27,39960
592,356,31,28,30000
593,168,31,29,30000
594,186,31,30,30000
595,34,31,31,30000
596,357,31,32,30000
597,320,31,33,30000
598,358,31,34,30000
599,359,31,35,30000
600,360,31,36,30000
601,261,31,37,20000
602,361,31,38,20000
603,362,31,39,20000
604,363,31,40,20000
605,364,31,41,20000
606,365,31,42,20000
607,179,31,43,20000
608,366,31,44,20000
609,69,31,45,20000
610,367,32,1,2000000
611,368,32,2,1100000
612,369,32,3,550000
613,370,32,4,281400
614,371,32,5,195000
615,372,32,6,150000
616,334,32,7,120000
617,373,32,9,85000
618,346,32,10,70000
619,374,32,11,70000
620,375,32,12,70000
621,376,32,13,60000
622,132,32,14,60000
623,377,32,15,60000
624,378,32,16,50000
625,379,32,17,50000
626,189,32,18,50000
627,380,32,19,40000
628,381,32,20,40000
629,281,32,21,40000
630,138,32,22,40000
631,382,32,23,40000
632,383,32,24,40000
633,216,32,25,40000
634,384,32,26,40000
635,385,32,27,40000
636,386,32,28,30000
637,387,32,29,30000
638,388,32,30,30000
639,306,32,31,30000
640,247,32,32,30000
641,292,32,33,30000
642,389,32,34,30000
643,290,32,35,30000
644,390,32,36,30000
645,391,32,37,20000
646,392,32,38,20000
647,393,32,39,20000
648,394,32,40,20000
649,327,32,41,20000
650,114,32,42,20000
651,395,32,43,20000
652,396,32,44,20000
653,397,32,45,20000
654,398,33,1,2500000
655,399,33,2,1300000
656,85,33,3,650000
657,166,33,4,440000
658,400,33,5,320000
659,401,33,6,250000
660,402,33,7,200000
661,403,33,8,160000
662,404,33,9,120000
663,382,33,10,82700
664,383,33,11,80000
665,405,33,12,80000
666,231,33,13,65000
667,406,33,14,65000
668,407,33,15,65000
669,408,33,16,55000
670,409,33,17,55000
671,265,33,18,55000
672,84,33,19,45000
673,410,33,20,45000
674,411,33,21,45000
675,412,33,22,45000
676,413,33,23,45000
677,50,33,24,45000
678,238,33,25,45000
679,414,33,26,45000
680,117,33,27,45000
681,415,33,28,35000
682,416,33,29,35000
683,417,33,30,35000
684,316,33,31,35000
685,418,33,32,35000
686,419,33,33,35000
687,420,33,34,35000
688,35,33,35,35000
689,179,33,36,35000
690,421,33,37,25000
691,422,33,38,25000
692,423,33,39,25000
693,424,33,40,25000
694,90,33,41,25000
695,350,33,42,25000
696,124,33,43,25000
697,425,33,44,25000
698,426,33,45,25000
699,427,33,46,20000
700,222,33,47,20000
701,428,33,48,20000
702,185,33,49,20000
703,305,33,50,20000
704,429,33,51,20000
705,430,33,52,20000
706,431,33,53,20000
707,368,33,54,20000
708,242,33,55,15000
709,204,33,56,15000
710,432,33,57,15000
711,294,33,58,15000
712,433,33,59,15000
713,434,33,60,15000
714,435,33,61,15000
715,436,33,62,15000
716,437,33,63,15000
717,438,34,1,5000000
718,439,34,2,3500000
719,440,34,3,2500000
720,85,34,4,1500000
721,441,34,5,1100000
722,139,34,6,800000
723,442,34,7,675000
724,443,34,8,575000
725,444,34,9,470400
726,406,34,10,373000
727,445,34,11,373000
728,446,34,12,373000
729,447,34,13,275000
730,448,34,14,275000
731,449,34,15,275000
732,450,34,16,175000
733,451,34,17,175000
734,452,34,18,147500
735,453,34,18,147500
736,454,34,20,120000
737,455,34,21,120000
738,328,34,22,120000
739,456,34,23,120000
740,457,34,24,120000
741,458,34,25,120000
742,311,34,26,120000
743,459,34,27,120000
744,460,34,28,80000
745,461,34,29,80000
746,462,34,30,80000
747,463,34,31,80000
748,368,34,32,80000
749,464,34,33,80000
750,465,34,34,80000
751,466,34,35,80000
752,467,34,36,80000
753,468,34,37,60000
754,469,34,38,60000
755,470,34,39,60000
756,471,34,40,60000
757,472,34,41,60000
758,473,34,42,60000
759,55,34,43,60000
760,474,34,44,60000
761,475,34,45,60000
762,476,34,46,45000
763,477,34,47,45000
764,478,34,48,45000
765,479,34,49,45000
766,397,34,50,45000
767,480,34,51,45000
768,481,34,52,45000
769,6,34,53,45000
770,482,34,54,45000
771,483,34,55,35000
772,484,34,56,35000
773,485,34,57,35000
774,486,34,58,35000
775,487,34,59,35000
776,488,34,60,35000
777,489,34,61,35000
778,490,34,62,35000
779,491,34,63,35000
780,492,34,64,30000
781,493,34,65,30000
782,494,34,66,30000
783,495,34,67,30000
784,496,34,68,30000
785,497,34,69,30000
786,498,34,70,30000
787,499,34,71,30000
788,500,34,72,30000
789,501,34,73,25000
790,502,34,74,25000
791,503,34,75,25000
792,504,34,76,25000
793,505,34,77,25000
794,506,34,78,25000
795,269,34,79,25000
796,507,34,80,25000
797,508,34,81,25000
798,509,34,82,20000
799,510,34,83,20000
800,511,34,84,20000
801,512,34,85,20000
802,290,34,86,20000
803,339,34,87,20000
804,513,34,88,20000
805,514,34,89,20000
806,515,34,90,20000
807,516,34,91,20000
808,517,34,92,20000
809,518,34,93,20000
810,519,34,94,20000
811,520,34,95,20000
812,521,34,96,20000
813,522,34,97,20000
814,523,34,98,20000
815,524,34,99,20000
816,525,34,100,20000
817,526,34,101,20000
818,527,34,102,20000
819,528,34,103,20000
820,529,34,104,20000
821,530,34,105,20000
822,531,34,106,20000
823,532,34,107,20000
824,533,34,108,17500
825,125,34,108,17500
826,534,34,110,15000
827,535,34,111,15000
828,536,34,112,15000
829,537,34,113,15000
830,538,34,114,15000
831,539,34,115,15000
832,540,34,116,15000
833,541,34,117,15000
834,542,34,118,15000
835,543,34,119,15000
836,544,34,120,15000
837,134,34,121,15000
838,545,34,122,15000
839,546,34,123,15000
840,414,34,124,15000
841,547,34,125,15000
842,548,34,126,15000
843,549,34,127,15000
844,550,34,128,15000
845,551,34,129,15000
846,552,34,130,15000
847,274,34,131,15000
848,553,34,132,15000
849,554,34,133,15000
850,555,34,134,15000
851,556,34,135,15000
852,557,34,136,15000
853,558,34,137,15000
854,14,34,138,15000
855,207,34,139,15000
856,559,34,140,15000
857,560,34,141,15000
858,561,34,142,15000
859,562,34,143,15000
860,563,34,144,15000
861,564,34,145,15000
862,565,34,146,15000
863,566,34,147,15000
864,567,34,148,15000
865,169,34,149,15000
866,568,34,150,15000
867,569,34,151,15000
868,570,34,152,15000
869,571,34,153,15000
870,572,34,154,15000
871,573,34,155,15000
872,574,34,156,15000
873,575,34,157,15000
874,576,34,158,15000
875,577,34,159,15000
876,578,34,160,15000
877,579,34,161,15000
878,580,34,162,15000
879,581,34,163,15000
880,582,34,164,15000
881,583,34,165,15000
882,584,34,166,15000
883,585,34,167,15000
884,586,34,168,15000
885,587,34,169,15000
886,588,34,170,15000
887,589,34,171,15000
888,590,34,172,15000
889,591,34,173,15000
890,45,34,174,15000
891,592,34,175,15000
892,593,34,176,15000
893,594,34,177,15000
894,595,34,178,15000
895,596,34,179,15000
896,597,34,180,15000
897,96,34,181,10000
898,598,34,182,10000
899,599,34,183,10000
900,600,34,184,10000
901,601,34,185,10000
902,602,34,186,10000
903,603,34,187,10000
904,604,34,188,10000
905,605,34,189,10000
906,400,34,190,10000
907,606,34,191,10000
908,607,34,192,10000
909,608,34,193,10000
910,609,34,194,10000
911,610,34,195,10000
912,611,34,196,10000
913,353,34,197,10000
914,612,34,198,10000
915,613,34,199,10000
916,614,34,200,10000
917,615,34,201,10000
918,616,34,202,10000
919,617,34,203,10000
920,618,34,204,10000
921,619,34,205,10000
922,620,34,206,10000
923,621,34,207,10000
924,622,34,208,10000
925,623,34,209,10000
926,624,34,210,10000
927,625,34,211,10000
928,626,34,212,10000
929,627,34,213,10000
930,628,34,214,10000
931,163,34,215,10000
932,629,34,216,10000
933,630,34,217,10000
934,631,34,218,10000
935,632,34,219,10000
936,633,34,220,10000
937,634,34,221,10000
938,635,34,222,10000
939,636,34,223,10000
940,637,34,224,10000
941,638,34,225,10000
942,26,34,225,10000
943,639,35,1,7500000
944,640,35,2,4250000
945,641,35,3,2500000
946,642,35,4,2000000
947,258,35,5,1750000
948,643,35,6,1500000
949,644,35,7,1300000
950,645,35,8,1150000
951,339,35,9,1000000
952,499,35,10,600000
953,646,35,11,600000
954,647,35,12,600000
955,648,35,13,400000
956,649,35,14,400000
957,650,35,15,400000
958,651,35,16,350000
959,652,35,17,350000
960,653,35,18,350000
961,373,35,19,304680
962,382,35,20,304680
963,654,35,21,304680
964,655,35,22,304680
965,656,35,23,304680
966,657,35,24,304680
967,438,35,25,304680
968,658,35,26,304680
969,659,35,27,304680
970,660,35,28,274090
971,661,35,29,274090
972,662,35,30,274090
973,663,35,31,274090
974,664,35,32,274090
975,665,35,33,274090
976,666,35,34,274090
977,667,35,35,274090
978,668,35,36,274090
979,669,35,37,235390
980,670,35,38,235390
981,671,35,39,235390
982,484,35,40,235390
983,282,35,41,235390
984,672,35,42,235390
985,673,35,43,235390
986,422,35,44,235390
987,537,35,45,235390
988,674,35,46,173880
989,675,35,47,173880
990,676,35,48,173880
991,328,35,49,173880
992,677,35,50,173880
993,678,35,51,173880
994,679,35,52,173880
995,680,35,53,173880
996,681,35,54,173880
997,682,35,55,145875
998,683,35,56,145875
999,684,35,57,145875
1000,685,35,58,145875
1001,207,35,59,145875
1002,686,35,60,145875
1003,687,35,61,145875
1004,688,35,62,145875
1005,689,35,63,145875
1006,690,35,64,124835
1007,691,35,65,124835
1008,692,35,66,124835
1009,693,35,67,124835
1010,694,35,68,124835
1011,695,35,69,124835
1012,696,35,70,124835
1013,697,35,71,124835
1014,698,35,72,124835
1015,699,35,73,107950
1016,700,35,74,107950
1017,701,35,75,107950
1018,166,35,76,107950
1019,702,35,77,107950
1020,703,35,78,107950
1021,704,35,79,107950
1022,705,35,80,107950
1023,706,35,81,107950
1024,707,35,82,91950
1025,708,35,83,91950
1026,709,35,84,91950
1027,710,35,85,91950
1028,711,35,86,91950
1029,712,35,87,91950
1030,713,35,88,91950
1031,714,35,89,91950
1032,715,35,90,91950
1033,716,35,91,77710
1034,717,35,92,77710
1035,718,35,93,77710
1036,719,35,94,77710
1037,720,35,95,77710
1038,721,35,96,77710
1039,162,35,97,77710
1040,722,35,98,77710
1041,635,35,99,77710
1042,723,35,100,77710
1043,724,35,101,65360
1044,725,35,102,65360
1045,726,35,103,65360
1046,369,35,104,65360
1047,727,35,105,65360
1048,728,35,106,65360
1049,729,35,107,65360
1050,14,35,108,65360
1051,730,35,109,65360
1052,731,35,110,65360
1053,732,35,111,54965
1054,733,35,112,54965
1055,734,35,113,54965
1056,735,35,114,54965
1057,736,35,115,54965
1058,737,35,116,54965
1059,541,35,117,54965
1060,738,35,118,54965
1061,739,35,119,54965
1062,740,35,120,54965
1063,741,35,121,54965
1064,361,35,122,54965
1065,742,35,123,54965
1066,743,35,124,54965
1067,744,35,125,54965
1068,745,35,126,54965
1069,746,35,127,54965
1070,747,35,128,54965
1071,748,35,129,54965
1072,749,35,130,54965
1073,750,35,131,54965
1074,751,35,132,54965
1075,84,35,133,54965
1076,752,35,134,54965
1077,753,35,135,54965
1078,754,35,136,54965
1079,755,35,137,54965
1080,756,35,138,54965
1081,757,35,139,54965
1082,487,35,140,54965
1083,758,35,141,46245
1084,759,35,142,46245
1085,760,35,143,46245
1086,761,35,144,46245
1087,762,35,145,46245
1088,763,35,146,46245
1089,764,35,147,46245
1090,417,35,148,46245
1091,765,35,149,46245
1092,766,35,150,46245
1093,767,35,151,46245
1094,768,35,152,46245
1095,356,35,153,46245
1096,769,35,154,46245
1097,770,35,155,46245
1098,771,35,156,46245
1099,772,35,157,46245
1100,773,35,158,46245
1101,774,35,159,46245
1102,426,35,160,46245
1103,775,35,161,46245
1104,776,35,162,46245
1105,777,35,163,46245
1106,778,35,164,46245
1107,779,35,165,46245
1108,780,35,166,46245
1109,781,35,167,46245
1110,782,35,168,46245
1111,783,35,169,46245
1112,784,35,170,46245
1113,785,35,171,39075
1114,786,35,172,39075
1115,787,35,173,39075
1116,788,35,174,39075
1117,789,35,175,39075
1118,790,35,176,39075
1119,405,35,177,39075
1120,791,35,178,39075
1121,792,35,179,39075
1122,793,35,180,39075
1123,794,35,181,39075
1124,795,35,182,39075
1125,796,35,183,39075
1126,797,35,184,39075
1127,798,35,185,39075
1128,799,35,186,39075
1129,800,35,187,39075
1130,801,35,188,39075
1131,802,35,189,39075
1132,803,35,190,39075
1133,804,35,191,39075
1134,805,35,192,39075
1135,806,35,193,39075
1136,807,35,194,39075
1137,808,35,195,39075
1138,809,35,196,39075
1139,810,35,197,39075
1140,811,35,198,39075
1141,812,35,199,39075
1142,813,35,200,39075
1143,814,35,201,33197
1144,619,35,202,33197
1145,815,35,203,33197
1146,816,35,204,33197
1147,817,35,205,33197
1148,818,35,206,33197
1149,819,35,207,33197
1150,820,35,208,33197
1151,821,35,209,33197
1152,822,35,210,33197
1153,823,35,211,33197
1154,824,35,212,33197
1155,825,35,213,33197
1156,826,35,214,33197
1157,827,35,215,33197
1158,828,35,216,33197
1159,829,35,217,33197
1160,830,35,218,33197
1161,831,35,219,33197
1162,832,35,220,33197
1163,833,35,221,33197
1164,834,35,222,33197
1165,835,35,223,33197
1166,836,35,224,33197
1167,837,35,225,33197
1168,838,35,226,33197
1169,839,35,227,33197
1170,840,35,228,33197
1171,841,35,229,33197
1172,842,35,230,33197
1173,304,35,231,28375
1174,843,35,232,28375
1175,844,35,233,28375
1176,845,35,234,28375
1177,846,35,235,28375
1178,847,35,236,28375
1179,848,35,237,28375
1180,849,35,238,28375
1181,850,35,239,28375
1182,851,35,240,28375
1183,852,35,241,28375
1184,853,35,242,28375
1185,854,35,243,28375
1186,593,35,244,28375
1187,855,35,245,28375
1188,856,35,246,28375
1189,857,35,247,28375
1190,858,35,248,28375
1191,859,35,249,28375
1192,860,35,250,28375
1193,861,35,251,28375
1194,862,35,252,28375
1195,863,35,253,28375
1196,864,35,254,28375
1197,865,35,256,28375
1198,866,35,256,28375
1199,867,35,257,28375
1200,868,35,258,28375
1201,869,35,259,28375
1202,870,35,260,28375
1203,871,35,261,24365
1204,872,35,262,24365
1205,873,35,263,24365
1206,874,35,264,24365
1207,875,35,265,24365
1208,876,35,266,24365
1209,877,35,267,24365
1210,878,35,268,24365
1211,879,35,269,24365
1212,271,35,270,24365
1213,880,35,271,24365
1214,881,35,272,24365
1215,882,35,273,24365
1216,883,35,274,24365
1217,884,35,275,24365
1218,83,35,276,24365
1219,885,35,277,24365
1220,886,35,278,24365
1221,887,35,279,24365
1222,888,35,280,24365
1223,889,35,281,24365
1224,890,35,282,24365
1225,614,35,283,24365
1226,891,35,284,24365
1227,892,35,285,24365
1228,223,35,286,24365
1229,402,35,287,24365
1230,893,35,288,24365
1231,894,35,289,24365
1232,895,35,290,24365
1233,896,35,291,24365
1234,897,35,292,24365
1235,898,35,293,24365
1236,899,35,294,24365
1237,900,35,295,24365
1238,901,35,296,24365
1239,902,35,297,24365
1240,903,35,298,24365
1241,904,35,299,24365
1242,905,35,300,24365
1243,906,35,301,21070
1244,907,35,302,21070
1245,908,35,303,21070
1246,909,35,304,21070
1247,910,35,305,21070
1248,911,35,306,21070
1249,912,35,307,21070
1250,913,35,308,21070
1251,914,35,309,21070
1252,915,35,310,21070
1253,916,35,311,21070
1254,917,35,312,21070
1255,918,35,313,21070
1256,919,35,314,21070
1257,920,35,315,21070
1258,399,35,316,21070
1259,921,35,317,21070
1260,922,35,318,21070
1261,923,35,319,21070
1262,924,35,320,21070
1263,925,35,321,21070
1264,926,35,322,21070
1265,927,35,323,21070
1266,928,35,324,21070
1267,929,35,325,21070
1268,930,35,326,21070
1269,931,35,327,21070
1270,932,35,328,21070
1271,933,35,329,21070
1272,934,35,330,21070
1273,935,35,331,21070
1274,464,35,332,21070
1275,936,35,333,21070
1276,937,35,334,21070
1277,938,35,335,21070
1278,939,35,336,21070
1279,940,35,337,21070
1280,941,35,338,21070
1281,942,35,339,21070
1282,943,35,340,21070
1283,944,35,341,21070
1284,131,35,342,21070
1285,491,35,343,21070
1286,945,35,344,21070
1287,946,35,345,21070
1288,475,35,346,21070
1289,947,35,347,21070
1290,948,35,348,21070
1291,949,35,349,21070
1292,950,35,350,21070
1293,951,35,351,18335
1294,952,35,352,18335
1295,953,35,353,18335
1296,954,35,354,18335
1297,955,35,355,18335
1298,866,35,356,18335
1299,956,35,357,18335
1300,957,35,358,18335
1301,958,35,359,18335
1302,959,35,360,18335
1303,267,35,361,18335
1304,960,35,362,18335
1305,961,35,363,18335
1306,962,35,364,18335
1307,963,35,365,18335
1308,964,35,366,18335
1309,363,35,367,18335
1310,965,35,368,18335
1311,966,35,369,18335
1312,579,35,370,18335
1313,967,35,371,18335
1314,528,35,372,18335
1315,968,35,373,18335
1316,969,35,374,18335
1317,970,35,375,18335
1318,549,35,376,18335
1319,971,35,377,18335
1320,972,35,378,18335
1321,973,35,379,18335
1322,974,35,380,18335
1323,975,35,381,18335
1324,976,35,382,18335
1325,977,35,383,18335
1326,978,35,384,18335
1327,979,35,385,18335
1328,980,35,386,18335
1329,981,35,387,18335
1330,982,35,388,18335
1331,983,35,389,18335
1332,984,35,390,18335
1333,188,35,391,18335
1334,985,35,392,18335
1335,986,35,393,18335
1336,987,35,394,18335
1337,988,35,395,18335
1338,989,35,396,18335
1339,990,35,397,18335
1340,991,35,398,18335
1341,992,35,399,18335
1342,993,35,400,18335
1343,994,35,401,16055
1344,995,35,402,16055
1345,996,35,403,16055
1346,997,35,404,16055
1347,998,35,405,16055
1348,999,35,406,16055
1349,1000,35,407,16055
1350,1001,35,408,16055
1351,1002,35,409,16055
1352,1003,35,410,16055
1353,1004,35,411,16055
1354,1005,35,412,16055
1355,1006,35,413,16055
1356,1007,35,414,16055
1357,1008,35,415,16055
1358,1009,35,416,16055
1359,1010,35,417,16055
1360,1011,35,418,16055
1361,1012,35,419,16055
1362,1013,35,420,16055
1363,1014,35,421,16055
1364,1015,35,422,16055
1365,1016,35,423,16055
1366,1017,35,424,16055
1367,1018,35,425,16055
1368,1019,35,426,16055
1369,1020,35,427,16055
1370,1021,35,428,16055
1371,1022,35,429,16055
1372,1023,35,430,16055
1373,1024,35,431,16055
1374,1025,35,432,16055
1375,1026,35,433,16055
1376,454,35,434,16055
1377,1027,35,435,16055
1378,1028,35,436,16055
1379,1029,35,437,16055
1380,1030,35,438,16055
1381,1031,35,439,16055
1382,1032,35,440,16055
1383,1033,35,441,16055
1384,1034,35,442,16055
1385,1035,35,443,16055
1386,1036,35,444,16055
1387,1037,35,445,16055
1388,1038,35,446,16055
1389,1039,35,447,16055
1390,1040,35,448,16055
1391,1041,35,449,16055
1392,1042,35,450,16055
1393,1043,35,451,14135
1394,1044,35,452,14135
1395,1045,35,453,14135
1396,1046,35,454,14135
1397,1047,35,455,14135
1398,1048,35,456,14135
1399,1049,35,457,14135
1400,1050,35,458,14135
1401,1051,35,459,14135
1402,1052,35,460,14135
1403,1053,35,461,14135
1404,1054,35,462,14135
1405,1055,35,463,14135
1406,1056,35,464,14135
1407,1057,35,465,14135
1408,1058,35,466,14135
1409,1059,35,467,14135
1410,1060,35,468,14135
1411,1061,35,469,14135
1412,1062,35,470,14135
1413,481,35,471,14135
1414,1063,35,472,14135
1415,1064,35,473,14135
1416,1065,35,474,14135
1417,1066,35,475,14135
1418,442,35,476,14135
1419,1067,35,477,14135
1420,1068,35,478,14135
1421,1069,35,479,14135
1422,1070,35,480,14135
1423,1071,35,481,14135
1424,1072,35,482,14135
1425,1073,35,483,14135
1426,1074,35,484,14135
1427,1075,35,485,14135
1428,1076,35,486,14135
1429,1077,35,487,14135
1430,1078,35,488,14135
1431,1079,35,489,14135
1432,1080,35,490,14135
1433,1081,35,491,14135
1434,1082,35,492,14135
1435,1083,35,493,14135
1436,1084,35,494,14135
1437,1085,35,495,14135
1438,1086,35,496,14135
1439,1087,35,497,14135
1440,1088,35,498,14135
1441,449,35,499,14135
1442,1089,35,500,14135
1443,1090,35,501,12500
1444,1091,35,502,12500
1445,508,35,503,12500
1446,1092,35,504,12500
1447,1093,35,505,12500
1448,1094,35,506,12500
1449,1095,35,507,12500
1450,1096,35,508,12500
1451,1097,35,509,12500
1452,1098,35,510,12500
1453,1099,35,511,12500
1454,1100,35,512,12500
1455,1101,35,513,12500
1456,1102,35,514,12500
1457,1103,35,515,12500
1458,1104,35,516,12500
1459,1105,35,517,12500
1460,1106,35,518,12500
1461,1107,35,519,12500
1462,1108,35,520,12500
1463,322,35,521,12500
1464,249,35,522,12500
1465,1109,35,523,12500
1466,1110,35,524,12500
1467,1111,35,525,12500
1468,1112,35,526,12500
1469,189,35,527,12500
1470,1113,35,528,12500
1471,1114,35,529,12500
1472,435,35,530,12500
1473,1115,35,531,12500
1474,1116,35,532,12500
1475,1117,35,533,12500
1476,1118,35,534,12500
1477,1119,35,535,12500
1478,1120,35,536,12500
1479,1121,35,537,12500
1480,1122,35,538,12500
1481,1123,35,539,12500
1482,1124,35,540,12500
1483,1125,35,541,12500
1484,1126,35,542,12500
1485,1127,35,543,12500
1486,1128,35,544,12500
1487,1129,35,545,12500
1488,1130,35,546,12500
1489,1131,35,547,12500
1490,1132,35,548,12500
1491,1133,35,549,12500
1492,1134,35,550,12500
1493,1135,35,551,12500
1494,1136,35,552,12500
1495,1137,35,553,12500
1496,1138,35,554,12500
1497,1139,35,555,12500
1498,1140,35,556,12500
1499,1141,35,557,12500
1500,1142,35,558,12500
1501,1143,35,559,12500
1502,1144,35,560,12500
1503,1145,36,1,12000000
1504,1146,36,2,6102499
1505,1147,36,3,4123310
1506,355,36,4,3628513
1507,1148,36,5,3216182
1508,1149,36,6,2803851
1509,1150,36,7,2391520
1510,1151,36,8,1979189
1511,1152,36,9,1566858
1512,1153,36,10,1154527
1513,1154,36,11,1154527
1514,1155,36,12,1154527
1515,1156,36,13,907128
1516,1157,36,14,907128
1517,1158,36,15,907128
1518,1159,36,16,659730
1519,1160,36,17,659730
1520,1161,36,18,659730
1521,1162,36,19,494797
1522,1163,36,20,494797
1523,1164,36,21,494797
1524,1165,36,22,494797
1525,1166,36,23,494797
1526,1167,36,24,494797
1527,1168,36,25,494797
1528,1169,36,26,494797
1529,1170,36,27,494797
1530,1171,36,28,329865
1531,1067,36,29,329865
1532,1172,36,30,329865
1533,1173,36,31,329865
1534,1174,36,32,329865
1535,1175,36,33,329865
1536,1176,36,34,329865
1537,1177,36,35,329865
1538,90,36,36,329865
1539,1178,36,37,247399
1540,1179,36,38,247399
1541,1180,36,39,247399
1542,1181,36,40,247399
1543,1182,36,41,247399
1544,1183,36,42,247399
1545,1184,36,43,247399
1546,1185,36,44,247399
1547,1186,36,45,247399
1548,1187,36,46,164932
1549,1188,36,47,164932
1550,1189,36,48,164932
1551,1190,36,49,164932
1552,1191,36,50,164932
1553,1192,36,51,164932
1554,1193,36,52,164932
1555,1194,36,53,164932
1556,1195,36,54,164932
1557,1196,36,55,123699
1558,1197,36,56,123699
1559,1198,36,57,123699
1560,1199,36,58,123699
1561,1200,36,59,123699
1562,1201,36,60,123699
1563,1202,36,61,123699
1564,1203,36,62,123699
1565,1204,36,63,123699
1566,1205,36,64,90713
1567,1056,36,65,90713
1568,1206,36,66,90713
1569,434,36,67,90713
1570,1207,36,68,90713
1571,1208,36,69,90713
1572,1209,36,70,90713
1573,1210,36,71,90713
1574,708,36,72,90713
1575,1211,36,73,65973
1576,1212,36,74,65973
1577,1213,36,75,65973
1578,1214,36,76,65973
1579,1020,36,77,65973
1580,1215,36,78,65973
1581,1216,36,79,65973
1582,1217,36,80,65973
1583,1218,36,81,65973
1584,1219,36,82,51129
1585,1220,36,83,51129
1586,1221,36,84,51129
1587,1222,36,85,51129
1588,1223,36,86,51129
1589,1224,36,87,51129
1590,222,36,88,51129
1591,1225,36,89,51129
1592,1226,36,90,51129
1593,1227,36,91,51129
1594,1228,36,92,51129
1595,1229,36,93,51129
1596,1230,36,94,51129
1597,1231,36,95,51129
1598,1232,36,96,51129
1599,1233,36,97,51129
1600,1234,36,98,51129
1601,1235,36,99,51129
1602,1236,36,100,51129
1603,1237,36,101,51129
1604,1238,36,102,51129
1605,1239,36,103,51129
1606,1240,36,104,51129
1607,1241,36,105,51129
1608,1242,36,106,51129
1609,1243,36,107,51129
1610,1244,36,108,51129
1611,1245,36,109,51129
1612,1246,36,110,51129
1613,1247,36,111,51129
1614,1248,36,112,51129
1615,1249,36,113,51129
1616,1250,36,114,51129
1617,1251,36,115,51129
1618,1252,36,116,51129
1619,1253,36,117,51129
1620,1254,36,118,51129
1621,414,36,119,51129
1622,1255,36,120,51129
1623,1256,36,121,51129
1624,1257,36,122,51129
1625,1258,36,123,51129
1626,1259,36,124,51129
1627,1260,36,125,51129
1628,1261,36,126,51129
1629,1262,36,127,47006
1630,1263,36,128,47006
1631,1264,36,129,47006
1632,1265,36,130,47006
1633,1266,36,131,47006
1634,1267,36,132,47006
1635,1268,36,133,47006
1636,1269,36,134,47006
1637,1270,36,135,47006
1638,1271,36,136,47006
1639,1272,36,137,47006
1640,1273,36,138,47006
1641,1274,36,139,47006
1642,1275,36,140,47006
1643,1276,36,141,47006
1644,1277,36,142,47006
1645,1278,36,143,47006
1646,1279,36,144,47006
1647,1280,36,145,47006
1648,1281,36,146,47006
1649,242,36,147,47006
1650,1282,36,148,47006
1651,1283,36,149,47006
1652,1284,36,150,47006
1653,1285,36,151,47006
1654,1286,36,152,47006
1655,1287,36,153,47006
1656,1288,36,154,47006
1657,1289,36,155,47006
1658,1290,36,156,47006
1659,1291,36,157,47006
1660,1292,36,158,47006
1661,1293,36,159,47006
1662,1294,36,160,47006
1663,1295,36,161,47006
1664,1296,36,162,47006
1665,815,36,163,47006
1666,1297,36,164,47006
1667,1298,36,165,47006
1668,1033,36,166,47006
1669,1299,36,167,47006
1670,1300,36,168,47006
1671,1301,36,169,47006
1672,1302,36,170,47006
1673,444,36,171,47006
1674,1303,36,172,47006
1675,1304,36,173,47006
1676,1305,36,174,47006
1677,1306,36,175,47006
1678,1307,36,176,47006
1679,1308,36,177,47006
1680,1309,36,178,47006
1681,1310,36,179,47006
1682,935,36,180,47006
1683,1311,36,181,47006
1684,1312,36,182,47006
1685,1313,36,183,47006
1686,1314,36,184,47006
1687,1315,36,185,47006
1688,1316,36,186,47006
1689,1317,36,187,47006
1690,1318,36,188,47006
1691,1319,36,189,47006
1692,460,36,190,42882
1693,1320,36,191,42882
1694,1321,36,192,42882
1695,1322,36,193,42882
1696,1323,36,194,42882
1697,1324,36,195,42882
1698,1325,36,196,42882
1699,1326,36,197,42882
1700,1327,36,198,42882
1701,1328,36,199,42882
1702,713,36,200,42882
1703,1329,36,201,42882
1704,1330,36,202,42882
1705,635,36,203,42882
1706,1331,36,204,42882
1707,1332,36,205,42882
1708,451,36,206,42882
1709,1333,36,207,42882
1710,622,36,208,42882
1711,1334,36,209,42882
1712,1335,36,210,42882
1713,1336,36,211,42882
1714,1337,36,212,42882
1715,1338,36,213,42882
1716,1339,36,214,42882
1717,1340,36,215,42882
1718,1341,36,216,42882
1719,1342,36,217,42882
1720,1343,36,218,42882
1721,1344,36,219,42882
1722,1345,36,220,42882
1723,1346,36,221,42882
1724,1347,36,222,42882
1725,1348,36,223,42882
1726,1349,36,224,42882
1727,1350,36,225,42882
1728,1351,36,226,42882
1729,1352,36,227,42882
1730,932,36,228,42882
1731,343,36,229,42882
1732,1353,36,230,42882
1733,1354,36,231,42882
1734,1355,36,232,42882
1735,1356,36,233,42882
1736,690,36,234,42882
1737,1048,36,235,42882
1738,1357,36,236,42882
1739,1358,36,237,42882
1740,639,36,238,42882
1741,1359,36,239,42882
1742,1360,36,240,42882
1743,1361,36,241,42882
1744,1362,36,242,42882
1745,1363,36,243,42882
1746,1364,36,244,42882
1747,1365,36,245,42882
1748,1366,36,246,42882
1749,1367,36,247,42882
1750,1368,36,248,42882
1751,1369,36,249,42882
1752,1370,36,250,42882
1753,1371,36,251,42882
1754,1372,36,252,42882
1755,1373,36,253,38759
1756,1374,36,254,38759
1757,1375,36,255,38759
1758,1376,36,256,38759
1759,1377,36,256,38759
1760,1378,36,257,38759
1761,590,36,258,38759
1762,1379,36,258,38759
1763,895,36,259,38759
1764,1380,36,260,38759
1765,1381,36,261,38759
1766,1382,36,262,38759
1767,1383,36,263,38759
1768,1384,36,264,38759
1769,1385,36,265,38759
1770,1386,36,266,38759
1771,1387,36,267,38759
1772,1388,36,268,38759
1773,819,36,269,38759
1774,466,36,270,38759
1775,1389,36,271,38759
1776,1390,36,272,38759
1777,1391,36,273,38759
1778,1392,36,274,38759
1779,277,36,275,38759
1780,1393,36,276,38759
1781,1394,36,277,38759
1782,1395,36,278,38759
1783,1396,36,279,38759
1784,1397,36,280,38759
1785,1398,36,281,38759
1786,1399,36,282,38759
1787,790,36,283,38759
1788,1400,36,284,38759
1789,1401,36,287,38759
1790,1402,36,288,38759
1791,1403,36,289,38759
1792,1404,36,290,38759
1793,1405,36,291,38759
1794,1406,36,292,38759
1795,1407,36,293,38759
1796,1408,36,294,38759
1797,1409,36,295,38759
1798,1410,36,296,38759
1799,1411,36,297,38759
1800,1412,36,298,38759
1801,1413,36,299,38759
1802,1414,36,300,38759
1803,1415,36,301,38759
1804,1416,36,302,38759
1805,1417,36,303,38759
1806,1418,36,304,38759
1807,1419,36,305,38759
1808,1420,36,306,38759
1809,1421,36,307,38759
1810,1422,36,308,38759
1811,1423,36,309,38759
1812,1424,36,310,38759
1813,1425,36,311,38759
1814,1426,36,312,38759
1815,1427,36,313,38759
1816,1428,36,314,38759
1817,137,36,315,38759
1818,1429,36,316,34636
1819,1430,36,317,34636
1820,1431,36,318,34636
1821,1432,36,319,34636
1822,1433,36,320,34636
1823,1434,36,321,34636
1824,1435,36,322,34636
1825,1436,36,323,34636
1826,183,36,324,34636
1827,1437,36,325,34636
1828,1438,36,326,34636
1829,1439,36,327,34636
1830,1440,36,328,34636
1831,1441,36,329,34636
1832,1442,36,330,34636
1833,1443,36,331,34636
1834,528,36,332,34636
1835,1444,36,333,34636
1836,1445,36,334,34636
1837,1446,36,335,34636
1838,1447,36,336,34636
1839,1448,36,337,34636
1840,1449,36,338,34636
1841,1450,36,339,34636
1842,1451,36,340,34636
1843,1452,36,341,34636
1844,1453,36,342,34636
1845,1454,36,343,34636
1846,1455,36,344,34636
1847,1456,36,345,34636
1848,1457,36,346,34636
1849,1458,36,347,34636
1850,1459,36,348,34636
1851,1460,36,349,34636
1852,1461,36,350,34636
1853,1462,36,351,34636
1854,1463,36,352,34636
1855,1464,36,353,34636
1856,1465,36,354,34636
1857,698,36,355,34636
1858,1466,36,356,34636
1859,1467,36,357,34636
1860,1468,36,358,34636
1861,1469,36,359,34636
1862,1470,36,360,34636
1863,1471,36,361,34636
1864,1472,36,362,34636
1865,1473,36,363,34636
1866,156,36,364,34636
1867,1474,36,365,34636
1868,1475,36,366,34636
1869,1476,36,367,34636
1870,1477,36,368,34636
1871,1478,36,369,34636
1872,1479,36,370,34636
1873,32,36,371,34636
1874,1480,36,372,34636
1875,1481,36,373,34636
1876,1482,36,374,34636
1877,1483,36,375,34636
1878,1484,36,376,34636
1879,216,36,377,34636
1880,1485,36,378,34636
1881,1486,36,379,30512
1882,1487,36,380,30512
1883,1488,36,381,30512
1884,1489,36,382,30512
1885,1490,36,383,30512
1886,1491,36,384,30512
1887,1492,36,385,30512
1888,1493,36,386,30512
1889,1494,36,387,30512
1890,1495,36,388,30512
1891,1496,36,389,30512
1892,1497,36,390,30512
1893,1498,36,391,30512
1894,1499,36,392,30512
1895,1500,36,393,30512
1896,1501,36,394,30512
1897,1502,36,395,30512
1898,1503,36,396,30512
1899,1504,36,397,30512
1900,1505,36,398,30512
1901,1506,36,399,30512
1902,1507,36,400,30512
1903,1508,36,401,30512
1904,1509,36,402,30512
1905,1510,36,403,30512
1906,1511,36,404,30512
1907,1512,36,405,30512
1908,1513,36,406,30512
1909,1514,36,407,30512
1910,1515,36,408,30512
1911,397,36,409,30512
1912,1516,36,410,30512
1913,1517,36,411,30512
1914,1518,36,412,30512
1915,1519,36,413,30512
1916,1520,36,414,30512
1917,1521,36,415,30512
1918,391,36,416,30512
1919,1522,36,417,30512
1920,1523,36,418,30512
1921,1524,36,419,30512
1922,1525,36,420,30512
1923,804,36,421,30512
1924,1526,36,422,30512
1925,1527,36,423,30512
1926,272,36,424,30512
1927,1528,36,425,30512
1928,1529,36,426,30512
1929,1530,36,427,30512
1930,1531,36,428,30512
1931,1532,36,429,30512
1932,1533,36,430,30512
1933,1534,36,431,30512
1934,1535,36,432,30512
1935,1536,36,433,30512
1936,1537,36,434,30512
1937,1538,36,435,30512
1938,1539,36,436,30512
1939,1540,36,437,30512
1940,1541,36,438,30512
1941,1542,36,439,30512
1942,1543,36,440,30512
1943,1035,36,441,30512
1944,1544,36,442,26389
1945,1545,36,443,26389
1946,1546,36,444,26389
1947,1547,36,445,26389
1948,1548,36,446,26389
1949,1549,36,447,26389
1950,1550,36,448,26389
1951,1551,36,449,26389
1952,1552,36,450,26389
1953,1553,36,451,26389
1954,1554,36,452,26389
1955,1555,36,453,26389
1956,1556,36,454,26389
1957,1557,36,455,26389
1958,1558,36,456,26389
1959,1559,36,457,26389
1960,1560,36,458,26389
1961,1561,36,459,26389
1962,1562,36,460,26389
1963,1563,36,461,26389
1964,1564,36,462,26389
1965,1565,36,463,26389
1966,1566,36,464,26389
1967,1567,36,465,26389
1968,1568,36,466,26389
1969,1569,36,467,26389
1970,1570,36,468,26389
1971,1571,36,469,26389
1972,1572,36,470,26389
1973,1573,36,471,26389
1974,1574,36,472,26389
1975,1575,36,473,26389
1976,1576,36,474,26389
1977,1577,36,475,26389
1978,1578,36,476,26389
1979,1579,36,477,26389
1980,1580,36,478,26389
1981,395,36,479,26389
1982,1581,36,480,26389
1983,385,36,481,26389
1984,1582,36,482,26389
1985,1583,36,483,26389
1986,1584,36,484,26389
1987,1585,36,485,26389
1988,1586,36,486,26389
1989,1587,36,487,26389
1990,1588,36,488,26389
1991,1589,36,489,26389
1992,1590,36,490,26389
1993,1591,36,491,26389
1994,266,36,492,26389
1995,1592,36,493,26389
1996,1593,36,494,26389
1997,1594,36,495,26389
1998,1595,36,496,26389
1999,1596,36,497,26389
2000,366,36,498,26389
2001,1597,36,499,26389
2002,1598,36,500,26389
2003,1599,36,501,26389
2004,1600,36,502,26389
2005,1601,36,503,26389
2006,1602,36,504,26389
2007,887,36,505,22266
2008,1603,36,506,22266
2009,1604,36,507,22266
2010,1605,36,508,22266
2011,1606,36,509,22266
2012,1607,36,510,22266
2013,1608,36,511,22266
2014,1609,36,512,22266
2015,1610,36,513,22266
2016,1611,36,514,22266
2017,1612,36,515,22266
2018,563,36,516,22266
2019,1613,36,517,22266
2020,1614,36,518,22266
2021,1615,36,519,22266
2022,1616,36,520,22266
2023,1617,36,521,22266
2024,1618,36,522,22266
2025,1619,36,523,22266
2026,1620,36,524,22266
2027,1621,36,525,22266
2028,1622,36,526,22266
2029,1623,36,527,22266
2030,1624,36,528,22266
2031,1625,36,529,22266
2032,1626,36,530,22266
2033,1627,36,531,22266
2034,1628,36,532,22266
2035,1629,36,533,22266
2036,1630,36,534,22266
2037,1631,36,535,22266
2038,871,36,536,22266
2039,1632,36,537,22266
2040,1633,36,538,22266
2041,1634,36,539,22266
2042,1635,36,540,22266
2043,1636,36,541,22266
2044,1637,36,542,22266
2045,1638,36,543,22266
2046,1639,36,544,22266
2047,1640,36,545,22266
2048,1641,36,546,22266
2049,955,36,547,22266
2050,1642,36,548,22266
2051,1643,36,549,22266
2052,1644,36,550,22266
2053,1645,36,551,22266
2054,1646,36,552,22266
2055,1647,36,553,22266
2056,1648,36,554,22266
2057,1649,36,555,22266
2058,1650,36,556,22266
2059,1651,36,557,22266
2060,1652,36,558,22266
2061,1653,36,559,22266
2062,1654,36,560,22266
2063,1655,36,561,22266
2064,862,36,562,22266
2065,1656,36,563,22266
2066,1657,36,564,22266
2067,1658,36,565,22266
2068,197,36,566,22266
2069,1659,36,567,22266
2070,1660,36,568,20617
2071,1661,36,569,20617
2072,1662,36,570,20617
2073,1663,36,571,20617
2074,1664,36,572,20617
2075,1665,36,573,20617
2076,1666,36,574,20617
2077,1667,36,575,20617
2078,1668,36,576,20617
2079,1669,36,577,20617
2080,1670,36,578,20617
2081,1671,36,579,20617
2082,1672,36,580,20617
2083,1673,36,581,20617
2084,1674,36,582,20617
2085,1675,36,583,20617
2086,1676,36,584,20617
2087,1677,36,585,20617
2088,1678,36,586,20617
2089,1679,36,587,20617
2090,1680,36,588,20617
2091,1681,36,589,20617
2092,1682,36,590,20617
2093,1683,36,591,20617
2094,1684,36,592,20617
2095,1685,36,593,20617
2096,1686,36,594,20617
2097,1687,36,595,20617
2098,1688,36,596,20617
2099,1689,36,597,20617
2100,1690,36,598,20617
2101,1691,36,599,20617
2102,1692,36,600,20617
2103,1693,36,601,20617
2104,1694,36,602,20617
2105,1695,36,603,20617
2106,1696,36,604,20617
2107,1697,36,605,20617
2108,1698,36,606,20617
2109,1699,36,607,20617
2110,1700,36,608,20617
2111,1701,36,609,20617
2112,1702,36,610,20617
2113,782,36,611,20617
2114,1703,36,612,20617
2115,1704,36,613,20617
2116,1705,36,614,20617
2117,1706,36,615,20617
2118,1707,36,616,20617
2119,1708,36,617,20617
2120,1709,36,618,20617
2121,315,36,619,20617
2122,1710,36,620,20617
2123,331,36,621,20617
2124,1711,36,622,19050
2125,1712,36,623,19050
2126,1713,36,624,19050
2127,1714,36,625,19050
2128,1715,36,626,19050
2129,1716,36,627,19050
2130,1717,36,628,19050
2131,1718,36,629,19050
2132,1719,36,630,19050
2133,1720,36,631,19050
2134,1721,36,632,19050
2135,1722,36,633,19050
2136,1723,36,634,19050
2137,1724,36,635,19050
2138,1725,36,636,19050
2139,1726,36,637,19050
2140,1727,36,638,19050
2141,580,36,639,19050
2142,1728,36,640,19050
2143,1729,36,641,19050
2144,48,36,642,19050
2145,1730,36,643,19050
2146,1731,36,644,19050
2147,1732,36,645,19050
2148,1733,36,646,19050
2149,1734,36,647,19050
2150,1735,36,648,19050
2151,1736,36,649,19050
2152,1737,36,650,19050
2153,1738,36,651,19050
2154,1739,36,652,19050
2155,1740,36,653,19050
2156,1741,36,654,19050
2157,1742,36,655,19050
2158,1743,36,656,19050
2159,1744,36,657,19050
2160,1745,36,658,19050
2161,1746,36,659,19050
2162,1747,36,660,19050
2163,1748,36,661,19050
2164,1749,36,662,19050
2165,1750,36,663,19050
2166,1751,36,664,19050
2167,526,36,665,19050
2168,1752,36,666,19050
2169,1753,36,667,17730
2170,1754,36,668,17730
2171,1755,36,669,17730
2172,1756,36,670,17730
2173,1757,36,671,17730
2174,1758,36,672,17730
2175,1759,36,673,17730
2176,1760,36,674,17730
2177,1761,36,675,17730
2178,1762,36,676,17730
2179,1763,36,677,17730
2180,1764,36,678,17730
2181,1765,36,679,17730
2182,1766,36,680,17730
2183,1767,36,681,17730
2184,1768,36,682,17730
2185,1769,36,683,17730
2186,1770,36,684,17730
2187,1771,36,685,17730
2188,1772,36,686,17730
2189,1773,36,687,17730
2190,1774,36,688,17730
2191,1775,36,689,17730
2192,1776,36,690,17730
2193,1777,36,691,17730
2194,1778,36,692,17730
2195,1779,36,693,17730
2196,1780,36,694,17730
2197,1781,36,695,17730
2198,1782,36,696,17730
2199,1783,36,697,17730
2200,1784,36,698,17730
2201,1785,36,699,17730
2202,1786,36,700,17730
2203,1787,36,701,17730
2204,1788,36,703,17730
2205,1789,36,704,17730
2206,722,36,705,17730
2207,1790,36,706,17730
2208,1791,36,707,17730
2209,1792,36,708,17730
2210,1793,36,709,17730
2211,1794,36,710,17730
2212,1795,36,711,17730
2213,1796,36,712,17730
2214,1797,36,713,17730
2215,1798,36,714,17730
2216,1799,36,715,17730
2217,1800,36,716,17730
2218,1801,36,717,17730
2219,1802,36,718,17730
2220,1803,36,719,17730
2221,910,36,720,17730
2222,1804,36,721,16493
2223,1805,36,722,16493
2224,1806,36,723,16493
2225,1807,36,724,16493
2226,1808,36,725,16493
2227,1809,36,726,16493
2228,1810,36,727,16493
2229,1811,36,728,16493
2230,1812,36,729,16493
2231,1813,36,730,16493
2232,1814,36,731,16493
2233,1815,36,732,16493
2234,1816,36,733,16493
2235,1817,36,734,16493
2236,1818,36,735,16493
2237,1819,36,736,16493
2238,1820,36,737,16493
2239,1821,36,738,16493
2240,1822,36,739,16493
2241,1823,36,740,16493
2242,1824,36,741,16493
2243,1825,36,742,16493
2244,1826,36,743,16493
2245,1827,36,744,16493
2246,1288,36,745,16493
2247,1828,36,746,16493
2248,1829,36,747,16493
2249,1830,36,748,16493
2250,1831,36,749,16493
2251,1832,36,750,16493
2252,1833,36,751,16493
2253,1834,36,752,16493
2254,1835,36,753,16493
2255,1836,36,754,16493
2256,1837,36,755,16493
2257,1838,36,756,16493
2258,1839,36,757,16493
2259,356,36,758,16493
2260,1840,36,759,16493
2261,1841,36,760,16493
2262,1842,36,761,16493
2263,1843,36,762,16493
2264,1844,36,763,16493
2265,1845,36,764,16493
2266,1846,36,765,16493
2267,1847,36,766,16493
2268,1848,36,767,16493
2269,1849,36,768,16493
2270,1850,36,769,16493
2271,1851,36,770,16493
2272,1852,36,771,16493
2273,1853,36,772,16493
2274,1854,36,773,16493
2275,1855,36,774,16493
2276,1856,36,775,15504
2277,1857,36,776,15504
2278,1858,36,777,15504
2279,1859,36,778,15504
2280,1860,36,779,15504
2281,1861,36,780,15504
2282,1862,36,781,15504
2283,1863,36,782,15504
2284,1864,36,783,15504
2285,1865,36,784,15504
2286,1866,36,785,15504
2287,1867,36,786,15504
2288,1868,36,787,15504
2289,1869,36,788,15504
2290,1870,36,789,15504
2291,1871,36,790,15504
2292,1872,36,791,15504
2293,1873,36,792,15504
2294,1874,36,793,15504
2295,1875,36,794,15504
2296,1876,36,795,15504
2297,1877,36,796,15504
2298,1878,36,797,15504
2299,1879,36,798,15504
2300,1880,36,799,15504
2301,1881,36,800,15504
2302,1882,36,801,15504
2303,1883,36,802,15504
2304,1884,36,803,15504
2305,1885,36,804,15504
2306,1886,36,805,15504
2307,1887,36,806,15504
2308,1888,36,807,15504
2309,1889,36,808,15504
2310,1890,36,809,15504
2311,1891,36,810,15504
2312,1892,36,811,15504
2313,1893,36,812,15504
2314,1894,36,813,15504
2315,1895,36,814,15504
2316,1896,36,815,15504
2317,1897,36,816,15504
2318,1898,36,817,15504
2319,1899,36,818,15504
2320,533,36,819,15504
2321,1900,36,820,14597
2322,1901,36,821,14597
2323,1902,36,822,14597
2324,1903,36,823,14597
2325,1904,36,824,14597
2326,1905,36,825,14597
2327,1906,36,826,14597
2328,1907,36,827,14597
2329,1908,36,828,14597
2330,1909,36,829,14597
2331,1910,36,830,14597
2332,1911,36,831,14597
2333,1912,36,832,14597
2334,1913,36,833,14597
2335,1914,36,834,14597
2336,1915,36,835,14597
2337,1916,36,836,14597
2338,1917,36,837,14597
2339,1918,36,838,14597
2340,1919,36,839,14597
2341,1920,36,840,14597
2342,1921,36,841,14597
2343,1922,36,842,14597
2344,1923,36,843,14597
2345,1924,36,844,14597
2346,1925,36,845,14597
2347,1926,36,846,14597
2348,1927,36,847,14597
2349,1928,36,848,14597
2350,1929,36,849,14597
2351,1930,36,850,14597
2352,1931,36,851,14597
2353,1932,36,852,14597
2354,1933,36,853,14597
2355,320,36,854,14597
2356,1934,36,855,14597
2357,1935,36,856,14597
2358,1936,36,857,14597
2359,1937,36,858,14597
2360,1938,36,859,14597
2361,1939,36,860,14597
2362,1940,36,861,14597
2363,758,36,862,14597
2364,1941,36,863,14597
2365,1942,36,864,14597
2366,1943,36,865,14597
2367,1944,36,873,10616
2368,1945,36,873,10616
2369,1946,36,873,10616
2370,1097,36,873,10616
2371,1947,36,873,10616
2372,1948,36,873,10616
2373,1949,36,873,10616
2374,1950,36,873,10616
2375,1951,36,873,10616
2376,1952,36,873,10616
2377,1953,36,873,10616
2378,1954,37,1,8250000
2379,1955,37,2,4840981
2380,1956,37,3,3048025
2381,1957,37,4,1852721
2382,707,37,5,1255069
2383,1958,37,6,956243
2384,1959,37,7,705229
2385,537,37,8,585699
2386,1960,37,9,525934
2387,1961,37,10,476926
2388,265,37,11,476926
2389,1132,37,12,476926
2390,1962,37,13,429114
2391,1963,37,14,429114
2392,1964,37,15,429114
2393,870,37,16,381302
2394,1965,37,17,381302
2395,1966,37,18,381302
2396,1967,37,19,333490
2397,1968,37,20,333490
2398,1969,37,21,333490
2399,1198,37,22,333490
2400,1970,37,23,333490
2401,1971,37,24,333490
2402,487,37,25,333490
2403,1972,37,26,333490
2404,1973,37,27,333490
2405,1974,37,28,285678
2406,1975,37,29,285678
2407,1976,37,30,285678
2408,1977,37,31,285678
2409,733,37,32,285678
2410,1978,37,33,285678
2411,1979,37,34,285678
2412,1980,37,35,285678
2413,1981,37,36,285678
2414,1982,37,37,237865
2415,1983,37,38,237865
2416,1984,37,39,237865
2417,1985,37,40,237865
2418,1986,37,41,237865
2419,1987,37,42,237865
2420,1988,37,43,237865
2421,1989,37,44,237865
2422,1990,37,45,237865
2423,1103,37,46,190053
2424,1991,37,47,190053
2425,1992,37,48,190053
2426,1993,37,49,190053
2427,1994,37,50,190053
2428,216,37,51,190053
2429,1026,37,52,190053
2430,1995,37,53,190053
2431,1996,37,54,190053
2432,1997,37,55,154194
2433,1998,37,56,154194
2434,1999,37,57,154194
2435,2000,37,58,154194
2436,2001,37,59,154194
2437,115,37,60,154194
2438,568,37,61,154194
2439,2002,37,62,154194
2440,2003,37,63,154194
2441,368,37,64,130288
2442,2004,37,65,130288
2443,2005,37,66,130288
2444,2006,37,67,130288
2445,2007,37,68,130288
2446,2008,37,69,130288
2447,2009,37,70,130288
2448,2010,37,71,130288
2449,2011,37,72,130288
2450,236,37,73,106382
2451,2012,37,74,106382
2452,2013,37,75,106382
2453,2014,37,76,106382
2454,2015,37,77,106382
2455,2016,37,78,106382
2456,2017,37,79,106382
2457,2018,37,80,106382
2458,2019,37,81,106382
2459,2020,37,82,82476
2460,90,37,83,82476
2461,2021,37,84,82476
2462,2022,37,85,82476
2463,2023,37,86,82476
2464,2024,37,87,82476
2465,1893,37,88,82476
2466,2025,37,89,82476
2467,2026,37,90,82476
2468,2027,37,91,67535
2469,2028,37,92,67535
2470,2029,37,93,67535
2471,2030,37,94,67535
2472,2031,37,95,67535
2473,1638,37,96,67535
2474,2032,37,97,67535
2475,2033,37,98,67535
2476,2034,37,99,67535
2477,2035,37,100,58570
2478,2036,37,101,58570
2479,2037,37,102,58570
2480,2038,37,103,58570
2481,2039,37,104,58570
2482,2040,37,105,58570
2483,2041,37,106,58570
2484,1083,37,107,58570
2485,2042,37,108,58570
2486,2043,37,109,58570
2487,2044,37,110,58570
2488,2045,37,111,58570
2489,1504,37,112,58570
2490,27,37,113,58570
2491,2046,37,114,58570
2492,2047,37,115,58570
2493,2048,37,116,58570
2494,2049,37,117,58570
2495,2050,37,118,58570
2496,2051,37,119,58570
2497,2052,37,120,58570
2498,2053,37,121,58570
2499,2054,37,122,58570
2500,2055,37,123,58570
2501,2056,37,124,58570
2502,2057,37,125,58570
2503,591,37,126,58570
2504,2058,37,127,58570
2505,2059,37,128,58570
2506,2060,37,129,58570
2507,2061,37,130,58570
2508,619,37,131,58570
2509,2062,37,132,58570
2510,1820,37,133,58570
2511,155,37,134,58570
2512,2063,37,135,58570
2513,261,37,136,58570
2514,1774,37,137,58570
2515,2064,37,138,58570
2516,2065,37,139,58570
2517,2066,37,140,58570
2518,2067,37,141,58570
2519,2068,37,142,58570
2520,2069,37,143,58570
2521,2070,37,144,58570
2522,2071,37,145,58570
2523,2072,37,146,58570
2524,2073,37,147,58570
2525,2074,37,148,58570
2526,2075,37,149,58570
2527,2076,37,150,58570
2528,2077,37,151,58570
2529,274,37,152,58570
2530,2078,37,153,58570
2531,2079,37,154,58570
2532,528,37,155,58570
2533,2080,37,156,58570
2534,2081,37,157,58570
2535,2082,37,158,58570
2536,2083,37,159,58570
2537,2084,37,160,58570
2538,2085,37,161,58570
2539,2086,37,162,58570
2540,2087,37,163,51398
2541,2088,37,164,51398
2542,2089,37,165,51398
2543,2090,37,166,51398
2544,1697,37,167,51398
2545,2091,37,168,51398
2546,2092,37,169,51398
2547,2093,37,170,51398
2548,36,37,171,51398
2549,800,37,172,51398
2550,2094,37,173,51398
2551,2095,37,174,51398
2552,2096,37,175,51398
2553,2097,37,176,51398
2554,367,37,177,51398
2555,894,37,178,51398
2556,2098,37,179,51398
2557,2099,37,180,51398
2558,2100,37,181,51398
2559,2101,37,182,51398
2560,2102,37,183,51398
2561,2103,37,184,51398
2562,2104,37,185,51398
2563,2105,37,186,51398
2564,2106,37,188,51398
2565,234,37,189,51398
2566,836,37,190,51398
2567,2107,37,191,51398
2568,2108,37,192,51398
2569,2109,37,193,51398
2570,2110,37,194,51398
2571,2111,37,195,51398
2572,647,37,196,51398
2573,2112,37,197,51398
2574,2113,37,198,51398
2575,2114,37,199,51398
2576,290,37,200,51398
2577,665,37,201,51398
2578,2115,37,202,51398
2579,2116,37,203,51398
2580,2117,37,204,51398
2581,2118,37,205,51398
2582,2119,37,206,51398
2583,2120,37,207,51398
2584,2121,37,208,51398
2585,2122,37,209,51398
2586,2123,37,210,51398
2587,952,37,211,51398
2588,396,37,212,51398
2589,2124,37,213,51398
2590,2125,37,214,51398
2591,361,37,215,51398
2592,2126,37,216,51398
2593,336,37,217,51398
2594,2127,37,218,51398
2595,2128,37,219,51398
2596,2129,37,220,51398
2597,464,37,221,51398
2598,2130,37,222,51398
2599,2131,37,223,51398
2600,2132,37,224,51398
2601,2133,37,225,51398
2602,2134,37,226,45422
2603,2135,37,227,45422
2604,2136,37,228,45422
2605,2137,37,229,45422
2606,166,37,230,45422
2607,2138,37,231,45422
2608,1088,37,232,45422
2609,2139,37,233,45422
2610,2140,37,234,45422
2611,2141,37,235,45422
2612,1534,37,236,45422
2613,1797,37,237,45422
2614,2142,37,238,45422
2615,2143,37,239,45422
2616,2144,37,240,45422
2617,2145,37,241,45422
2618,2146,37,242,45422
2619,2147,37,243,45422
2620,2148,37,244,45422
2621,2149,37,245,45422
2622,2150,37,246,45422
2623,2151,37,247,45422
2624,803,37,248,45422
2625,2152,37,249,45422
2626,2153,37,250,45422
2627,2154,37,251,45422
2628,2155,37,252,45422
2629,2156,37,253,45422
2630,2157,37,254,45422
2631,1365,37,255,45422
2632,2158,37,256,45422
2633,2159,37,257,45422
2634,1059,37,258,45422
2635,2160,37,259,45422
2636,2161,37,260,45422
2637,2162,37,261,45422
2638,2163,37,262,45422
2639,2164,37,263,45422
2640,2165,37,264,45422
2641,2166,37,265,45422
2642,2167,37,266,45422
2643,2168,37,267,45422
2644,2169,37,268,45422
2645,2170,37,269,45422
2646,2171,37,270,45422
2647,2172,37,271,45422
2648,2173,37,272,45422
2649,2174,37,273,45422
2650,737,37,274,45422
2651,2175,37,275,45422
2652,2176,37,276,45422
2653,2177,37,277,45422
2654,2178,37,278,45422
2655,2179,37,279,45422
2656,2180,37,280,45422
2657,2181,37,281,45422
2658,2182,37,282,45422
2659,2183,37,283,45422
2660,2184,37,284,45422
2661,1583,37,285,45422
2662,2185,37,286,45422
2663,2186,37,287,45422
2664,2187,37,288,45422
2665,2188,37,289,39445
2666,2189,37,290,39445
2667,2190,37,291,39445
2668,2191,37,292,39445
2669,2192,37,293,39445
2670,2193,37,294,39445
2671,2194,37,295,39445
2672,2195,37,296,39445
2673,2196,37,297,39445
2674,2197,37,298,39445
2675,2198,37,299,39445
2676,2199,37,300,39445
2677,2200,37,301,39445
2678,1052,37,302,39445
2679,1389,37,303,39445
2680,873,37,304,39445
2681,2201,37,305,39445
2682,1874,37,306,39445
2683,2202,37,307,39445
2684,2203,37,308,39445
2685,1350,37,309,39445
2686,48,37,310,39445
2687,2204,37,311,39445
2688,2205,37,312,39445
2689,2206,37,313,39445
2690,2207,37,314,39445
2691,1524,37,315,39445
2692,2208,37,316,39445
2693,2209,37,317,39445
2694,2210,37,318,39445
2695,137,37,319,39445
2696,2211,37,320,39445
2697,2212,37,321,39445
2698,2213,37,322,39445
2699,1758,37,323,39445
2700,2214,37,324,39445
2701,2215,37,325,39445
2702,2216,37,326,39445
2703,2217,37,327,39445
2704,313,37,328,39445
2705,2218,37,329,39445
2706,2219,37,330,39445
2707,2220,37,331,39445
2708,2221,37,332,39445
2709,2222,37,333,39445
2710,2223,37,334,39445
2711,2224,37,335,39445
2712,2225,37,336,39445
2713,2226,37,337,39445
2714,2227,37,338,39445
2715,2228,37,339,39445
2716,2229,37,340,39445
2717,2230,37,341,39445
2718,2231,37,342,39445
2719,225,37,343,39445
2720,2232,37,344,39445
2721,2233,37,345,39445
2722,2234,37,346,39445
2723,2235,37,347,39445
2724,2236,37,348,39445
2725,2237,37,349,39445
2726,2238,37,350,39445
2727,2239,37,351,39445
2728,2240,37,352,34664
2729,2241,37,353,34664
2730,2242,37,354,34664
2731,2243,37,355,34664
2732,2244,37,356,34664
2733,2245,37,357,34664
2734,2246,37,358,34664
2735,2247,37,359,34664
2736,1166,37,360,34664
2737,1396,37,361,34664
2738,2248,37,362,34664
2739,2249,37,363,34664
2740,2250,37,364,34664
2741,1722,37,365,34664
2742,2251,37,366,34664
2743,2252,37,367,34664
2744,2253,37,368,34664
2745,2254,37,369,34664
2746,2255,37,370,34664
2747,2256,37,371,34664
2748,2257,37,372,34664
2749,2258,37,373,34664
2750,2259,37,374,34664
2751,2260,37,375,34664
2752,2261,37,376,34664
2753,2262,37,377,34664
2754,2263,37,378,34664
2755,251,37,379,34664
2756,2264,37,380,34664
2757,2265,37,381,34664
2758,2266,37,382,34664
2759,2267,37,383,34664
2760,2268,37,384,34664
2761,2269,37,385,34664
2762,2270,37,386,34664
2763,1225,37,387,34664
2764,2271,37,388,34664
2765,2272,37,389,34664
2766,2273,37,390,34664
2767,2274,37,391,34664
2768,1154,37,392,34664
2769,2275,37,393,34664
2770,2276,37,394,34664
2771,2277,37,395,34664
2772,2278,37,396,34664
2773,2279,37,397,34664
2774,2280,37,398,34664
2775,2281,37,399,34664
2776,2282,37,400,34664
2777,2283,37,401,34664
2778,1824,37,402,34664
2779,395,37,403,34664
2780,2284,37,404,34664
2781,2285,37,405,34664
2782,2286,37,406,34664
2783,2287,37,407,34664
2784,2288,37,408,34664
2785,2289,37,409,34664
2786,2290,37,410,34664
2787,2291,37,411,34664
2788,2292,37,412,34664
2789,2293,37,413,34664
2790,2294,37,414,34664
2791,2295,37,415,29883
2792,2296,37,416,29883
2793,2297,37,417,29883
2794,2298,37,418,29883
2795,2299,37,419,29883
2796,2300,37,420,29883
2797,2301,37,421,29883
2798,2302,37,422,29883
2799,2303,37,423,29883
2800,2304,37,424,29883
2801,2305,37,425,29883
2802,412,37,426,29883
2803,2306,37,427,29883
2804,2307,37,428,29883
2805,2308,37,429,29883
2806,2309,37,430,29883
2807,2310,37,431,29883
2808,977,37,432,29883
2809,2311,37,433,29883
2810,239,37,434,29883
2811,2312,37,435,29883
2812,2313,37,436,29883
2813,2314,37,437,29883
2814,2315,37,438,29883
2815,2316,37,439,29883
2816,2317,37,440,29883
2817,2318,37,441,29883
2818,2319,37,442,29883
2819,2320,37,443,29883
2820,2321,37,444,29883
2821,2322,37,445,29883
2822,2323,37,446,29883
2823,2324,37,447,29883
2824,2325,37,448,29883
2825,373,37,449,29883
2826,2326,37,450,29883
2827,2327,37,451,29883
2828,2328,37,452,29883
2829,1712,37,453,29883
2830,2329,37,454,29883
2831,1642,37,455,29883
2832,2330,37,456,29883
2833,2331,37,457,29883
2834,2332,37,458,29883
2835,180,37,459,29883
2836,2333,37,460,29883
2837,407,37,461,29883
2838,2334,37,462,29883
2839,2335,37,463,29883
2840,2336,37,464,29883
2841,2337,37,465,29883
2842,2338,37,466,29883
2843,2339,37,467,29883
2844,2340,37,468,29883
2845,2341,37,469,29883
2846,2342,37,470,29883
2847,2343,37,471,29883
2848,2344,37,472,29883
2849,2345,37,473,29883
2850,2346,37,474,29883
2851,2347,37,475,29883
2852,2348,37,476,29883
2853,2349,37,477,29883
2854,2350,37,478,25101
2855,597,37,479,25101
2856,2351,37,480,25101
2857,2352,37,481,25101
2858,2353,37,482,25101
2859,2354,37,483,25101
2860,2355,37,484,25101
2861,2356,37,485,25101
2862,2357,37,486,25101
2863,2358,37,487,25101
2864,2359,37,488,25101
2865,2360,37,489,25101
2866,2361,37,490,25101
2867,2362,37,491,25101
2868,2363,37,492,25101
2869,541,37,493,25101
2870,2364,37,494,25101
2871,2365,37,495,25101
2872,2366,37,496,25101
2873,2367,37,497,25101
2874,2368,37,498,25101
2875,2369,37,499,25101
2876,2370,37,500,25101
2877,2371,37,501,25101
2878,2372,37,502,25101
2879,2373,37,503,25101
2880,2374,37,504,25101
2881,2375,37,505,25101
2882,2376,37,506,25101
2883,763,37,507,25101
2884,2377,37,508,25101
2885,2378,37,509,25101
2886,2379,37,510,25101
2887,2380,37,511,25101
2888,2381,37,512,25101
2889,2382,37,513,25101
2890,2383,37,514,25101
2891,2384,37,515,25101
2892,2385,37,516,25101
2893,2386,37,517,25101
2894,2387,37,518,25101
2895,2388,37,519,25101
2896,2389,37,520,25101
2897,2390,37,521,25101
2898,2391,37,522,25101
2899,2392,37,523,25101
2900,2393,37,524,25101
2901,2394,37,525,25101
2902,2395,37,526,25101
2903,2396,37,527,25101
2904,2397,37,528,25101
2905,2398,37,529,25101
2906,2399,37,530,25101
2907,2400,37,531,25101
2908,1330,37,532,25101
2909,2401,37,533,25101
2910,2402,37,534,25101
2911,2403,37,535,25101
2912,2404,37,536,25101
2913,2405,37,537,25101
2914,2406,37,538,25101
2915,2407,37,539,25101
2916,2408,37,540,25101
2917,2409,37,541,25101
2918,2410,37,542,25101
2919,2411,37,543,25101
2920,622,37,544,25101
2921,728,37,545,25101
2922,2412,37,546,25101
2923,2413,37,547,25101
2924,2414,37,548,25101
2925,2415,37,549,25101
2926,1180,37,550,20320
2927,2416,37,551,20320
2928,2417,37,552,20320
2929,2418,37,553,20320
2930,2419,37,554,20320
2931,2420,37,555,20320
2932,2421,37,556,20320
2933,2422,37,557,20320
2934,2423,37,558,20320
2935,2424,37,559,20320
2936,2425,37,560,20320
2937,2426,37,561,20320
2938,2427,37,562,20320
2939,2428,37,563,20320
2940,2429,37,564,20320
2941,2430,37,565,20320
2942,2431,37,566,20320
2943,2432,37,567,20320
2944,1568,37,568,20320
2945,2433,37,569,20320
2946,2434,37,570,20320
2947,2435,37,571,20320
2948,474,37,572,20320
2949,2436,37,573,20320
2950,2437,37,574,20320
2951,2438,37,575,20320
2952,2439,37,576,20320
2953,2440,37,577,20320
2954,2441,37,578,20320
2955,2442,37,579,20320
2956,2443,37,580,20320
2957,2444,37,581,20320
2958,1469,37,582,20320
2959,2445,37,583,20320
2960,2446,37,584,20320
2961,2447,37,585,20320
2962,2448,37,586,20320
2963,2449,37,587,20320
2964,2450,37,588,20320
2965,2451,37,589,20320
2966,2452,37,590,20320
2967,2453,37,591,20320
2968,481,37,592,20320
2969,2454,37,593,20320
2970,2455,37,594,20320
2971,2456,37,595,20320
2972,2457,37,596,20320
2973,2458,37,597,20320
2974,2459,37,598,20320
2975,2460,37,599,20320
2976,2461,37,600,20320
2977,2462,37,601,20320
2978,598,37,602,20320
2979,2463,37,603,20320
2980,2464,37,604,20320
2981,2465,37,605,20320
2982,2466,37,606,20320
2983,2467,37,607,20320
2984,2468,37,608,20320
2985,2469,37,609,20320
2986,2470,37,610,20320
2987,2471,37,611,20320
2988,2472,37,612,20320
2989,2473,37,613,20320
2990,2474,37,614,20320
2991,2475,37,615,20320
2992,2476,37,616,20320
2993,2477,37,617,20320
2994,2478,37,618,20320
2995,2479,37,619,20320
2996,2480,37,620,20320
2997,2481,37,621,20320
2998,2482,38,1,9152416
2999,2483,38,2,5809595
3000,2484,38,3,4517773
3001,2485,38,4,3774974
3002,2486,38,5,3096768
3003,1550,38,6,2418562
3004,806,38,7,1772650
3005,991,38,8,1288217
3006,2487,38,9,900670
3007,2460,38,10,591869
3008,2488,38,11,591869
3009,2489,38,12,591869
3010,2490,38,13,463201
3011,2491,38,14,463201
3012,2492,38,15,463201
3013,2493,38,16,334534
3014,2494,38,17,334534
3015,2495,38,18,334534
3016,2496,38,19,257334
3017,2497,38,20,257334
3018,2498,38,21,257334
3019,2499,38,22,257334
3020,2500,38,23,257334
3021,2501,38,24,257334
3022,691,38,25,257334
3023,1297,38,26,257334
3024,2502,38,27,257334
3025,2503,38,28,193000
3026,2504,38,29,193000
3027,339,38,30,193000
3028,2505,38,31,193000
3029,2090,38,32,193000
3030,2506,38,33,193000
3031,2507,38,34,193000
3032,1396,38,35,193000
3033,2508,38,36,193000
3034,2509,38,37,154400
3035,2510,38,38,154400
3036,2511,38,39,154400
3037,2512,38,40,154400
3038,2513,38,41,154400
3039,2514,38,42,154400
3040,2210,38,43,154400
3041,2450,38,44,154400
3042,117,38,45,154400
3043,2515,38,46,135100
3044,2017,38,47,135100
3045,2516,38,48,135100
3046,2517,38,49,135100
3047,2518,38,50,135100
3048,2519,38,51,135100
3049,2520,38,52,135100
3050,2521,38,53,135100
3051,2522,38,54,135100
3052,2523,38,55,115800
3053,2524,38,56,115800
3054,2463,38,57,115800
3055,2525,38,58,115800
3056,2023,38,59,115800
3057,2340,38,60,115800
3058,2526,38,61,115800
3059,2527,38,62,115800
3060,2528,38,63,115800
3061,416,38,64,96500
3062,2529,38,65,96500
3063,2530,38,66,96500
3064,2531,38,67,96500
3065,2532,38,68,96500
3066,2533,38,69,96500
3067,2534,38,70,96500
3068,2535,38,71,96500
3069,2536,38,72,96500
3070,2537,38,73,77200
3071,2538,38,74,77200
3072,2539,38,75,77200
3073,2540,38,76,77200
3074,526,38,77,77200
3075,2541,38,78,77200
3076,2542,38,79,77200
3077,1559,38,80,77200
3078,2543,38,81,77200
3079,2544,38,82,64333
3080,2545,38,83,64333
3081,2546,38,84,64333
3082,2547,38,85,64333
3083,1103,38,86,64333
3084,972,38,87,64333
3085,2548,38,88,64333
3086,2366,38,89,64333
3087,2549,38,90,64333
3088,2550,38,91,51466
3089,2361,38,92,51466
3090,536,38,93,51466
3091,2551,38,94,51466
3092,2552,38,95,51466
3093,2326,38,96,51466
3094,2553,38,97,51466
3095,2554,38,98,51466
3096,2555,38,99,51466
3097,2556,38,100,41816
3098,2557,38,101,41816
3099,2558,38,102,41816
3100,2559,38,103,41816
3101,2560,38,104,41816
3102,646,38,105,41816
3103,2561,38,106,41816
3104,2562,38,107,41816
3105,2563,38,108,41816
3106,2564,38,109,41816
3107,2565,38,110,41816
3108,2319,38,111,41816
3109,2566,38,112,41816
3110,206,38,113,41816
3111,2567,38,114,41816
3112,2568,38,115,41816
3113,2569,38,116,41816
3114,355,38,117,41816
3115,2570,38,118,41816
3116,2571,38,119,41816
3117,2572,38,120,41816
3118,2573,38,121,41816
3119,2574,38,122,41816
3120,2575,38,123,41816
3121,2576,38,124,41816
3122,2577,38,125,41816
3123,2578,38,126,41816
3124,2579,38,127,41816
3125,2580,38,128,41816
3126,1555,38,129,41816
3127,2581,38,130,41816
3128,2582,38,131,41816
3129,2583,38,132,41816
3130,2584,38,133,41816
3131,2585,38,134,41816
3132,2274,38,135,41816
3133,2586,38,136,41816
3134,1179,38,137,41816
3135,2587,38,138,41816
3136,2588,38,139,41816
3137,2589,38,140,41816
3138,2590,38,141,41816
3139,2591,38,142,41816
3140,2592,38,143,41816
3141,2593,38,144,41816
3142,301,38,145,41816
3143,2594,38,146,41816
3144,2595,38,147,41816
3145,2596,38,148,41816
3146,2597,38,149,41816
3147,2598,38,150,41816
3148,2599,38,151,41816
3149,2600,38,152,41816
3150,2601,38,153,41816
3151,2602,38,154,41816
3152,2114,38,155,41816
3153,2603,38,156,41816
3154,2604,38,157,41816
3155,2605,38,158,41816
3156,2606,38,159,41816
3157,568,38,160,41816
3158,2288,38,161,41816
3159,156,38,162,41816
3160,2607,38,163,38600
3161,2608,38,164,38600
3162,2609,38,165,38600
3163,2610,38,166,38600
3164,2144,38,167,38600
3165,2611,38,169,38600
3166,2612,38,170,38600
3167,2613,38,171,38600
3168,2614,38,172,38600
3169,2615,38,173,38600
3170,2616,38,174,38600
3171,2617,38,175,38600
3172,1429,38,176,38600
3173,2618,38,177,38600
3174,268,38,178,38600
3175,2619,38,179,38600
3176,2620,38,180,38600
3177,2621,38,181,38600
3178,2622,38,182,38600
3179,2623,38,183,38600
3180,2624,38,184,38600
3181,2625,38,185,38600
3182,2626,38,186,38600
3183,2627,38,187,38600
3184,2628,38,188,38600
3185,2629,38,189,38600
3186,2630,38,190,38600
3187,2631,38,191,38600
3188,2632,38,192,38600
3189,1244,38,193,38600
3190,2633,38,194,38600
3191,2634,38,195,38600
3192,2635,38,196,38600
3193,2636,38,197,38600
3194,2637,38,198,38600
3195,2638,38,199,38600
3196,193,38,200,38600
3197,2639,38,201,38600
3198,2640,38,202,38600
3199,2641,38,203,38600
3200,2642,38,204,38600
3201,2643,38,205,38600
3202,2644,38,206,38600
3203,2645,38,207,38600
3204,2646,38,208,38600
3205,2647,38,209,38600
3206,2648,38,210,38600
3207,1999,38,211,38600
3208,2649,38,212,38600
3209,2650,38,213,38600
3210,2651,38,214,38600
3211,2283,38,215,38600
3212,455,38,216,38600
3213,2091,38,217,38600
3214,2652,38,218,38600
3215,2653,38,219,38600
3216,2654,38,220,38600
3217,2655,38,221,38600
3218,2656,38,222,38600
3219,2657,38,223,38600
3220,2658,38,224,38600
3221,2659,38,225,38600
3222,2660,38,226,35383
3223,2661,38,227,35383
3224,2662,38,228,35383
3225,2663,38,229,35383
3226,2664,38,230,35383
3227,2019,38,231,35383
3228,2665,38,232,35383
3229,2666,38,233,35383
3230,2667,38,234,35383
3231,2207,38,235,35383
3232,872,38,236,35383
3233,2668,38,237,35383
3234,2669,38,238,35383
3235,2670,38,239,35383
3236,1958,38,240,35383
3237,2671,38,241,35383
3238,2672,38,242,35383
3239,2673,38,243,35383
3240,2674,38,244,35383
3241,2675,38,245,35383
3242,2676,38,246,35383
3243,98,38,247,35383
3244,2677,38,248,35383
3245,2678,38,249,35383
3246,2679,38,250,35383
3247,2680,38,251,35383
3248,2681,38,252,35383
3249,2682,38,253,35383
3250,2683,38,254,35383
3251,2684,38,255,35383
3252,2685,38,256,35383
3253,1302,38,257,35383
3254,2686,38,258,35383
3255,2687,38,259,35383
3256,2688,38,260,35383
3257,2689,38,261,35383
3258,2690,38,262,35383
3259,2691,38,263,35383
3260,2692,38,264,35383
3261,1181,38,265,35383
3262,2693,38,266,35383
3263,2694,38,267,35383
3264,466,38,268,35383
3265,2695,38,269,35383
3266,2696,38,270,35383
3267,2697,38,271,35383
3268,2698,38,272,35383
3269,2699,38,273,35383
3270,2700,38,274,35383
3271,2701,38,275,35383
3272,2702,38,276,35383
3273,1198,38,277,35383
3274,2703,38,278,35383
3275,2704,38,279,35383
3276,1537,38,280,35383
3277,1987,38,281,35383
3278,1162,38,282,35383
3279,2705,38,283,35383
3280,1088,38,284,35383
3281,2706,38,285,35383
3282,2707,38,286,35383
3283,2708,38,287,35383
3284,2709,38,288,35383
3285,2710,38,289,32166
3286,2711,38,290,32166
3287,2106,38,291,32166
3288,741,38,292,32166
3289,2712,38,293,32166
3290,1790,38,294,32166
3291,2713,38,295,32166
3292,2714,38,296,32166
3293,2715,38,297,32166
3294,2716,38,298,32166
3295,2717,38,299,32166
3296,2718,38,300,32166
3297,1183,38,301,32166
3298,2719,38,302,32166
3299,2720,38,303,32166
3300,2721,38,304,32166
3301,2722,38,305,32166
3302,2723,38,306,32166
3303,2724,38,307,32166
3304,2725,38,308,32166
3305,2726,38,309,32166
3306,863,38,310,32166
3307,2727,38,311,32166
3308,1768,38,312,32166
3309,2728,38,313,32166
3310,2729,38,314,32166
3311,2730,38,315,32166
3312,2731,38,316,32166
3313,2732,38,317,32166
3314,2733,38,318,32166
3315,2734,38,319,32166
3316,1570,38,320,32166
3317,2735,38,321,32166
3318,2736,38,322,32166
3319,2737,38,323,32166
3320,2738,38,324,32166
3321,2739,38,325,32166
3322,2740,38,326,32166
3323,2741,38,327,32166
3324,2742,38,328,32166
3325,81,38,329,32166
3326,2743,38,330,32166
3327,2744,38,331,32166
3328,2745,38,332,32166
3329,2746,38,333,32166
3330,521,38,334,32166
3331,982,38,335,32166
3332,2747,38,336,32166
3333,1541,38,337,32166
3334,313,38,338,32166
3335,2748,38,339,32166
3336,2749,38,340,32166
3337,2750,38,341,32166
3338,2751,38,342,32166
3339,2752,38,343,32166
3340,2753,38,344,32166
3341,2754,38,345,32166
3342,952,38,346,32166
3343,2755,38,347,32166
3344,2756,38,348,32166
3345,2757,38,349,32166
3346,2758,38,350,32166
3347,2759,38,351,32166
3348,2760,38,352,28950
3349,2761,38,353,28950
3350,2762,38,354,28950
3351,2763,38,355,28950
3352,1132,38,356,28950
3353,2764,38,357,28950
3354,2765,38,358,28950
3355,2766,38,359,28950
3356,1331,38,360,28950
3357,2767,38,361,28950
3358,2768,38,362,28950
3359,2769,38,363,28950
3360,2770,38,364,28950
3361,2771,38,365,28950
3362,2772,38,366,28950
3363,166,38,367,28950
3364,2773,38,368,28950
3365,2774,38,369,28950
3366,2775,38,370,28950
3367,2776,38,371,28950
3368,2777,38,372,28950
3369,2778,38,373,28950
3370,1032,38,374,28950
3371,2779,38,375,28950
3372,2780,38,376,28950
3373,2781,38,377,28950
3374,2782,38,378,28950
3375,2069,38,379,28950
3376,2783,38,380,28950
3377,2784,38,381,28950
3378,2785,38,382,28950
3379,2786,38,383,28950
3380,2787,38,384,28950
3381,901,38,385,28950
3382,2323,38,386,28950
3383,2788,38,387,28950
3384,2789,38,388,28950
3385,1671,38,389,28950
3386,1661,38,390,28950
3387,2790,38,391,28950
3388,2791,38,392,28950
3389,2792,38,393,28950
3390,2793,38,394,28950
3391,2794,38,395,28950
3392,2795,38,396,28950
3393,2796,38,397,28950
3394,2797,38,398,28950
3395,2798,38,399,28950
3396,2799,38,400,28950
3397,2800,38,401,28950
3398,2801,38,402,28950
3399,2802,38,403,28950
3400,2803,38,404,28950
3401,2804,38,405,28950
3402,2805,38,406,28950
3403,2806,38,407,28950
3404,2807,38,408,28950
3405,2808,38,409,28950
3406,2809,38,410,28950
3407,2810,38,411,28950
3408,1291,38,412,28950
3409,2811,38,413,28950
3410,2812,38,414,28950
3411,2813,38,415,27020
3412,609,38,416,27020
3413,2814,38,417,27020
3414,2815,38,418,27020
3415,2816,38,419,27020
3416,2817,38,420,27020
3417,456,38,421,27020
3418,2818,38,422,27020
3419,2819,38,423,27020
3420,2820,38,424,27020
3421,2821,38,425,27020
3422,2822,38,426,27020
3423,2823,38,427,27020
3424,2824,38,428,27020
3425,2825,38,429,27020
3426,2826,38,430,27020
3427,720,38,431,27020
3428,2827,38,432,27020
3429,2828,38,433,27020
3430,2829,38,434,27020
3431,2830,38,435,27020
3432,2831,38,436,27020
3433,1973,38,437,27020
3434,2832,38,438,27020
3435,1036,38,439,27020
3436,2833,38,440,27020
3437,2834,38,441,27020
3438,2835,38,442,27020
3439,2836,38,443,27020
3440,2837,38,444,27020
3441,2838,38,445,27020
3442,2839,38,446,27020
3443,2840,38,447,27020
3444,2841,38,448,27020
3445,635,38,449,27020
3446,2842,38,450,27020
3447,2843,38,451,27020
3448,186,38,452,27020
3449,2844,38,453,27020
3450,2845,38,454,27020
3451,2846,38,455,27020
3452,2847,38,456,27020
3453,2241,38,457,27020
3454,2245,38,458,27020
3455,2848,38,459,27020
3456,2849,38,460,27020
3457,2850,38,461,27020
3458,2851,38,462,27020
3459,2852,38,463,27020
3460,2853,38,464,27020
3461,2854,38,465,27020
3462,2855,38,466,27020
3463,2856,38,467,27020
3464,2857,38,468,27020
3465,2858,38,469,27020
3466,2859,38,470,27020
3467,2860,38,471,27020
3468,2861,38,472,27020
3469,2862,38,473,27020
3470,2863,38,474,27020
3471,1336,38,475,27020
3472,2864,38,476,27020
3473,1359,38,477,27020
3474,649,38,478,25090
3475,2865,38,479,25090
3476,2866,38,480,25090
3477,2867,38,481,25090
3478,2868,38,482,25090
3479,2424,38,483,25090
3480,2869,38,484,25090
3481,2870,38,485,25090
3482,2871,38,486,25090
3483,2370,38,487,25090
3484,2872,38,488,25090
3485,2873,38,489,25090
3486,2874,38,490,25090
3487,2875,38,491,25090
3488,2876,38,492,25090
3489,2877,38,493,25090
3490,2168,38,494,25090
3491,2878,38,495,25090
3492,2879,38,496,25090
3493,2880,38,497,25090
3494,2881,38,498,25090
3495,2882,38,499,25090
3496,804,38,500,25090
3497,2883,38,501,25090
3498,2884,38,502,25090
3499,2885,38,503,25090
3500,2886,38,504,25090
3501,2887,38,505,25090
3502,477,38,506,25090
3503,446,38,507,25090
3504,2888,38,508,25090
3505,2889,38,509,25090
3506,2890,38,510,25090
3507,2891,38,511,25090
3508,2892,38,512,25090
3509,2893,38,513,25090
3510,2894,38,514,25090
3511,2895,38,515,25090
3512,2896,38,516,25090
3513,412,38,517,25090
3514,245,38,518,25090
3515,2897,38,519,25090
3516,2898,38,520,25090
3517,2899,38,521,25090
3518,2900,38,522,25090
3519,2901,38,523,25090
3520,2902,38,524,25090
3521,2903,38,525,25090
3522,1964,38,526,25090
3523,2904,38,527,25090
3524,2905,38,528,25090
3525,2906,38,529,25090
3526,2907,38,530,25090
3527,2908,38,531,25090
3528,2909,38,532,25090
3529,2910,38,533,25090
3530,2911,38,534,25090
3531,2912,38,535,25090
3532,898,38,536,25090
3533,2913,38,537,25090
3534,251,38,538,25090
3535,779,38,539,25090
3536,2914,38,540,25090
3537,2915,38,541,23160
3538,2916,38,542,23160
3539,2917,38,543,23160
3540,1532,38,544,23160
3541,2918,38,545,23160
3542,2919,38,546,23160
3543,2920,38,547,23160
3544,2921,38,548,23160
3545,2922,38,549,23160
3546,2923,38,550,23160
3547,2924,38,551,23160
3548,2925,38,552,23160
3549,2926,38,553,23160
3550,2927,38,554,23160
3551,2928,38,555,23160
3552,2929,38,556,23160
3553,2930,38,557,23160
3554,2931,38,558,23160
3555,2932,38,559,23160
3556,2933,38,560,23160
3557,1235,38,561,23160
3558,2934,38,562,23160
3559,2935,38,563,23160
3560,2936,38,564,23160
3561,2937,38,565,23160
3562,2938,38,566,23160
3563,2939,38,567,23160
3564,2940,38,568,23160
3565,2941,38,569,23160
3566,2942,38,570,23160
3567,2943,38,571,23160
3568,1777,38,572,23160
3569,2944,38,573,23160
3570,2945,38,574,23160
3571,2946,38,575,23160
3572,2947,38,576,23160
3573,2948,38,577,23160
3574,2949,38,578,23160
3575,2950,38,579,23160
3576,2951,38,580,23160
3577,1819,38,581,23160
3578,2952,38,582,23160
3579,2953,38,583,23160
3580,2954,38,584,23160
3581,2955,38,585,23160
3582,2956,38,586,23160
3583,2957,38,587,23160
3584,2958,38,588,23160
3585,2959,38,589,23160
3586,2960,38,590,23160
3587,2961,38,591,23160
3588,1842,38,592,23160
3589,2962,38,593,23160
3590,2963,38,594,23160
3591,2964,38,595,23160
3592,945,38,596,23160
3593,2965,38,597,23160
3594,2966,38,598,23160
3595,2967,38,599,23160
3596,155,38,600,23160
3597,2968,38,601,23160
3598,2969,38,602,23160
3599,2970,38,603,23160
3600,2971,38,604,21230
3601,2972,38,605,21230
3602,2973,38,606,21230
3603,2974,38,607,21230
3604,2975,38,608,21230
3605,2976,38,609,21230
3606,2977,38,610,21230
3607,2978,38,611,21230
3608,2979,38,612,21230
3609,713,38,613,21230
3610,2980,38,614,21230
3611,2981,38,615,21230
3612,365,38,616,21230
3613,2982,38,617,21230
3614,2008,38,618,21230
3615,2983,38,619,21230
3616,2984,38,620,21230
3617,2985,38,621,21230
3618,1989,38,622,21230
3619,2986,38,623,21230
3620,2987,38,624,21230
3621,2988,38,625,21230
3622,2989,38,626,21230
3623,2990,38,627,21230
3624,2064,38,628,21230
3625,2991,38,629,21230
3626,2992,38,630,21230
3627,2993,38,631,21230
3628,2994,38,632,21230
3629,2995,38,633,21230
3630,2996,38,634,21230
3631,2997,38,635,21230
3632,2998,38,636,21230
3633,2999,38,637,21230
3634,3000,38,638,21230
3635,3001,38,639,21230
3636,583,38,640,21230
3637,3002,38,641,21230
3638,3003,38,642,21230
3639,3004,38,643,21230
3640,3005,38,644,21230
3641,3006,38,645,21230
3642,3007,38,646,21230
3643,3008,38,647,21230
3644,3009,38,648,21230
3645,3010,38,649,21230
3646,3011,38,650,21230
3647,238,38,651,21230
3648,3012,38,652,21230
3649,3013,38,653,21230
3650,3014,38,654,21230
3651,2146,38,655,21230
3652,3015,38,656,21230
3653,3016,38,657,21230
3654,3017,38,658,21230
3655,3018,38,659,21230
3656,3019,38,660,21230
3657,3020,38,661,21230
3658,3021,38,662,21230
3659,3022,38,663,21230
3660,3023,38,664,21230
3661,3024,38,665,21230
3662,3025,38,666,21230
3663,3026,39,1,8547044
3664,3027,39,2,5182927
3665,3028,39,3,3479669
3666,1250,39,4,2502890
3667,316,39,5,1953452
3668,3029,39,6,1587160
3669,382,39,7,1404014
3670,2738,39,8,1300231
3671,3030,39,9,1263602
3672,3031,39,10,896730
3673,3032,39,11,896730
3674,3033,39,12,896730
3675,3034,39,13,633022
3676,2080,39,14,633022
3677,3035,39,15,633022
3678,3036,39,16,500557
3679,3037,39,17,500557
3680,3038,39,18,500557
3681,3039,39,19,352832
3682,3040,39,20,352832
3683,3041,39,21,352832
3684,3042,39,22,352832
3685,3043,39,23,352832
3686,3044,39,24,352832
3687,3045,39,25,352832
3688,3046,39,26,352832
3689,3047,39,27,352832
3690,2652,39,28,253941
3691,3048,39,29,253941
3692,3049,39,30,253941
3693,3050,39,31,253941
3694,3051,39,32,253941
3695,3052,39,33,253941
3696,482,39,34,253941
3697,3053,39,35,253941
3698,3054,39,36,253941
3699,3055,39,37,178857
3700,3056,39,38,178857
3701,3057,39,39,178857
3702,3058,39,40,178857
3703,2567,39,41,178857
3704,3059,39,42,178857
3705,3060,39,43,178857
3706,1443,39,44,178857
3707,2484,39,45,178857
3708,3061,39,46,138568
3709,3062,39,47,138568
3710,3063,39,48,138568
3711,2301,39,49,138568
3712,3064,39,50,138568
3713,3065,39,51,138568
3714,390,39,52,138568
3715,3066,39,53,138568
3716,3067,39,54,138568
3717,3068,39,55,108047
3718,3069,39,56,108047
3719,3070,39,57,108047
3720,828,39,58,108047
3721,3071,39,59,108047
3722,3072,39,60,108047
3723,3073,39,61,108047
3724,3074,39,62,108047
3725,3075,39,63,108047
3726,1163,39,64,90344
3727,3015,39,65,90344
3728,3076,39,66,90344
3729,3077,39,67,90344
3730,2722,39,68,90344
3731,3078,39,69,90344
3732,3079,39,70,90344
3733,3080,39,71,90344
3734,3081,39,72,90344
3735,3082,39,73,68979
3736,3083,39,74,68979
3737,3084,39,75,68979
3738,2079,39,76,68979
3739,3085,39,77,68979
3740,2482,39,78,68979
3741,2492,39,79,68979
3742,3086,39,80,68979
3743,3087,39,81,68979
3744,2982,39,82,57991
3745,2657,39,83,57991
3746,3088,39,84,57991
3747,3089,39,85,57991
3748,870,39,86,57991
3749,3090,39,87,57991
3750,3091,39,88,57991
3751,3092,39,89,57991
3752,2412,39,90,57991
3753,760,39,91,47003
3754,3093,39,92,47003
3755,383,39,93,47003
3756,3094,39,94,47003
3757,3095,39,95,47003
3758,3096,39,96,47003
3759,3097,39,97,47003
3760,3098,39,98,47003
3761,3099,39,99,47003
3762,3100,39,100,40288
3763,3101,39,101,40288
3764,3102,39,102,40288
3765,639,39,103,40288
3766,3103,39,104,40288
3767,3104,39,105,40288
3768,476,39,106,40288
3769,3105,39,107,40288
3770,541,39,108,40288
3771,3106,39,109,40288
3772,3107,39,110,40288
3773,1466,39,111,40288
3774,1126,39,112,40288
3775,2553,39,113,40288
3776,3108,39,114,40288
3777,3109,39,115,40288
3778,2185,39,116,40288
3779,3110,39,117,40288
3780,3111,39,118,40288
3781,3112,39,119,40288
3782,3113,39,120,40288
3783,3114,39,121,40288
3784,2775,39,122,40288
3785,3115,39,123,40288
3786,3116,39,124,40288
3787,3117,39,125,40288
3788,1186,39,126,40288
3789,3118,39,127,40288
3790,3119,39,128,40288
3791,2389,39,129,40288
3792,3120,39,130,40288
3793,3121,39,131,40288
3794,3122,39,132,40288
3795,3123,39,133,40288
3796,3124,39,134,40288
3797,3125,39,135,40288
3798,3126,39,136,40288
3799,3127,39,137,40288
3800,2019,39,138,40288
3801,3128,39,139,40288
3802,3129,39,140,40288
3803,2944,39,141,40288
3804,101,39,142,40288
3805,3130,39,143,40288
3806,3131,39,144,40288
3807,3132,39,145,40288
3808,3133,39,146,40288
3809,3134,39,147,40288
3810,3135,39,148,40288
3811,3136,39,149,40288
3812,549,39,150,40288
3813,3137,39,151,40288
3814,3138,39,152,40288
3815,1183,39,153,40288
3816,3139,39,154,40288
3817,3140,39,155,40288
3818,186,39,156,40288
3819,3141,39,157,40288
3820,3142,39,158,40288
3821,3143,39,159,40288
3822,3144,39,160,40288
3823,3145,39,161,40288
3824,3146,39,162,40288
3825,3147,39,163,36626
3826,3148,39,164,36626
3827,3149,39,165,36626
3828,3150,39,166,36626
3829,3151,39,167,36626
3830,3152,39,168,36626
3831,3153,39,169,36626
3832,3154,39,170,36626
3833,3155,39,171,36626
3834,3156,39,172,36626
3835,3157,39,173,36626
3836,3158,39,174,36626
3837,3159,39,175,36626
3838,3160,39,176,36626
3839,3161,39,177,36626
3840,3162,39,178,36626
3841,3163,39,179,36626
3842,3164,39,180,36626
3843,1937,39,181,36626
3844,3165,39,182,36626
3845,3166,39,183,36626
3846,3167,39,184,36626
3847,1774,39,185,36626
3848,3168,39,186,36626
3849,3169,39,187,36626
3850,2684,39,188,36626
3851,2299,39,189,36626
3852,3170,39,190,36626
3853,3171,39,191,36626
3854,3172,39,192,36626
3855,3173,39,193,36626
3856,3174,39,194,36626
3857,3175,39,195,36626
3858,3176,39,196,36626
3859,3177,39,197,36626
3860,3178,39,198,36626
3861,3179,39,199,36626
3862,3180,39,200,36626
3863,3181,39,201,36626
3864,3182,39,202,36626
3865,3183,39,203,36626
3866,2943,39,204,36626
3867,3184,39,205,36626
3868,1993,39,206,36626
3869,2067,39,207,36626
3870,2443,39,208,36626
3871,188,39,209,36626
3872,3185,39,210,36626
3873,3186,39,211,36626
3874,3187,39,212,36626
3875,3188,39,213,36626
3876,3189,39,214,36626
3877,3190,39,215,36626
3878,1164,39,216,36626
3879,3191,39,217,36626
3880,3192,39,218,36626
3881,3193,39,219,36626
3882,3194,39,220,36626
3883,3195,39,221,36626
3884,3196,39,222,36626
3885,1106,39,223,36626
3886,3197,39,224,36626
3887,3198,39,225,36626
3888,3199,39,226,32963
3889,3200,39,227,32963
3890,3201,39,228,32963
3891,3202,39,229,32963
3892,1178,39,230,32963
3893,3203,39,231,32963
3894,3204,39,232,32963
3895,3205,39,233,32963
3896,2197,39,234,32963
3897,3206,39,235,32963
3898,3207,39,236,32963
3899,3208,39,237,32963
3900,2560,39,238,32963
3901,712,39,239,32963
3902,3209,39,240,32963
3903,3210,39,241,32963
3904,2739,39,242,32963
3905,3211,39,243,32963
3906,3212,39,244,32963
3907,1490,39,245,32963
3908,3213,39,246,32963
3909,796,39,247,32963
3910,3214,39,248,32963
3911,2549,39,249,32963
3912,3215,39,250,32963
3913,3216,39,251,32963
3914,85,39,252,32963
3915,3217,39,253,32963
3916,873,39,254,32963
3917,3218,39,255,32963
3918,3219,39,256,32963
3919,3220,39,257,32963
3920,3221,39,258,32963
3921,1992,39,259,32963
3922,2476,39,260,32963
3923,2667,39,261,32963
3924,895,39,262,32963
3925,2424,39,263,32963
3926,3222,39,264,32963
3927,1961,39,265,32963
3928,3223,39,266,32963
3929,3224,39,267,32963
3930,3225,39,268,32963
3931,3226,39,269,32963
3932,3227,39,270,32963
3933,3228,39,271,32963
3934,3229,39,272,32963
3935,3230,39,273,32963
3936,3231,39,274,32963
3937,3232,39,275,32963
3938,3233,39,276,32963
3939,3234,39,277,32963
3940,3235,39,278,32963
3941,3236,39,279,32963
3942,3237,39,280,32963
3943,3238,39,281,32963
3944,3239,39,282,32963
3945,3240,39,283,32963
3946,3241,39,284,32963
3947,3242,39,285,32963
3948,3243,39,286,32963
3949,3244,39,287,32963
3950,3245,39,288,32963
3951,3246,39,289,29911
3952,2518,39,290,29911
3953,3247,39,291,29911
3954,2908,39,292,29911
3955,2089,39,293,29911
3956,3248,39,294,29911
3957,3249,39,295,29911
3958,3250,39,296,29911
3959,3251,39,297,29911
3960,3252,39,298,29911
3961,3253,39,299,29911
3962,2866,39,300,29911
3963,3254,39,301,29911
3964,3255,39,302,29911
3965,3256,39,303,29911
3966,2019,39,304,29911
3967,3257,39,305,29911
3968,502,39,306,29911
3969,3258,39,307,29911
3970,3259,39,308,29911
3971,3260,39,309,29911
3972,3261,39,310,29911
3973,2674,39,311,29911
3974,3262,39,312,29911
3975,3263,39,313,29911
3976,3264,39,314,29911
3977,1351,39,315,29911
3978,3265,39,316,29911
3979,3266,39,317,29911
3980,3267,39,318,29911
3981,1452,39,319,29911
3982,2743,39,320,29911
3983,2510,39,321,29911
3984,48,39,322,29911
3985,3268,39,323,29911
3986,3269,39,324,29911
3987,1662,39,325,29911
3988,3270,39,326,29911
3989,768,39,327,29911
3990,3271,39,328,29911
3991,3272,39,329,29911
3992,3273,39,330,29911
3993,3274,39,331,29911
3994,3275,39,332,29911
3995,3276,39,333,29911
3996,3277,39,334,29911
3997,3278,39,335,29911
3998,3279,39,336,29911
3999,2309,39,337,29911
4000,515,39,338,29911
4001,2687,39,339,29911
4002,3280,39,340,29911
4003,3281,39,341,29911
4004,3282,39,342,29911
4005,3283,39,343,29911
4006,3284,39,344,29911
4007,3285,39,345,29911
4008,1909,39,346,29911
4009,3286,39,347,29911
4010,3287,39,348,29911
4011,3288,39,349,29911
4012,3289,39,350,29911
4013,258,39,351,29911
4014,8,39,352,29911
4015,3290,39,353,29911
4016,3291,39,354,29911
4017,2697,39,355,29911
4018,3292,39,356,29911
4019,691,39,357,29911
4020,3293,39,358,29911
4021,3294,39,359,29911
4022,3295,39,360,29911
4023,695,39,361,27469
4024,3296,39,362,27469
4025,3297,39,363,27469
4026,3298,39,364,27469
4027,3299,39,365,27469
4028,2121,39,366,27469
4029,3300,39,367,27469
4030,2053,39,368,27469
4031,3301,39,369,27469
4032,3302,39,370,27469
4033,3303,39,371,27469
4034,3304,39,372,27469
4035,3305,39,373,27469
4036,3306,39,374,27469
4037,3307,39,375,27469
4038,3308,39,376,27469
4039,1874,39,377,27469
4040,3309,39,378,27469
4041,3310,39,379,27469
4042,3311,39,380,27469
4043,189,39,381,27469
4044,3312,39,382,27469
4045,3313,39,383,27469
4046,3314,39,384,27469
4047,3315,39,385,27469
4048,2581,39,386,27469
4049,155,39,387,27469
4050,3316,39,388,27469
4051,3317,39,389,27469
4052,3318,39,390,27469
4053,3319,39,391,27469
4054,3320,39,392,27469
4055,714,39,393,27469
4056,3321,39,394,27469
4057,3322,39,395,27469
4058,3323,39,396,27469
4059,3324,39,397,27469
4060,3325,39,398,27469
4061,3326,39,399,27469
4062,3327,39,400,27469
4063,3328,39,401,27469
4064,2572,39,402,27469
4065,3329,39,403,27469
4066,3330,39,404,27469
4067,3331,39,405,27469
4068,3332,39,406,27469
4069,3333,39,407,27469
4070,3334,39,408,27469
4071,3335,39,409,27469
4072,3336,39,410,27469
4073,3337,39,411,27469
4074,3338,39,412,27469
4075,3339,39,413,27469
4076,3340,39,414,27469
4077,2370,39,415,27469
4078,3341,39,416,27469
4079,3342,39,417,27469
4080,3343,39,418,27469
4081,3344,39,419,27469
4082,168,39,420,27469
4083,3345,39,421,27469
4084,3346,39,422,27469
4085,991,39,423,27469
4086,3347,39,424,27469
4087,3348,39,425,27469
4088,3349,39,426,27469
4089,3350,39,427,27469
4090,3351,39,428,27469
4091,3352,39,429,27469
4092,3353,39,430,27469
4093,3354,39,431,27469
4094,3355,39,432,27469
4095,3356,39,433,25027
4096,3357,39,434,25027
4097,3358,39,435,25027
4098,117,39,436,25027
4099,2083,39,437,25027
4100,3359,39,438,25027
4101,3360,39,439,25027
4102,3361,39,440,25027
4103,3362,39,441,25027
4104,3363,39,442,25027
4105,3364,39,443,25027
4106,3365,39,444,25027
4107,3366,39,445,25027
4108,3367,39,446,25027
4109,3368,39,447,25027
4110,2700,39,448,25027
4111,3369,39,449,25027
4112,2493,39,450,25027
4113,3370,39,451,25027
4114,183,39,452,25027
4115,3371,39,453,25027
4116,3372,39,454,25027
4117,3373,39,455,25027
4118,3374,39,456,25027
4119,3375,39,457,25027
4120,2361,39,458,25027
4121,3376,39,459,25027
4122,3377,39,460,25027
4123,3378,39,461,25027
4124,2114,39,462,25027
4125,3379,39,463,25027
4126,3380,39,464,25027
4127,3381,39,465,25027
4128,3382,39,466,25027
4129,3383,39,467,25027
4130,3384,39,468,25027
4131,3385,39,469,25027
4132,3386,39,470,25027
4133,3387,39,471,25027
4134,3388,39,472,25027
4135,3389,39,473,25027
4136,3390,39,474,25027
4137,3391,39,475,25027
4138,3392,39,476,25027
4139,3393,39,477,25027
4140,2632,39,478,25027
4141,3394,39,479,25027
4142,1146,39,480,25027
4143,3395,39,481,25027
4144,3396,39,482,25027
4145,3397,39,483,25027
4146,909,39,484,25027
4147,3398,39,485,25027
4148,3399,39,486,25027
4149,3400,39,487,25027
4150,3401,39,488,25027
4151,3402,39,489,25027
4152,2570,39,490,25027
4153,3403,39,491,25027
4154,563,39,492,25027
4155,3404,39,493,25027
4156,3405,39,494,25027
4157,3406,39,495,25027
4158,1804,39,496,25027
4159,3407,39,497,25027
4160,2546,39,498,25027
4161,3408,39,499,25027
4162,3409,39,500,25027
4163,3410,39,501,25027
4164,3411,39,502,25027
4165,3412,39,503,25027
4166,3413,39,504,25027
4167,620,39,505,23196
4168,3414,39,506,23196
4169,1350,39,507,23196
4170,2679,39,508,23196
4171,762,39,509,23196
4172,3415,39,510,23196
4173,3416,39,511,23196
4174,3417,39,512,23196
4175,2397,39,513,23196
4176,3418,39,514,23196
4177,3419,39,515,23196
4178,2295,39,516,23196
4179,3420,39,517,23196
4180,3421,39,518,23196
4181,484,39,519,23196
4182,3422,39,520,23196
4183,3423,39,521,23196
4184,3424,39,522,23196
4185,2244,39,523,23196
4186,3425,39,524,23196
4187,3426,39,525,23196
4188,561,39,526,23196
4189,3427,39,527,23196
4190,3428,39,528,23196
4191,3429,39,529,23196
4192,3430,39,530,23196
4193,3431,39,531,23196
4194,3432,39,532,23196
4195,3433,39,533,23196
4196,3434,39,534,23196
4197,3435,39,535,23196
4198,3436,39,536,23196
4199,3437,39,537,23196
4200,3438,39,538,23196
4201,3439,39,539,23196
4202,3440,39,540,23196
4203,3441,39,541,23196
4204,3442,39,542,23196
4205,3443,39,543,23196
4206,1469,39,544,23196
4207,1514,39,545,23196
4208,3444,39,546,23196
4209,3445,39,547,23196
4210,3446,39,548,23196
4211,3447,39,549,23196
4212,526,39,550,23196
4213,3448,39,551,23196
4214,3449,39,552,23196
4215,3450,39,553,23196
4216,3451,39,554,23196
4217,3452,39,555,23196
4218,3453,39,556,23196
4219,3454,39,557,23196
4220,3455,39,558,23196
4221,3456,39,559,23196
4222,3457,39,560,23196
4223,311,39,561,23196
4224,3458,39,562,23196
4225,2562,39,563,23196
4226,2668,39,564,23196
4227,3459,39,565,23196
4228,3460,39,566,23196
4229,2969,39,567,23196
4230,3461,39,568,23196
4231,3462,39,569,23196
4232,86,39,570,23196
4233,3463,39,571,23196
4234,3464,39,572,23196
4235,3465,39,573,23196
4236,3466,39,574,23196
4237,3467,39,575,23196
4238,1502,39,576,23196
4239,3468,39,577,21365
4240,3469,39,578,21365
4241,3470,39,579,21365
4242,3471,39,580,21365
4243,3472,39,581,21365
4244,3473,39,582,21365
4245,3474,39,583,21365
4246,3475,39,584,21365
4247,3476,39,585,21365
4248,3477,39,586,21365
4249,3478,39,587,21365
4250,2803,39,588,21365
4251,1182,39,589,21365
4252,1794,39,590,21365
4253,3479,39,591,21365
4254,3480,39,592,21365
4255,3481,39,593,21365
4256,1964,39,594,21365
4257,3482,39,595,21365
4258,596,39,596,21365
4259,3483,39,597,21365
4260,1555,39,598,21365
4261,2351,39,599,21365
4262,206,39,600,21365
4263,3484,39,601,21365
4264,3485,39,602,21365
4265,2022,39,603,21365
4266,3486,39,604,21365
4267,3487,39,605,21365
4268,3488,39,606,21365
4269,3489,39,607,21365
4270,3490,39,608,21365
4271,3491,39,609,21365
4272,3492,39,610,21365
4273,3493,39,611,21365
4274,488,39,612,21365
4275,3494,39,613,21365
4276,2054,39,614,21365
4277,3495,39,615,21365
4278,862,39,616,21365
4279,3496,39,617,21365
4280,3497,39,618,21365
4281,3498,39,619,21365
4282,3499,39,620,21365
4283,3500,39,621,21365
4284,3501,39,622,21365
4285,3502,39,623,21365
4286,3503,39,624,21365
4287,3504,39,625,21365
4288,3505,39,626,21365
4289,3506,39,627,21365
4290,3507,39,628,21365
4291,3508,39,629,21365
4292,3509,39,630,21365
4293,3510,39,631,21365
4294,3511,39,632,21365
4295,3512,39,633,21365
4296,3513,39,634,21365
4297,3514,39,635,21365
4298,3515,39,636,21365
4299,3516,39,637,21365
4300,3517,39,638,21365
4301,3518,39,639,21365
4302,3519,39,640,21365
4303,3520,39,641,21365
4304,3521,39,642,21365
4305,3522,39,643,21365
4306,3523,39,644,21365
4307,3524,39,645,21365
4308,3525,39,646,21365
4309,3526,39,647,21365
4310,3527,39,648,21365
4311,3528,40,1,8944310
4312,3529,40,2,5545955
4313,3530,40,3,4130049
4314,3531,40,4,3092545
4315,842,40,5,2332992
4316,3532,40,6,1772959
4317,3533,40,7,1356720
4318,3534,40,8,1045743
4319,3535,40,9,811823
4320,3536,40,10,635011
4321,3537,40,11,635011
4322,2516,40,12,635011
4323,3538,40,13,500165
4324,313,40,14,500165
4325,3086,40,15,500165
4326,3539,40,16,396967
4327,3540,40,17,396967
4328,1114,40,18,396967
4329,3541,40,19,317161
4330,3542,40,20,317161
4331,2318,40,21,317161
4332,3543,40,22,317161
4333,3544,40,23,317161
4334,3545,40,24,317161
4335,3546,40,25,317161
4336,2974,40,26,317161
4337,3547,40,27,317161
4338,3548,40,28,255242
4339,3549,40,29,255242
4340,3550,40,30,255242
4341,3551,40,31,255242
4342,3552,40,32,255242
4343,3553,40,33,255242
4344,3554,40,34,255242
4345,3555,40,35,255242
4346,3556,40,36,255242
4347,3113,40,37,206395
4348,3557,40,38,206395
4349,3558,40,39,206395
4350,3559,40,40,206395
4351,3560,40,41,206395
4352,3561,40,42,206395
4353,3562,40,43,206395
4354,3563,40,44,206395
4355,3564,40,45,206395
4356,3565,40,46,168556
4357,3566,40,47,168556
4358,3567,40,48,168556
4359,3568,40,49,168556
4360,1327,40,50,168556
4361,3569,40,51,168556
4362,2546,40,52,168556
4363,3570,40,53,168556
4364,3419,40,54,168556
4365,3571,40,55,138285
4366,3572,40,56,138285
4367,3573,40,57,138285
4368,3102,40,58,138285
4369,3574,40,59,138285
4370,3575,40,60,138285
4371,3576,40,61,138285
4372,1697,40,62,138285
4373,3577,40,63,138285
4374,3578,40,64,114205
4375,3579,40,65,114205
4376,1966,40,66,114205
4377,3580,40,67,114205
4378,3581,40,68,114205
4379,3582,40,69,114205
4380,3583,40,70,114205
4381,3584,40,71,114205
4382,3585,40,72,114205
4383,3586,40,73,94942
4384,3587,40,74,94942
4385,1986,40,75,94942
4386,3588,40,76,94942
4387,3589,40,77,94942
4388,2835,40,78,94942
4389,2619,40,79,94942
4390,3590,40,80,94942
4391,3591,40,81,94942
4392,3592,40,82,79806
4393,3593,40,83,79806
4394,3594,40,84,79806
4395,3595,40,85,79806
4396,585,40,86,79806
4397,1396,40,87,79806
4398,3596,40,88,79806
4399,3597,40,89,79806
4400,3598,40,90,79806
4401,3599,40,91,67422
4402,3600,40,92,67422
4403,3601,40,93,67422
4404,2833,40,94,67422
4405,3602,40,95,67422
4406,3603,40,96,67422
4407,3604,40,97,67422
4408,3605,40,98,67422
4409,474,40,99,67422
4410,3606,40,100,57102
4411,3607,40,101,57102
4412,3608,40,102,57102
4413,3609,40,103,57102
4414,3610,40,104,57102
4415,3117,40,105,57102
4416,3611,40,106,57102
4417,3612,40,107,57102
4418,2244,40,108,57102
4419,2505,40,109,57102
4420,3613,40,110,57102
4421,3614,40,111,57102
4422,2476,40,112,57102
4423,2087,40,113,57102
4424,3615,40,114,57102
4425,3616,40,115,57102
4426,2245,40,116,57102
4427,2324,40,117,57102
4428,2119,40,118,57102
4429,3617,40,119,57102
4430,3618,40,120,57102
4431,3619,40,121,57102
4432,3620,40,122,57102
4433,3621,40,123,57102
4434,3622,40,124,57102
4435,3623,40,125,57102
4436,3624,40,126,57102
4437,3625,40,127,57102
4438,2970,40,128,57102
4439,104,40,129,57102
4440,3626,40,130,57102
4441,3627,40,131,57102
4442,3628,40,132,57102
4443,3629,40,133,57102
4444,2767,40,134,57102
4445,3630,40,135,57102
4446,3631,40,136,57102
4447,3632,40,137,57102
4448,3633,40,138,57102
4449,3634,40,139,57102
4450,3635,40,140,57102
4451,3636,40,141,57102
4452,3637,40,142,57102
4453,3638,40,143,57102
4454,1981,40,144,57102
4455,3639,40,145,57102
4456,3640,40,146,57102
4457,3641,40,147,57102
4458,3642,40,148,57102
4459,3643,40,149,57102
4460,3455,40,150,57102
4461,3644,40,151,57102
4462,3645,40,152,57102
4463,3646,40,153,57102
4464,3647,40,154,57102
4465,3648,40,155,57102
4466,81,40,156,57102
4467,840,40,157,57102
4468,561,40,158,57102
4469,3649,40,159,57102
4470,3650,40,160,57102
4471,1594,40,161,57102
4472,3651,40,162,57102
4473,3652,40,163,57102
4474,3653,40,164,57102
4475,3654,40,165,57102
4476,3655,40,166,57102
4477,3656,40,167,57102
4478,2713,40,168,57102
4479,372,40,169,57102
4480,3657,40,170,57102
4481,3658,40,171,57102
4482,2247,40,172,48847
4483,3659,40,173,48847
4484,3660,40,174,48847
4485,2803,40,175,48847
4486,3661,40,176,48847
4487,3662,40,177,48847
4488,3663,40,178,48847
4489,2624,40,179,48847
4490,3664,40,180,48847
4491,3665,40,181,48847
4492,3666,40,182,48847
4493,3667,40,183,48847
4494,3668,40,184,48847
4495,3669,40,185,48847
4496,3670,40,186,48847
4497,3671,40,187,48847
4498,3672,40,188,48847
4499,3673,40,189,48847
4500,3674,40,190,48847
4501,3675,40,191,48847
4502,3676,40,192,48847
4503,3677,40,193,48847
4504,2020,40,194,48847
4505,3678,40,195,48847
4506,2003,40,196,48847
4507,3679,40,197,48847
4508,3680,40,198,48847
4509,3681,40,199,48847
4510,693,40,200,48847
4511,3682,40,201,48847
4512,2710,40,202,48847
4513,591,40,203,48847
4514,3182,40,204,48847
4515,3683,40,205,48847
4516,3684,40,206,48847
4517,3685,40,207,48847
4518,3686,40,208,48847
4519,265,40,209,48847
4520,3687,40,210,48847
4521,3688,40,211,48847
4522,3689,40,212,48847
4523,3690,40,213,48847
4524,3691,40,214,48847
4525,2106,40,215,48847
4526,3692,40,216,48847
4527,3693,40,217,48847
4528,3694,40,218,48847
4529,3695,40,219,48847
4530,3696,40,220,48847
4531,3697,40,221,48847
4532,3698,40,222,48847
4533,3699,40,223,48847
4534,3700,40,224,48847
4535,3701,40,225,48847
4536,3702,40,226,48847
4537,3452,40,227,48847
4538,3703,40,228,48847
4539,3704,40,229,48847
4540,3705,40,230,48847
4541,3706,40,231,48847
4542,3707,40,232,48847
4543,3708,40,233,48847
4544,3709,40,234,48847
4545,2048,40,235,48847
4546,3710,40,236,48847
4547,3711,40,237,48847
4548,3712,40,238,48847
4549,3713,40,239,48847
4550,3714,40,240,48847
4551,3715,40,241,48847
4552,3716,40,242,48847
4553,3717,40,243,48847
4554,3718,40,244,41967
4555,3719,40,245,41967
4556,3144,40,246,41967
4557,3720,40,247,41967
4558,3721,40,248,41967
4559,3722,40,249,41967
4560,2347,40,250,41967
4561,3723,40,251,41967
4562,3724,40,252,41967
4563,3725,40,253,41967
4564,3726,40,254,41967
4565,3727,40,255,41967
4566,3728,40,256,41967
4567,2638,40,257,41967
4568,3729,40,258,41967
4569,989,40,259,41967
4570,3282,40,260,41967
4571,3730,40,261,41967
4572,1842,40,262,41967
4573,3731,40,263,41967
4574,3732,40,264,41967
4575,2037,40,265,41967
4576,3733,40,266,41967
4577,284,40,267,41967
4578,3734,40,268,41967
4579,3735,40,269,41967
4580,3736,40,270,41967
4581,3737,40,271,41967
4582,3738,40,272,41967
4583,3739,40,273,41967
4584,3740,40,274,41967
4585,3741,40,275,41967
4586,3742,40,276,41967
4587,3743,40,277,41967
4588,3744,40,278,41967
4589,845,40,279,41967
4590,3745,40,280,41967
4591,3746,40,281,41967
4592,3747,40,282,41967
4593,3748,40,283,41967
4594,3749,40,284,41967
4595,3750,40,285,41967
4596,3751,40,286,41967
4597,3067,40,287,41967
4598,3752,40,288,41967
4599,3753,40,289,41967
4600,3754,40,290,41967
4601,1940,40,291,41967
4602,3755,40,292,41967
4603,3756,40,293,41967
4604,2091,40,294,41967
4605,3757,40,295,41967
4606,3758,40,296,41967
4607,3759,40,297,41967
4608,3760,40,298,41967
4609,3761,40,299,41967
4610,2654,40,300,41967
4611,2772,40,301,41967
4612,3509,40,302,41967
4613,3762,40,303,41967
4614,3763,40,304,41967
4615,2735,40,305,41967
4616,3764,40,306,41967
4617,3765,40,307,41967
4618,1909,40,308,41967
4619,3766,40,309,41967
4620,3767,40,310,41967
4621,3768,40,311,41967
4622,3769,40,312,41967
4623,3770,40,313,41967
4624,3771,40,314,41967
4625,3772,40,315,41967
4626,3773,40,316,36463
4627,3774,40,317,36463
4628,156,40,318,36463
4629,3775,40,319,36463
4630,3776,40,320,36463
4631,3777,40,321,36463
4632,3778,40,322,36463
4633,2582,40,323,36463
4634,3779,40,324,36463
4635,3780,40,325,36463
4636,3781,40,326,36463
4637,3782,40,327,36463
4638,3783,40,328,36463
4639,2869,40,329,36463
4640,3165,40,330,36463
4641,100,40,331,36463
4642,3784,40,332,36463
4643,3041,40,333,36463
4644,3785,40,334,36463
4645,3786,40,335,36463
4646,3787,40,336,36463
4647,3788,40,337,36463
4648,3789,40,338,36463
4649,3790,40,339,36463
4650,3791,40,340,36463
4651,1583,40,341,36463
4652,3792,40,342,36463
4653,3793,40,343,36463
4654,3794,40,344,36463
4655,3795,40,345,36463
4656,3796,40,346,36463
4657,3797,40,347,36463
4658,3798,40,348,36463
4659,3799,40,349,36463
4660,3800,40,350,36463
4661,3801,40,351,36463
4662,3802,40,352,36463
4663,3803,40,353,36463
4664,3804,40,354,36463
4665,635,40,355,36463
4666,3805,40,356,36463
4667,3806,40,357,36463
4668,3807,40,358,36463
4669,3808,40,359,36463
4670,3809,40,360,36463
4671,3810,40,361,36463
4672,3811,40,362,36463
4673,3238,40,363,36463
4674,3812,40,364,36463
4675,3146,40,365,36463
4676,3410,40,366,36463
4677,2820,40,367,36463
4678,3813,40,368,36463
4679,3814,40,369,36463
4680,3815,40,370,36463
4681,3816,40,371,36463
4682,3817,40,372,36463
4683,3818,40,373,36463
4684,3819,40,374,36463
4685,3820,40,375,36463
4686,3821,40,376,36463
4687,3822,40,377,36463
4688,3823,40,378,36463
4689,3824,40,379,36463
4690,3825,40,380,36463
4691,3826,40,381,36463
4692,3827,40,382,36463
4693,3828,40,383,36463
4694,3829,40,384,36463
4695,2489,40,385,36463
4696,2564,40,386,36463
4697,3830,40,387,36463
4698,3831,40,388,31647
4699,3832,40,389,31647
4700,3833,40,390,31647
4701,3834,40,391,31647
4702,3835,40,392,31647
4703,3836,40,393,31647
4704,3837,40,394,31647
4705,3838,40,395,31647
4706,3839,40,396,31647
4707,3840,40,397,31647
4708,3841,40,398,31647
4709,3842,40,399,31647
4710,3843,40,400,31647
4711,3844,40,401,31647
4712,3845,40,402,31647
4713,847,40,403,31647
4714,3846,40,404,31647
4715,3847,40,405,31647
4716,3848,40,406,31647
4717,3849,40,407,31647
4718,1531,40,408,31647
4719,3850,40,409,31647
4720,648,40,410,31647
4721,3851,40,411,31647
4722,3852,40,412,31647
4723,3853,40,413,31647
4724,3854,40,414,31647
4725,3855,40,415,31647
4726,3856,40,416,31647
4727,3857,40,417,31647
4728,3858,40,418,31647
4729,3859,40,419,31647
4730,2304,40,420,31647
4731,3860,40,421,31647
4732,3861,40,422,31647
4733,3862,40,423,31647
4734,3863,40,424,31647
4735,3864,40,425,31647
4736,3865,40,426,31647
4737,3866,40,427,31647
4738,3867,40,428,31647
4739,3868,40,429,31647
4740,3253,40,430,31647
4741,3869,40,431,31647
4742,3870,40,432,31647
4743,3871,40,433,31647
4744,3872,40,434,31647
4745,3873,40,435,31647
4746,3874,40,436,31647
4747,3875,40,437,31647
4748,3876,40,438,31647
4749,3877,40,439,31647
4750,3878,40,440,31647
4751,3879,40,441,31647
4752,3880,40,442,31647
4753,3881,40,443,31647
4754,2497,40,444,31647
4755,2669,40,445,31647
4756,3882,40,446,31647
4757,3883,40,447,31647
4758,3199,40,448,31647
4759,2460,40,449,31647
4760,3884,40,450,31647
4761,3885,40,451,31647
4762,399,40,452,31647
4763,3886,40,453,31647
4764,3887,40,454,31647
4765,3888,40,455,31647
4766,3889,40,456,31647
4767,3890,40,457,31647
4768,3891,40,458,31647
4769,2477,40,459,31647
4770,1752,40,460,27519
4771,3892,40,461,27519
4772,2769,40,462,27519
4773,3893,40,463,27519
4774,3894,40,464,27519
4775,3895,40,465,27519
4776,3896,40,466,27519
4777,3897,40,467,27519
4778,3898,40,468,27519
4779,3899,40,469,27519
4780,3900,40,470,27519
4781,430,40,471,27519
4782,3901,40,472,27519
4783,3902,40,473,27519
4784,3903,40,474,27519
4785,3904,40,475,27519
4786,3905,40,476,27519
4787,3906,40,477,27519
4788,3907,40,478,27519
4789,3908,40,479,27519
4790,3909,40,480,27519
4791,3910,40,481,27519
4792,3911,40,482,27519
4793,3912,40,483,27519
4794,3913,40,484,27519
4795,2047,40,485,27519
4796,3914,40,486,27519
4797,3915,40,487,27519
4798,3916,40,488,27519
4799,3917,40,489,27519
4800,3918,40,490,27519
4801,3919,40,491,27519
4802,3920,40,492,27519
4803,3921,40,493,27519
4804,3922,40,494,27519
4805,3923,40,495,27519
4806,851,40,496,27519
4807,3924,40,497,27519
4808,125,40,498,27519
4809,3925,40,499,27519
4810,3926,40,500,27519
4811,3927,40,501,27519
4812,3928,40,502,27519
4813,3929,40,503,27519
4814,883,40,504,27519
4815,3930,40,505,27519
4816,3931,40,506,27519
4817,166,40,507,27519
4818,3932,40,508,27519
4819,3933,40,509,27519
4820,3934,40,510,27519
4821,3935,40,511,27519
4822,3936,40,512,27519
4823,3937,40,513,27519
4824,3938,40,514,27519
4825,1669,40,515,27519
4826,3939,40,516,27519
4827,3940,40,517,27519
4828,3941,40,518,27519
4829,3942,40,519,27519
4830,3943,40,520,27519
4831,3944,40,521,27519
4832,3945,40,522,27519
4833,3946,40,523,27519
4834,3947,40,524,27519
4835,3415,40,525,27519
4836,3948,40,526,27519
4837,3949,40,527,27519
4838,3950,40,528,27519
4839,3951,40,529,27519
4840,3952,40,530,27519
4841,714,40,531,27519
4842,3953,40,532,24079
4843,3954,40,533,24079
4844,3955,40,534,24079
4845,3956,40,535,24079
4846,2146,40,536,24079
4847,3957,40,537,24079
4848,3958,40,538,24079
4849,2541,40,539,24079
4850,3959,40,540,24079
4851,3960,40,541,24079
4852,3961,40,542,24079
4853,3962,40,543,24079
4854,3963,40,544,24079
4855,3964,40,545,24079
4856,3965,40,546,24079
4857,3966,40,547,24079
4858,3967,40,548,24079
4859,3968,40,549,24079
4860,3969,40,550,24079
4861,2597,40,551,24079
4862,3970,40,552,24079
4863,3971,40,553,24079
4864,1250,40,554,24079
4865,3972,40,555,24079
4866,3973,40,556,24079
4867,3974,40,557,24079
4868,3975,40,558,24079
4869,3976,40,559,24079
4870,3426,40,560,24079
4871,3977,40,561,24079
4872,2301,40,562,24079
4873,2503,40,563,24079
4874,3978,40,564,24079
4875,3979,40,565,24079
4876,3980,40,566,24079
4877,3981,40,567,24079
4878,3982,40,568,24079
4879,3983,40,569,24079
4880,3032,40,570,24079
4881,3984,40,571,24079
4882,3985,40,572,24079
4883,3986,40,573,24079
4884,3987,40,574,24079
4885,3988,40,575,24079
4886,3989,40,576,24079
4887,3990,40,577,24079
4888,3991,40,578,24079
4889,3992,40,579,24079
4890,3993,40,580,24079
4891,355,40,581,24079
4892,98,40,582,24079
4893,3994,40,583,24079
4894,3995,40,584,24079
4895,3996,40,585,24079
4896,3997,40,586,24079
4897,3998,40,587,24079
4898,3167,40,588,24079
4899,3999,40,589,24079
4900,4000,40,590,24079
4901,186,40,591,24079
4902,4001,40,592,24079
4903,4002,40,593,24079
4904,4003,40,594,24079
4905,4004,40,595,24079
4906,4005,40,596,24079
4907,4006,40,597,24079
4908,4007,40,598,24079
4909,4008,40,599,24079
4910,4009,40,600,24079
4911,4010,40,601,24079
4912,4011,40,602,24079
4913,2099,40,603,24079
4914,4012,40,604,21327
4915,4013,40,605,21327
4916,4014,40,606,21327
4917,3131,40,607,21327
4918,2722,40,608,21327
4919,4015,40,609,21327
4920,4016,40,610,21327
4921,1244,40,611,21327
4922,4017,40,612,21327
4923,4018,40,613,21327
4924,4019,40,614,21327
4925,4020,40,615,21327
4926,4021,40,616,21327
4927,2380,40,617,21327
4928,4022,40,618,21327
4929,4023,40,619,21327
4930,4024,40,620,21327
4931,4025,40,621,21327
4932,4026,40,622,21327
4933,4027,40,623,21327
4934,4028,40,624,21327
4935,4029,40,625,21327
4936,4030,40,626,21327
4937,4031,40,627,21327
4938,4032,40,628,21327
4939,2660,40,629,21327
4940,4033,40,630,21327
4941,4034,40,631,21327
4942,4035,40,632,21327
4943,4036,40,633,21327
4944,4037,40,634,21327
4945,4038,40,635,21327
4946,3438,40,636,21327
4947,3088,40,637,21327
4948,4039,40,638,21327
4949,4040,40,639,21327
4950,4041,40,640,21327
4951,4042,40,641,21327
4952,242,40,642,21327
4953,4043,40,643,21327
4954,4044,40,644,21327
4955,4045,40,645,21327
4956,4046,40,646,21327
4957,4047,40,647,21327
4958,4048,40,648,21327
4959,4049,40,649,21327
4960,4050,40,650,21327
4961,4051,40,651,21327
4962,4052,40,652,21327
4963,4053,40,653,21327
4964,4054,40,654,21327
4965,526,40,655,21327
4966,3384,40,656,21327
4967,4055,40,657,21327
4968,4056,40,658,21327
4969,2862,40,659,21327
4970,4057,40,660,21327
4971,4058,40,661,21327
4972,4059,40,662,21327
4973,4060,40,663,21327
4974,4061,40,664,21327
4975,4062,40,665,21327
4976,4063,40,666,21327
4977,4064,40,667,21327
4978,3221,40,668,21327
4979,4065,40,669,21327
4980,2596,40,670,21327
4981,4066,40,671,21327
4982,145,40,672,21327
4983,4067,40,673,21327
4984,4068,40,674,21327
4985,4069,40,675,21327
4986,4070,40,676,19263
4987,4071,40,677,19263
4988,4072,40,678,19263
4989,4073,40,679,19263
4990,4074,40,680,19263
4991,4075,40,681,19263
4992,4076,40,682,19263
4993,4077,40,683,19263
4994,4078,40,684,19263
4995,4079,40,685,19263
4996,4080,40,686,19263
4997,4081,40,687,19263
4998,4082,40,688,19263
4999,4083,40,689,19263
5000,4084,40,690,19263
5001,3209,40,691,19263
5002,4085,40,692,19263
5003,540,40,693,19263
5004,3048,40,694,19263
5005,4086,40,695,19263
5006,4087,40,696,19263
5007,4088,40,697,19263
5008,4089,40,698,19263
5009,4090,40,699,19263
5010,3255,40,700,19263
5011,4091,40,701,19263
5012,4092,40,702,19263
5013,2421,40,703,19263
5014,3346,40,704,19263
5015,4093,40,705,19263
5016,4094,40,706,19263
5017,4095,40,707,19263
5018,4096,40,708,19263
5019,4097,40,709,19263
5020,4098,40,710,19263
5021,4099,40,711,19263
5022,4100,40,712,19263
5023,4101,40,713,19263
5024,4102,40,714,19263
5025,2743,40,715,19263
5026,3296,40,716,19263
5027,4103,40,717,19263
5028,4104,40,718,19263
5029,3337,40,719,19263
5030,4105,40,720,19263
5031,1695,40,721,19263
5032,4106,40,722,19263
5033,4107,40,723,19263
5034,4108,40,724,19263
5035,4109,40,725,19263
5036,2678,40,726,19263
5037,4110,40,727,19263
5038,4111,40,728,19263
5039,4112,40,729,19263
5040,481,40,730,19263
5041,4113,40,731,19263
5042,4114,40,732,19263
5043,4115,40,733,19263
5044,4116,40,734,19263
5045,4117,40,735,19263
5046,90,40,736,19263
5047,1178,40,737,19263
5048,4118,40,738,19263
5049,4119,40,739,19263
5050,4120,40,740,19263
5051,2114,40,741,19263
5052,4121,40,742,19263
5053,2102,40,743,19263
5054,4122,40,744,19263
5055,4123,40,745,19263
5056,4124,40,746,19263
5057,4125,40,747,19263
5058,4126,41,1,8715638
5059,4127,41,2,5433086
5060,2080,41,3,4021138
5061,1617,41,4,3012700
5062,4128,41,5,2269599
5063,4129,41,6,1720831
5064,4130,41,7,1314097
5065,4131,41,8,1010015
5066,4132,41,9,782115
5067,4133,41,10,607882
5068,4134,41,11,607882
5069,4135,41,12,607882
5070,4136,41,13,478174
5071,4137,41,14,478174
5072,4138,41,15,478174
5073,4139,41,16,378796
5074,4140,41,17,378796
5075,4028,41,18,378796
5076,4141,41,19,302005
5077,4142,41,20,302005
5078,4143,41,21,302005
5079,1391,41,22,302005
5080,4144,41,23,302005
5081,4145,41,24,302005
5082,4146,41,25,302005
5083,3614,41,26,302005
5084,4147,41,27,302005
5085,4148,41,28,242636
5086,4149,41,29,242636
5087,4150,41,30,242636
5088,4151,41,31,242636
5089,125,41,32,242636
5090,4152,41,33,242636
5091,3913,41,34,242636
5092,4153,41,35,242636
5093,4154,41,36,242636
5094,2417,41,37,196174
5095,4155,41,38,196174
5096,4156,41,39,196174
5097,4157,41,40,196174
5098,4158,41,41,196174
5099,4159,41,42,196174
5100,4160,41,43,196174
5101,4161,41,44,196174
5102,4162,41,45,196174
5103,4163,41,46,160036
5104,768,41,47,160036
5105,4164,41,48,160036
5106,1531,41,49,160036
5107,4165,41,50,160036
5108,4166,41,51,160036
5109,4167,41,52,160036
5110,1396,41,53,160036
5111,4168,41,54,160036
5112,4169,41,55,130997
5113,383,41,56,130997
5114,4170,41,57,130997
5115,4171,41,58,130997
5116,4172,41,59,130997
5117,4173,41,60,130997
5118,4174,41,61,130997
5119,4175,41,62,130997
5120,4176,41,63,130997
5121,4177,41,64,108412
5122,2835,41,65,108412
5123,4178,41,66,108412
5124,4179,41,67,108412
5125,4180,41,68,108412
5126,355,41,69,108412
5127,4181,41,70,108412
5128,4182,41,71,108412
5129,4183,41,72,108412
5130,4184,41,73,90343
5131,4185,41,74,90343
5132,4186,41,75,90343
5133,4187,41,76,90343
5134,2042,41,77,90343
5135,4188,41,78,90343
5136,3735,41,79,90343
5137,4189,41,80,90343
5138,3820,41,81,90343
5139,4190,41,82,76146
5140,2778,41,83,76146
5141,4191,41,84,76146
5142,4192,41,85,76146
5143,3049,41,86,76146
5144,4193,41,87,76146
5145,3126,41,88,76146
5146,3176,41,89,76146
5147,4194,41,90,76146
5148,1224,41,91,64531
5149,3606,41,92,64531
5150,4195,41,93,64531
5151,4196,41,94,64531
5152,2121,41,95,64531
5153,4197,41,96,64531
5154,4198,41,97,64531
5155,3821,41,98,64531
5156,1132,41,99,64531
5157,3257,41,100,54851
5158,4199,41,101,54851
5159,1878,41,102,54851
5160,4200,41,103,54851
5161,4201,41,104,54851
5162,4202,41,105,54851
5163,4203,41,106,54851
5164,588,41,107,54851
5165,4204,41,108,54851
5166,4205,41,109,54851
5167,4206,41,110,54851
5168,4207,41,111,54851
5169,361,41,112,54851
5170,4208,41,113,54851
5171,3530,41,114,54851
5172,4209,41,115,54851
5173,4210,41,116,54851
5174,4211,41,117,54851
5175,2969,41,118,54851
5176,4212,41,119,54851
5177,4213,41,120,54851
5178,4214,41,121,54851
5179,4215,41,122,54851
5180,4216,41,123,54851
5181,1820,41,124,54851
5182,4217,41,125,54851
5183,4106,41,126,54851
5184,4218,41,127,54851
5185,4219,41,128,54851
5186,4220,41,129,54851
5187,4221,41,130,54851
5188,4222,41,131,54851
5189,4223,41,132,54851
5190,2606,41,133,54851
5191,4224,41,134,54851
5192,4225,41,135,54851
5193,4226,41,136,54851
5194,4227,41,137,54851
5195,4228,41,138,54851
5196,4229,41,139,54851
5197,4230,41,140,54851
5198,873,41,141,54851
5199,4231,41,142,54851
5200,4232,41,143,54851
5201,4233,41,144,54851
5202,4234,41,145,54851
5203,4235,41,146,54851
5204,4236,41,147,54851
5205,4237,41,148,54851
5206,4238,41,149,54851
5207,4239,41,150,54851
5208,4240,41,151,54851
5209,4241,41,152,54851
5210,2509,41,153,54851
5211,4242,41,154,54851
5212,4243,41,155,54851
5213,4244,41,156,54851
5214,4245,41,157,54851
5215,3638,41,158,54851
5216,3661,41,159,54851
5217,4246,41,160,54851
5218,4247,41,161,54851
5219,4248,41,162,54851
5220,4249,41,163,47107
5221,4250,41,164,47107
5222,4251,41,165,47107
5223,3710,41,166,47107
5224,4252,41,167,47107
5225,3473,41,168,47107
5226,4253,41,169,47107
5227,4254,41,170,47107
5228,4255,41,171,47107
5229,4256,41,172,47107
5230,4257,41,173,47107
5231,4258,41,174,47107
5232,4259,41,175,47107
5233,4260,41,176,47107
5234,4261,41,177,47107
5235,4262,41,178,47107
5236,4263,41,179,47107
5237,4264,41,180,47107
5238,4265,41,181,47107
5239,4266,41,182,47107
5240,4267,41,183,47107
5241,4268,41,184,47107
5242,4269,41,185,47107
5243,2050,41,186,47107
5244,4270,41,187,47107
5245,4271,41,188,47107
5246,3586,41,189,47107
5247,2596,41,190,47107
5248,4272,41,191,47107
5249,4273,41,192,47107
5250,4274,41,193,47107
5251,4275,41,194,47107
5252,4276,41,195,47107
5253,4277,41,196,47107
5254,4278,41,197,47107
5255,3884,41,198,47107
5256,4279,41,199,47107
5257,4280,41,200,47107
5258,4281,41,201,47107
5259,4282,41,202,47107
5260,4283,41,203,47107
5261,4284,41,204,47107
5262,4285,41,205,47107
5263,4286,41,206,47107
5264,4287,41,207,47107
5265,4288,41,208,47107
5266,4289,41,209,47107
5267,4290,41,210,47107
5268,343,41,211,47107
5269,4291,41,212,47107
5270,3788,41,213,47107
5271,4292,41,214,47107
5272,4293,41,215,47107
5273,3259,41,216,47107
5274,4294,41,217,47107
5275,4295,41,218,47107
5276,4296,41,219,47107
5277,4297,41,220,47107
5278,4298,41,221,47107
5279,4299,41,222,47107
5280,4300,41,223,47107
5281,4301,41,224,47107
5282,1661,41,225,47107
5283,4302,41,226,40654
5284,4303,41,227,40654
5285,4304,41,228,40654
5286,4305,41,229,40654
5287,3579,41,230,40654
5288,4306,41,231,40654
5289,4307,41,232,40654
5290,4308,41,233,40654
5291,4309,41,234,40654
5292,4310,41,235,40654
5293,4311,41,236,40654
5294,3231,41,237,40654
5295,4312,41,238,40654
5296,4313,41,239,40654
5297,4314,41,240,40654
5298,4315,41,241,40654
5299,4316,41,242,40654
5300,4317,41,243,40654
5301,3419,41,244,40654
5302,4318,41,245,40654
5303,4319,41,246,40654
5304,3356,41,247,40654
5305,4320,41,248,40654
5306,4321,41,249,40654
5307,4322,41,250,40654
5308,4323,41,251,40654
5309,814,41,252,40654
5310,4324,41,253,40654
5311,4325,41,254,40654
5312,4326,41,255,40654
5313,4327,41,256,40654
5314,4328,41,257,40654
5315,4329,41,258,40654
5316,4330,41,259,40654
5317,3034,41,260,40654
5318,3877,41,261,40654
5319,2641,41,262,40654
5320,4331,41,263,40654
5321,4332,41,264,40654
5322,3167,41,265,40654
5323,4333,41,266,40654
5324,4334,41,267,40654
5325,4335,41,268,40654
5326,4336,41,269,40654
5327,4337,41,270,40654
5328,3952,41,271,40654
5329,4338,41,272,40654
5330,4339,41,273,40654
5331,4340,41,274,40654
5332,4341,41,275,40654
5333,2803,41,276,40654
5334,4342,41,277,40654
5335,4343,41,278,40654
5336,862,41,279,40654
5337,4344,41,280,40654
5338,4345,41,281,40654
5339,4346,41,282,40654
5340,4347,41,283,40654
5341,4348,41,284,40654
5342,4349,41,285,40654
5343,4092,41,286,40654
5344,4350,41,287,40654
5345,4351,41,288,40654
5346,4352,41,289,35492
5347,4353,41,290,35492
5348,4354,41,291,35492
5349,4355,41,292,35492
5350,4356,41,293,35492
5351,4357,41,294,35492
5352,4358,41,295,35492
5353,4359,41,296,35492
5354,4360,41,297,35492
5355,4361,41,298,35492
5356,4362,41,299,35492
5357,2309,41,300,35492
5358,4363,41,301,35492
5359,4364,41,302,35492
5360,4365,41,303,35492
5361,4366,41,304,35492
5362,3125,41,305,35492
5363,4367,41,306,35492
5364,4368,41,307,35492
5365,4369,41,308,35492
5366,4370,41,309,35492
5367,4371,41,310,35492
5368,4372,41,311,35492
5369,4373,41,312,35492
5370,4374,41,313,35492
5371,4375,41,314,35492
5372,4376,41,315,35492
5373,4377,41,316,35492
5374,4378,41,317,35492
5375,4379,41,318,35492
5376,4380,41,319,35492
5377,4381,41,320,35492
5378,4382,41,321,35492
5379,4383,41,322,35492
5380,3832,41,323,35492
5381,4384,41,324,35492
5382,2053,41,325,35492
5383,4385,41,326,35492
5384,3752,41,327,35492
5385,4386,41,328,35492
5386,4387,41,329,35492
5387,4388,41,330,35492
5388,4389,41,331,35492
5389,4390,41,332,35492
5390,1490,41,333,35492
5391,4391,41,334,35492
5392,4392,41,335,35492
5393,4393,41,336,35492
5394,4394,41,337,35492
5395,4395,41,338,35492
5396,1149,41,339,35492
5397,2139,41,340,35492
5398,4396,41,341,35492
5399,4397,41,342,35492
5400,4398,41,343,35492
5401,2659,41,344,35492
5402,4399,41,345,35492
5403,4400,41,346,35492
5404,4401,41,347,35492
5405,4402,41,348,35492
5406,4403,41,349,35492
5407,2017,41,350,35492
5408,4404,41,351,35492
5409,4405,41,352,30974
5410,4406,41,353,30974
5411,4407,41,354,30974
5412,1328,41,355,30974
5413,4408,41,356,30974
5414,4409,41,357,30974
5415,231,41,358,30974
5416,4410,41,359,30974
5417,4411,41,360,30974
5418,4412,41,361,30974
5419,4413,41,362,30974
5420,4414,41,363,30974
5421,4415,41,364,30974
5422,3418,41,365,30974
5423,4416,41,366,30974
5424,4417,41,367,30974
5425,3364,41,368,30974
5426,4418,41,369,30974
5427,1550,41,370,30974
5428,4419,41,371,30974
5429,4420,41,372,30974
5430,4421,41,373,30974
5431,4422,41,374,30974
5432,4423,41,375,30974
5433,4424,41,376,30974
5434,4425,41,377,30974
5435,4426,41,378,30974
5436,3110,41,379,30974
5437,4427,41,380,30974
5438,1154,41,381,30974
5439,3240,41,382,30974
5440,4428,41,383,30974
5441,4429,41,384,30974
5442,4430,41,385,30974
5443,4431,41,386,30974
5444,4432,41,387,30974
5445,4433,41,388,30974
5446,684,41,389,30974
5447,4434,41,390,30974
5448,4435,41,391,30974
5449,4436,41,392,30974
5450,3726,41,393,30974
5451,180,41,394,30974
5452,4437,41,395,30974
5453,4438,41,396,30974
5454,4439,41,397,30974
5455,4440,41,398,30974
5456,4441,41,399,30974
5457,680,41,400,30974
5458,4442,41,401,30974
5459,4443,41,402,30974
5460,4444,41,403,30974
5461,4445,41,404,30974
5462,4446,41,405,30974
5463,4447,41,406,30974
5464,4448,41,407,30974
5465,4449,41,408,30974
5466,4110,41,409,30974
5467,4450,41,410,30974
5468,3978,41,411,30974
5469,4451,41,412,30974
5470,4452,41,413,30974
5471,3941,41,414,30974
5472,4453,41,415,27103
5473,3856,41,416,27103
5474,4454,41,417,27103
5475,3031,41,418,27103
5476,4455,41,419,27103
5477,3432,41,420,27103
5478,811,41,421,27103
5479,4456,41,422,27103
5480,4457,41,423,27103
5481,4458,41,424,27103
5482,4459,41,425,27103
5483,4460,41,426,27103
5484,4461,41,427,27103
5485,4462,41,428,27103
5486,4463,41,429,27103
5487,4464,41,430,27103
5488,4465,41,431,27103
5489,4466,41,432,27103
5490,4467,41,433,27103
5491,2597,41,434,27103
5492,4468,41,435,27103
5493,4469,41,436,27103
5494,4470,41,437,27103
5495,4080,41,438,27103
5496,4471,41,439,27103
5497,4472,41,440,27103
5498,4473,41,441,27103
5499,3973,41,442,27103
5500,4474,41,443,27103
5501,4475,41,444,27103
5502,4476,41,445,27103
5503,4477,41,446,27103
5504,4478,41,447,27103
5505,4479,41,448,27103
5506,4480,41,449,27103
5507,4481,41,450,27103
5508,3803,41,451,27103
5509,4482,41,452,27103
5510,3545,41,453,27103
5511,4483,41,454,27103
5512,4484,41,455,27103
5513,1181,41,456,27103
5514,4485,41,457,27103
5515,4486,41,458,27103
5516,4487,41,459,27103
5517,186,41,460,27103
5518,4488,41,461,27103
5519,4489,41,462,27103
5520,4490,41,463,27103
5521,4491,41,464,27103
5522,4492,41,465,27103
5523,4493,41,466,27103
5524,4494,41,467,27103
5525,4495,41,468,27103
5526,4496,41,469,27103
5527,268,41,470,27103
5528,4497,41,471,27103
5529,4498,41,472,27103
5530,3715,41,473,27103
5531,4499,41,474,27103
5532,4500,41,475,27103
5533,4501,41,476,27103
5534,4502,41,477,27103
5535,4503,41,478,23876
5536,4504,41,479,23876
5537,4505,41,480,23876
5538,4506,41,481,23876
5539,4507,41,482,23876
5540,2037,41,483,23876
5541,4508,41,484,23876
5542,1204,41,485,23876
5543,4509,41,486,23876
5544,4510,41,487,23876
5545,3509,41,488,23876
5546,4511,41,489,23876
5547,4512,41,490,23876
5548,4513,41,491,23876
5549,4514,41,492,23876
5550,4515,41,493,23876
5551,4516,41,494,23876
5552,4517,41,495,23876
5553,4518,41,496,23876
5554,4519,41,497,23876
5555,2389,41,498,23876
5556,4520,41,499,23876
5557,2218,41,500,23876
5558,839,41,501,23876
5559,4521,41,502,23876
5560,4522,41,503,23876
5561,4523,41,504,23876
5562,4524,41,505,23876
5563,4525,41,506,23876
5564,4526,41,507,23876
5565,2831,41,508,23876
5566,4527,41,509,23876
5567,4528,41,510,23876
5568,2988,41,511,23876
5569,4529,41,512,23876
5570,4530,41,513,23876
5571,367,41,514,23876
5572,4531,41,515,23876
5573,4532,41,516,23876
5574,4533,41,517,23876
5575,4534,41,518,23876
5576,3132,41,519,23876
5577,728,41,520,23876
5578,4535,41,521,23876
5579,4536,41,522,23876
5580,3835,41,523,23876
5581,4537,41,524,23876
5582,4538,41,525,23876
5583,4539,41,526,23876
5584,4540,41,527,23876
5585,895,41,528,23876
5586,4541,41,529,23876
5587,4542,41,530,23876
5588,2889,41,531,23876
5589,4543,41,532,23876
5590,4544,41,533,23876
5591,4545,41,534,23876
5592,4546,41,535,23876
5593,4547,41,536,23876
5594,3519,41,537,23876
5595,4548,41,538,23876
5596,1594,41,539,23876
5597,4549,41,540,23876
5598,4550,41,541,23876
5599,4551,41,542,23876
5600,4552,41,543,23876
5601,4553,41,544,23876
5602,4554,41,545,23876
5603,4555,41,546,23876
5604,4556,41,547,23876
5605,4557,41,548,23876
5606,4558,41,549,23876
5607,4559,41,550,21295
5608,4560,41,551,21295
5609,4561,41,552,21295
5610,4562,41,553,21295
5611,4563,41,554,21295
5612,4564,41,555,21295
5613,4565,41,556,21295
5614,2484,41,557,21295
5615,2090,41,558,21295
5616,4566,41,559,21295
5617,4567,41,560,21295
5618,4568,41,561,21295
5619,4569,41,562,21295
5620,4570,41,563,21295
5621,4571,41,564,21295
5622,4572,41,565,21295
5623,4573,41,566,21295
5624,2565,41,567,21295
5625,3405,41,568,21295
5626,4574,41,569,21295
5627,4575,41,570,21295
5628,4576,41,571,21295
5629,3817,41,572,21295
5630,4577,41,573,21295
5631,4578,41,574,21295
5632,4579,41,575,21295
5633,4580,41,576,21295
5634,4581,41,577,21295
5635,2364,41,578,21295
5636,4582,41,579,21295
5637,3553,41,580,21295
5638,4583,41,581,21295
5639,4584,41,582,21295
5640,4585,41,583,21295
5641,4586,41,584,21295
5642,4587,41,585,21295
5643,2817,41,586,21295
5644,4588,41,587,21295
5645,372,41,588,21295
5646,4589,41,589,21295
5647,4590,41,590,21295
5648,4591,41,591,21295
5649,4592,41,592,21295
5650,4593,41,593,21295
5651,4594,41,594,21295
5652,4595,41,595,21295
5653,4596,41,596,21295
5654,4597,41,597,21295
5655,3690,41,598,21295
5656,2691,41,599,21295
5657,4598,41,600,21295
5658,4599,41,601,21295
5659,4600,41,602,21295
5660,4601,41,603,21295
5661,4602,41,604,21295
5662,3902,41,605,21295
5663,4603,41,606,21295
5664,4604,41,607,21295
5665,4605,41,608,21295
5666,3480,41,609,21295
5667,4606,41,610,21295
5668,4607,41,611,21295
5669,4608,41,612,21295
5670,4609,41,613,21295
5671,4610,41,614,21295
5672,4611,41,615,21295
5673,1959,41,616,21295
5674,1874,41,617,21295
5675,4612,41,618,21295
5676,4613,41,619,21295
5677,4614,41,620,21295
5678,2557,41,621,21295
5679,4615,41,622,19359
5680,4616,41,623,19359
5681,2536,41,624,19359
5682,4617,41,625,19359
5683,2194,41,626,19359
5684,4618,41,627,19359
5685,2534,41,628,19359
5686,4619,41,629,19359
5687,4620,41,630,19359
5688,4621,41,631,19359
5689,4622,41,632,19359
5690,1669,41,633,19359
5691,4623,41,634,19359
5692,4624,41,635,19359
5693,3812,41,636,19359
5694,4625,41,637,19359
5695,3598,41,638,19359
5696,4626,41,639,19359
5697,4627,41,640,19359
5698,4628,41,641,19359
5699,2956,41,642,19359
5700,4629,41,643,19359
5701,4630,41,644,19359
5702,4631,41,645,19359
5703,4632,41,646,19359
5704,4633,41,647,19359
5705,474,41,648,19359
5706,4634,41,649,19359
5707,4635,41,650,19359
5708,4636,41,651,19359
5709,3076,41,652,19359
5710,4637,41,653,19359
5711,87,41,654,19359
5712,4638,41,655,19359
5713,4639,41,656,19359
5714,4640,41,657,19359
5715,3421,41,658,19359
5716,4641,41,659,19359
5717,4642,41,660,19359
5718,4643,41,661,19359
5719,4644,41,662,19359
5720,2335,41,663,19359
5721,4645,41,664,19359
5722,4646,41,665,19359
5723,4647,41,666,19359
5724,4648,41,667,19359
5725,4649,41,668,19359
5726,4650,41,669,19359
5727,4651,41,670,19359
5728,4652,41,671,19359
5729,4653,41,672,19359
5730,4654,41,673,19359
5731,4655,41,674,19359
5732,4656,41,675,19359
5733,4657,41,676,19359
5734,4658,41,677,19359
5735,4659,41,678,19359
5736,4660,41,679,19359
5737,3717,41,680,19359
5738,4661,41,681,19359
5739,4662,41,682,19359
5740,4663,41,683,19359
5741,4664,41,684,19359
5742,4665,41,685,19359
5743,4666,41,686,19359
5744,4667,41,687,19359
5745,4668,41,688,19359
5746,4669,41,689,19359
5747,4670,41,690,19359
5748,4671,41,691,19359
5749,4672,41,692,19359
5750,4673,41,693,19359
5751,3518,42,1,8531853
5752,4674,42,2,5295149
5753,4675,42,3,3799073
5754,4320,42,4,2851537
5755,4676,42,5,2155313
5756,3790,42,6,1640902
5757,1635,42,7,1258040
5758,4677,42,8,971360
5759,4678,42,9,754798
5760,4679,42,10,590442
5761,4680,42,11,590442
5762,4681,42,12,590442
5763,4176,42,13,465159
5764,4682,42,14,465159
5765,4294,42,15,465159
5766,4683,42,16,369026
5767,4684,42,17,369026
5768,4685,42,18,369026
5769,3032,42,19,294601
5770,4273,42,20,294601
5771,4686,42,21,294601
5772,4687,42,22,294601
5773,4688,42,23,294601
5774,4689,42,24,294601
5775,669,42,25,294601
5776,2955,42,26,294601
5777,4690,42,27,294601
5778,4691,42,28,236921
5779,4692,42,29,236921
5780,4693,42,30,236921
5781,4694,42,31,236921
5782,4695,42,32,236921
5783,4696,42,33,236921
5784,4697,42,34,236921
5785,3148,42,35,236921
5786,4698,42,36,236921
5787,4358,42,37,191646
5788,4699,42,38,191646
5789,2368,42,39,191646
5790,4700,42,40,191646
5791,711,42,41,191646
5792,4701,42,42,191646
5793,4702,42,43,191646
5794,4703,42,44,191646
5795,4072,42,45,191646
5796,4704,42,46,156293
5797,4120,42,47,156293
5798,4705,42,48,156293
5799,4706,42,49,156293
5800,2773,42,50,156293
5801,4707,42,51,156293
5802,4708,42,52,156293
5803,4709,42,53,156293
5804,4710,42,54,156293
5805,4132,42,55,128384
5806,3540,42,56,128384
5807,760,42,57,128384
5808,4570,42,58,128384
5809,4711,42,59,128384
5810,4712,42,60,128384
5811,4713,42,61,128384
5812,4714,42,62,128384
5813,4715,42,63,128384
5814,4716,42,64,106056
5815,4717,42,65,106056
5816,4718,42,66,106056
5817,4263,42,67,106056
5818,4719,42,68,106056
5819,3863,42,69,106056
5820,4720,42,70,106056
5821,4721,42,71,106056
5822,4722,42,72,106056
5823,3905,42,73,88070
5824,1250,42,74,88070
5825,4723,42,75,88070
5826,4724,42,76,88070
5827,4725,42,77,88070
5828,4726,42,78,88070
5829,4727,42,79,88070
5830,4728,42,80,88070
5831,4729,42,81,88070
5832,4730,42,82,73805
5833,4731,42,83,73805
5834,1178,42,84,73805
5835,3858,42,85,73805
5836,4732,42,86,73805
5837,4733,42,87,73805
5838,4734,42,88,73805
5839,471,42,89,73805
5840,4735,42,90,73805
5841,4736,42,91,62021
5842,4737,42,92,62021
5843,4159,42,93,62021
5844,4738,42,94,62021
5845,4739,42,95,62021
5846,481,42,96,62021
5847,4740,42,97,62021
5848,4741,42,98,62021
5849,4194,42,99,62021
5850,4230,42,100,52718
5851,4193,42,101,52718
5852,406,42,102,52718
5853,4742,42,103,52718
5854,3868,42,104,52718
5855,857,42,105,52718
5856,4743,42,106,52718
5857,4744,42,107,52718
5858,4745,42,108,52718
5859,4746,42,109,52718
5860,4747,42,110,52718
5861,4748,42,111,52718
5862,4749,42,112,52718
5863,4627,42,113,52718
5864,4750,42,114,52718
5865,4751,42,115,52718
5866,3530,42,116,52718
5867,2026,42,117,52718
5868,2608,42,118,52718
5869,4752,42,119,52718
5870,4753,42,120,52718
5871,4754,42,121,52718
5872,4755,42,122,52718
5873,4212,42,123,52718
5874,728,42,124,52718
5875,4756,42,125,52718
5876,4757,42,126,52718
5877,4758,42,127,52718
5878,4759,42,128,52718
5879,4760,42,129,52718
5880,4403,42,130,52718
5881,4761,42,131,52718
5882,4762,42,132,52718
5883,1798,42,133,52718
5884,4763,42,134,52718
5885,4764,42,135,52718
5886,4765,42,136,52718
5887,4766,42,137,52718
5888,4767,42,138,52718
5889,4768,42,139,52718
5890,4769,42,140,52718
5891,4770,42,141,52718
5892,4771,42,142,52718
5893,1768,42,143,52718
5894,4772,42,144,52718
5895,4773,42,145,52718
5896,4774,42,146,52718
5897,3823,42,147,52718
5898,4775,42,148,52718
5899,4776,42,149,52718
5900,4777,42,150,52718
5901,2121,42,151,52718
5902,19,42,152,52718
5903,4778,42,153,52718
5904,4779,42,154,52718
5905,4780,42,155,52718
5906,4781,42,156,52718
5907,4782,42,157,52718
5908,4783,42,158,52718
5909,4016,42,159,52718
5910,343,42,160,52718
5911,4784,42,161,52718
5912,4785,42,162,52718
5913,3182,42,163,44655
5914,4786,42,164,44655
5915,4787,42,165,44655
5916,4788,42,166,44655
5917,796,42,167,44655
5918,4789,42,168,44655
5919,4790,42,169,44655
5920,4791,42,170,44655
5921,4792,42,171,44655
5922,4793,42,172,44655
5923,4794,42,173,44655
5924,4795,42,174,44655
5925,4796,42,175,44655
5926,3777,42,176,44655
5927,4797,42,177,44655
5928,4798,42,178,44655
5929,4799,42,179,44655
5930,4800,42,180,44655
5931,4801,42,181,44655
5932,4802,42,182,44655
5933,4803,42,183,44655
5934,3109,42,184,44655
5935,4804,42,185,44655
5936,4805,42,186,44655
5937,4806,42,187,44655
5938,4807,42,188,44655
5939,4808,42,189,44655
5940,4809,42,190,44655
5941,4810,42,191,44655
5942,4811,42,192,44655
5943,4812,42,193,44655
5944,4813,42,194,44655
5945,4814,42,195,44655
5946,4815,42,196,44655
5947,4816,42,197,44655
5948,4817,42,198,44655
5949,4818,42,199,44655
5950,4819,42,200,44655
5951,2739,42,201,44655
5952,4820,42,202,44655
5953,3614,42,203,44655
5954,4821,42,204,44655
5955,4822,42,205,44655
5956,4823,42,206,44655
5957,4824,42,207,44655
5958,4825,42,208,44655
5959,4826,42,209,44655
5960,3600,42,210,44655
5961,231,42,211,44655
5962,4827,42,212,44655
5963,4828,42,213,44655
5964,4829,42,214,44655
5965,4830,42,215,44655
5966,4831,42,216,44655
5967,1231,42,217,44655
5968,4832,42,218,44655
5969,4833,42,219,44655
5970,4834,42,220,44655
5971,3038,42,221,44655
5972,4835,42,222,44655
5973,4836,42,223,44655
5974,4837,42,224,44655
5975,4838,42,225,44655
5976,2493,42,226,44655
5977,3708,42,227,44655
5978,2657,42,228,44655
5979,4839,42,229,44655
5980,4840,42,230,44655
5981,4841,42,231,44655
5982,4842,42,232,44655
5983,4843,42,233,44655
5984,4107,42,234,44655
5985,4844,42,235,38453
5986,4845,42,236,38453
5987,663,42,237,38453
5988,4846,42,238,38453
5989,2908,42,239,38453
5990,2609,42,240,38453
5991,4847,42,241,38453
5992,4848,42,242,38453
5993,4363,42,243,38453
5994,4849,42,244,38453
5995,4850,42,245,38453
5996,3991,42,246,38453
5997,4851,42,247,38453
5998,4852,42,248,38453
5999,2347,42,249,38453
6000,4474,42,250,38453
6001,1893,42,251,38453
6002,4853,42,252,38453
6003,4854,42,253,38453
6004,4855,42,254,38453
6005,4856,42,255,38453
6006,4857,42,256,38453
6007,840,42,257,38453
6008,4858,42,258,38453
6009,4859,42,259,38453
6010,4860,42,260,38453
6011,4861,42,261,38453
6012,4862,42,262,38453
6013,3116,42,263,38453
6014,4863,42,264,38453
6015,4864,42,265,38453
6016,4865,42,266,38453
6017,4271,42,267,38453
6018,4866,42,268,38453
6019,4867,42,269,38453
6020,4868,42,270,38453
6021,4869,42,271,38453
6022,4870,42,272,38453
6023,2376,42,273,38453
6024,4871,42,274,38453
6025,3050,42,275,38453
6026,4872,42,276,38453
6027,4873,42,277,38453
6028,4874,42,278,38453
6029,3248,42,279,38453
6030,4875,42,280,38453
6031,4876,42,281,38453
6032,3742,42,282,38453
6033,4877,42,283,38453
6034,3866,42,284,38453
6035,4878,42,285,38453
6036,3311,42,286,38453
6037,3574,42,287,38453
6038,3726,42,288,38453
6039,4879,42,289,38453
6040,4192,42,290,38453
6041,4880,42,291,38453
6042,2014,42,292,38453
6043,4881,42,293,38453
6044,4882,42,294,38453
6045,4883,42,295,38453
6046,4884,42,296,38453
6047,4885,42,297,38453
6048,4886,42,298,38453
6049,4887,42,299,38453
6050,4888,42,300,38453
6051,4889,42,301,38453
6052,4890,42,302,38453
6053,4891,42,303,38453
6054,4892,42,304,38453
6055,4893,42,305,38453
6056,4894,42,306,38453
6057,4895,42,307,32871
6058,4896,42,308,32871
6059,4897,42,309,32871
6060,3999,42,310,32871
6061,4368,42,311,32871
6062,4898,42,312,32871
6063,4899,42,313,32871
6064,2242,42,314,32871
6065,4900,42,315,32871
6066,4901,42,316,32871
6067,4902,42,317,32871
6068,4903,42,318,32871
6069,4904,42,319,32871
6070,4573,42,320,32871
6071,4905,42,321,32871
6072,1983,42,322,32871
6073,4906,42,323,32871
6074,4907,42,324,32871
6075,3452,42,325,32871
6076,4908,42,326,32871
6077,4909,42,327,32871
6078,4910,42,328,32871
6079,4911,42,329,32871
6080,1157,42,330,32871
6081,4912,42,331,32871
6082,2554,42,332,32871
6083,4913,42,333,32871
6084,4914,42,334,32871
6085,4915,42,335,32871
6086,4916,42,336,32871
6087,4917,42,337,32871
6088,4918,42,338,32871
6089,4919,42,339,32871
6090,2740,42,340,32871
6091,4454,42,341,32871
6092,4920,42,342,32871
6093,3126,42,343,32871
6094,4921,42,344,32871
6095,4922,42,345,32871
6096,4923,42,346,32871
6097,4924,42,347,32871
6098,4925,42,348,32871
6099,4926,42,349,32871
6100,3701,42,350,32871
6101,4927,42,351,32871
6102,2978,42,352,32871
6103,81,42,353,32871
6104,4928,42,354,32871
6105,4929,42,355,32871
6106,4930,42,356,32871
6107,4931,42,357,32871
6108,4932,42,358,32871
6109,4933,42,359,32871
6110,4934,42,360,32871
6111,4935,42,361,32871
6112,4936,42,362,32871
6113,4310,42,363,32871
6114,4937,42,364,32871
6115,4938,42,365,32871
6116,4939,42,366,32871
6117,4940,42,367,32871
6118,4941,42,368,32871
6119,3139,42,369,32871
6120,4942,42,370,32871
6121,4943,42,371,32871
6122,4944,42,372,32871
6123,4945,42,373,32871
6124,4946,42,374,32871
6125,4947,42,375,32871
6126,3257,42,376,32871
6127,4948,42,377,32871
6128,4949,42,378,32871
6129,4950,42,379,28530
6130,4951,42,380,28530
6131,1959,42,381,28530
6132,4952,42,382,28530
6133,4953,42,383,28530
6134,4954,42,384,28530
6135,2889,42,385,28530
6136,4955,42,386,28530
6137,4956,42,387,28530
6138,4957,42,388,28530
6139,856,42,389,28530
6140,4958,42,390,28530
6141,4959,42,391,28530
6142,4960,42,392,28530
6143,4128,42,393,28530
6144,4961,42,394,28530
6145,4962,42,395,28530
6146,4963,42,396,28530
6147,4964,42,397,28530
6148,4965,42,398,28530
6149,3631,42,399,28530
6150,4966,42,400,28530
6151,4967,42,401,28530
6152,4968,42,402,28530
6153,4969,42,403,28530
6154,4970,42,404,28530
6155,4971,42,405,28530
6156,4972,42,406,28530
6157,4004,42,407,28530
6158,4973,42,408,28530
6159,4974,42,409,28530
6160,4975,42,410,28530
6161,4976,42,411,28530
6162,4977,42,412,28530
6163,4978,42,413,28530
6164,4979,42,414,28530
6165,4980,42,415,28530
6166,4981,42,416,28530
6167,4982,42,417,28530
6168,4983,42,418,28530
6169,4984,42,419,28530
6170,479,42,420,28530
6171,4985,42,421,28530
6172,4986,42,422,28530
6173,4987,42,423,28530
6174,4988,42,424,28530
6175,4989,42,425,28530
6176,4990,42,426,28530
6177,4991,42,427,28530
6178,4992,42,428,28530
6179,4993,42,429,28530
6180,4994,42,430,28530
6181,4995,42,431,28530
6182,4996,42,432,28530
6183,4997,42,433,28530
6184,4998,42,434,28530
6185,4999,42,435,28530
6186,5000,42,436,28530
6187,1987,42,437,28530
6188,4319,42,438,28530
6189,5001,42,439,28530
6190,5002,42,440,28530
6191,5003,42,441,28530
6192,3998,42,442,28530
6193,5004,42,443,28530
6194,5005,42,444,28530
6195,5006,42,445,28530
6196,5007,42,446,28530
6197,4442,42,447,28530
6198,5008,42,448,28530
6199,5009,42,449,28530
6200,5010,42,450,28530
6201,5011,42,451,24808
6202,5012,42,452,24808
6203,5013,42,453,24808
6204,5014,42,454,24808
6205,5015,42,455,24808
6206,5016,42,456,24808
6207,5017,42,457,24808
6208,5018,42,458,24808
6209,5019,42,459,24808
6210,5020,42,460,24808
6211,3346,42,461,24808
6212,5021,42,462,24808
6213,434,42,463,24808
6214,5022,42,464,24808
6215,5023,42,465,24808
6216,5024,42,466,24808
6217,5025,42,467,24808
6218,5026,42,468,24808
6219,5027,42,469,24808
6220,5028,42,470,24808
6221,5029,42,471,24808
6222,334,42,472,24808
6223,5030,42,473,24808
6224,3141,42,474,24808
6225,5031,42,475,24808
6226,3391,42,476,24808
6227,5032,42,477,24808
6228,5033,42,478,24808
6229,2743,42,479,24808
6230,5034,42,480,24808
6231,5035,42,481,24808
6232,3282,42,482,24808
6233,5036,42,483,24808
6234,5037,42,484,24808
6235,5038,42,485,24808
6236,5039,42,486,24808
6237,5040,42,487,24808
6238,5041,42,488,24808
6239,5042,42,489,24808
6240,5043,42,490,24808
6241,4185,42,491,24808
6242,5044,42,492,24808
6243,5045,42,493,24808
6244,4461,42,494,24808
6245,5046,42,495,24808
6246,5047,42,496,24808
6247,648,42,497,24808
6248,4479,42,498,24808
6249,5048,42,499,24808
6250,5049,42,500,24808
6251,3044,42,501,24808
6252,5050,42,502,24808
6253,2745,42,503,24808
6254,5051,42,504,24808
6255,3606,42,505,24808
6256,5052,42,506,24808
6257,5053,42,507,24808
6258,5054,42,508,24808
6259,5055,42,509,24808
6260,3333,42,510,24808
6261,3713,42,511,24808
6262,5056,42,512,24808
6263,5057,42,513,24808
6264,5058,42,514,24808
6265,5059,42,515,24808
6266,5060,42,516,24808
6267,5061,42,517,24808
6268,5062,42,518,24808
6269,5063,42,519,24808
6270,5064,42,520,24808
6271,5065,42,521,24808
6272,5066,42,522,24808
6273,5067,42,523,21707
6274,5068,42,524,21707
6275,5069,42,525,21707
6276,5070,42,526,21707
6277,236,42,527,21707
6278,5071,42,528,21707
6279,5072,42,529,21707
6280,5073,42,530,21707
6281,5074,42,531,21707
6282,5075,42,532,21707
6283,5076,42,533,21707
6284,953,42,534,21707
6285,5077,42,535,21707
6286,5078,42,536,21707
6287,5079,42,537,21707
6288,5080,42,538,21707
6289,5081,42,539,21707
6290,3545,42,540,21707
6291,5082,42,541,21707
6292,4252,42,542,21707
6293,3499,42,543,21707
6294,5083,42,544,21707
6295,4239,42,545,21707
6296,5084,42,546,21707
6297,5085,42,547,21707
6298,5086,42,548,21707
6299,3699,42,549,21707
6300,5087,42,550,21707
6301,5088,42,551,21707
6302,5089,42,552,21707
6303,5090,42,553,21707
6304,5091,42,554,21707
6305,5092,42,555,21707
6306,5093,42,556,21707
6307,5094,42,557,21707
6308,5095,42,558,21707
6309,5096,42,559,21707
6310,5097,42,560,21707
6311,541,42,561,21707
6312,4297,42,562,21707
6313,5098,42,563,21707
6314,5099,42,564,21707
6315,5100,42,565,21707
6316,5101,42,566,21707
6317,5102,42,567,21707
6318,5103,42,568,21707
6319,5104,42,569,21707
6320,5105,42,570,21707
6321,5106,42,571,21707
6322,5107,42,572,21707
6323,5108,42,573,21707
6324,5109,42,574,21707
6325,2125,42,575,21707
6326,5110,42,576,21707
6327,5111,42,577,21707
6328,5112,42,578,21707
6329,5113,42,579,21707
6330,5114,42,580,21707
6331,4029,42,581,21707
6332,5115,42,582,21707
6333,5116,42,583,21707
6334,5117,42,584,21707
6335,5118,42,585,21707
6336,350,42,586,21707
6337,5119,42,587,21707
6338,5120,42,588,21707
6339,1752,42,589,21707
6340,5121,42,590,21707
6341,5122,42,591,21707
6342,4400,42,592,21707
6343,5123,42,593,21707
6344,5124,42,594,21707
6345,5125,42,595,19227
6346,5126,42,596,19227
6347,5127,42,597,19227
6348,5128,42,598,19227
6349,5129,42,599,19227
6350,5130,42,600,19227
6351,5131,42,601,19227
6352,5132,42,602,19227
6353,5133,42,603,19227
6354,3085,42,604,19227
6355,5134,42,605,19227
6356,5135,42,606,19227
6357,5136,42,607,19227
6358,5137,42,608,19227
6359,5138,42,609,19227
6360,5139,42,610,19227
6361,5140,42,611,19227
6362,3316,42,612,19227
6363,5141,42,613,19227
6364,894,42,614,19227
6365,5142,42,615,19227
6366,5143,42,616,19227
6367,4329,42,617,19227
6368,5144,42,618,19227
6369,5145,42,619,19227
6370,5146,42,620,19227
6371,5147,42,621,19227
6372,4202,42,622,19227
6373,2565,42,623,19227
6374,5148,42,624,19227
6375,5149,42,625,19227
6376,5150,42,626,19227
6377,4125,42,627,19227
6378,5151,42,628,19227
6379,5152,42,629,19227
6380,5153,42,630,19227
6381,5154,42,631,19227
6382,4536,42,632,19227
6383,5155,42,633,19227
6384,5156,42,634,19227
6385,5157,42,635,19227
6386,5158,42,636,19227
6387,5159,42,637,19227
6388,5160,42,638,19227
6389,5161,42,639,19227
6390,3110,42,640,19227
6391,5162,42,641,19227
6392,5163,42,642,19227
6393,5164,42,643,19227
6394,5165,42,644,19227
6395,5166,42,645,19227
6396,461,42,646,19227
6397,5167,42,647,19227
6398,4333,42,648,19227
6399,5168,42,649,19227
6400,5169,42,650,19227
6401,5170,42,651,19227
6402,817,42,652,19227
6403,5171,42,653,19227
6404,5172,42,654,19227
6405,5173,42,655,19227
6406,5174,42,656,19227
6407,5175,42,657,19227
6408,5176,42,658,19227
6409,3893,42,659,19227
6410,5177,42,660,19227
6411,5178,42,661,19227
6412,5179,42,662,19227
6413,5180,42,663,19227
6414,5181,42,664,19227
6415,5182,42,665,19227
6416,5183,42,666,4806
6417,474,42,666,4806
6418,2817,42,666,4806
6419,5184,42,666,4806
6420,5185,43,1,8361570
6421,5186,43,2,5174357
6422,3199,43,3,3727823
6423,5187,43,4,2792533
6424,541,43,5,2106893
6425,3049,43,6,1601024
6426,5188,43,7,1225356
6427,2537,43,8,944650
6428,4266,43,9,733224
6429,336,43,10,573204
6430,3597,43,11,573204
6431,1984,43,12,573204
6432,5189,43,13,451398
6433,5190,43,14,451398
6434,4747,43,15,451398
6435,5191,43,16,357655
6436,3252,43,17,357655
6437,5192,43,18,357655
6438,5193,43,19,285408
6439,5194,43,20,285408
6440,5195,43,21,285408
6441,3974,43,22,285408
6442,5196,43,23,285408
6443,4678,43,24,285408
6444,4321,43,25,285408
6445,5197,43,26,285408
6446,5198,43,27,285408
6447,5199,43,28,229281
6448,5200,43,29,229281
6449,5201,43,30,229281
6450,3866,43,31,229281
6451,5202,43,32,229281
6452,5203,43,33,229281
6453,5204,43,34,229281
6454,5205,43,35,229281
6455,5206,43,36,229281
6456,5207,43,37,185694
6457,5208,43,38,185694
6458,5209,43,39,185694
6459,5210,43,40,185694
6460,721,43,41,185694
6461,4560,43,42,185694
6462,3371,43,43,185694
6463,3638,43,44,185694
6464,5211,43,45,185694
6465,1909,43,46,151063
6466,5212,43,47,151063
6467,5213,43,48,151063
6468,5214,43,49,151063
6469,5215,43,50,151063
6470,3996,43,51,151063
6471,2155,43,52,151063
6472,5216,43,53,151063
6473,2840,43,54,151063
6474,1842,43,55,123597
6475,4301,43,56,123597
6476,5217,43,57,123597
6477,4670,43,58,123597
6478,5218,43,59,123597
6479,5219,43,60,123597
6480,4841,43,61,123597
6481,4203,43,62,123597
6482,5220,43,63,123597
6483,5221,43,64,102102
6484,5222,43,65,102102
6485,5223,43,66,102102
6486,4105,43,67,102102
6487,5224,43,68,102102
6488,4264,43,69,102102
6489,4365,43,70,102102
6490,5225,43,71,102102
6491,5226,43,72,102102
6492,5227,43,73,84786
6493,3201,43,74,84786
6494,2964,43,75,84786
6495,5228,43,76,84786
6496,5095,43,77,84786
6497,5229,43,78,84786
6498,5230,43,79,84786
6499,3053,43,80,84786
6500,2935,43,81,84786
6501,5231,43,82,71053
6502,4546,43,83,71053
6503,5232,43,84,71053
6504,5233,43,85,71053
6505,5234,43,86,71053
6506,5235,43,87,71053
6507,2687,43,88,71053
6508,5236,43,89,71053
6509,5237,43,90,71053
6510,3536,43,91,59708
6511,5238,43,92,59708
6512,2715,43,93,59708
6513,713,43,94,59708
6514,5239,43,95,59708
6515,5240,43,96,59708
6516,2626,43,97,59708
6517,1989,43,98,59708
6518,4333,43,99,59708
6519,5241,43,100,50752
6520,5242,43,101,50752
6521,5243,43,102,50752
6522,2347,43,103,50752
6523,5159,43,104,50752
6524,5244,43,105,50752
6525,4293,43,106,50752
6526,5245,43,107,50752
6527,5246,43,108,50752
6528,5247,43,109,50752
6529,5248,43,110,50752
6530,5249,43,111,50752
6531,4349,43,112,50752
6532,5250,43,113,50752
6533,5096,43,114,50752
6534,5251,43,115,50752
6535,5252,43,116,50752
6536,5253,43,117,50752
6537,5254,43,118,50752
6538,5255,43,119,50752
6539,5256,43,120,50752
6540,5257,43,121,50752
6541,5258,43,122,50752
6542,5259,43,123,50752
6543,3545,43,124,50752
6544,5260,43,125,50752
6545,5261,43,126,50752
6546,5262,43,127,50752
6547,5263,43,128,50752
6548,5264,43,129,50752
6549,1819,43,130,50752
6550,5265,43,131,50752
6551,5266,43,132,50752
6552,3348,43,133,50752
6553,5267,43,134,50752
6554,4549,43,135,50752
6555,5268,43,136,50752
6556,5269,43,137,50752
6557,5270,43,138,50752
6558,5271,43,139,50752
6559,5272,43,140,50752
6560,5273,43,141,50752
6561,5274,43,142,50752
6562,4450,43,143,50752
6563,5275,43,144,50752
6564,3386,43,145,50752
6565,5276,43,146,50752
6566,3920,43,147,50752
6567,5277,43,148,50752
6568,4724,43,149,50752
6569,5278,43,150,50752
6570,5279,43,151,50752
6571,5280,43,152,50752
6572,5281,43,153,50752
6573,5282,43,154,50752
6574,5283,43,155,50752
6575,5284,43,156,50752
6576,5285,43,157,50752
6577,5286,43,158,50752
6578,5287,43,159,50752
6579,3554,43,160,50752
6580,3260,43,161,50752
6581,3663,43,162,50752
6582,4705,43,163,42990
6583,5086,43,164,42990
6584,5288,43,165,42990
6585,4684,43,166,42990
6586,3518,43,167,42990
6587,5289,43,168,42990
6588,5290,43,169,42990
6589,1878,43,170,42990
6590,5291,43,171,42990
6591,5292,43,172,42990
6592,5293,43,173,42990
6593,3615,43,174,42990
6594,5030,43,175,42990
6595,4976,43,176,42990
6596,5294,43,177,42990
6597,5295,43,178,42990
6598,5296,43,179,42990
6599,5297,43,180,42990
6600,5298,43,181,42990
6601,5299,43,182,42990
6602,5300,43,183,42990
6603,5301,43,184,42990
6604,5302,43,185,42990
6605,5303,43,186,42990
6606,5304,43,187,42990
6607,1967,43,188,42990
6608,5305,43,189,42990
6609,5306,43,190,42990
6610,5307,43,191,42990
6611,5308,43,192,42990
6612,5309,43,193,42990
6613,5310,43,194,42990
6614,5311,43,195,42990
6615,5312,43,196,42990
6616,4989,43,197,42990
6617,5313,43,198,42990
6618,524,43,199,42990
6619,3480,43,200,42990
6620,5026,43,201,42990
6621,5314,43,202,42990
6622,5315,43,203,42990
6623,2742,43,204,42990
6624,4692,43,205,42990
6625,1404,43,206,42990
6626,5316,43,207,42990
6627,5317,43,208,42990
6628,5318,43,209,42990
6629,2904,43,210,42990
6630,4778,43,211,42990
6631,2326,43,212,42990
6632,5319,43,213,42990
6633,4774,43,214,42990
6634,5320,43,215,42990
6635,5321,43,216,42990
6636,5138,43,217,42990
6637,669,43,218,42990
6638,5322,43,219,42990
6639,5323,43,220,42990
6640,5324,43,221,42990
6641,5325,43,222,42990
6642,4455,43,223,42990
6643,646,43,224,42990
6644,3578,43,225,42990
6645,5326,43,226,37019
6646,5327,43,227,37019
6647,4120,43,228,37019
6648,5328,43,229,37019
6649,5329,43,230,37019
6650,5330,43,231,37019
6651,5331,43,232,37019
6652,5332,43,233,37019
6653,5333,43,234,37019
6654,5334,43,235,37019
6655,2831,43,236,37019
6656,5335,43,237,37019
6657,5336,43,238,37019
6658,5337,43,239,37019
6659,5338,43,240,37019
6660,4170,43,241,37019
6661,5339,43,242,37019
6662,5340,43,243,37019
6663,4392,43,244,37019
6664,5341,43,245,37019
6665,4114,43,246,37019
6666,5342,43,247,37019
6667,5343,43,248,37019
6668,5344,43,249,37019
6669,5345,43,250,37019
6670,5346,43,251,37019
6671,5347,43,252,37019
6672,5348,43,253,37019
6673,5349,43,254,37019
6674,5350,43,255,37019
6675,5351,43,256,37019
6676,5352,43,257,37019
6677,5353,43,258,37019
6678,5354,43,259,37019
6679,5355,43,260,37019
6680,406,43,261,37019
6681,5356,43,262,37019
6682,5357,43,263,37019
6683,3050,43,264,37019
6684,5005,43,265,37019
6685,5358,43,266,37019
6686,5359,43,267,37019
6687,5360,43,268,37019
6688,5361,43,269,37019
6689,4070,43,270,37019
6690,5362,43,271,37019
6691,5363,43,272,37019
6692,5364,43,273,37019
6693,4178,43,274,37019
6694,2050,43,275,37019
6695,2529,43,276,37019
6696,5365,43,277,37019
6697,5366,43,278,37019
6698,5367,43,279,37019
6699,2483,43,280,37019
6700,372,43,281,37019
6701,5368,43,282,37019
6702,5369,43,283,37019
6703,5370,43,284,37019
6704,4648,43,285,37019
6705,673,43,286,37019
6706,5371,43,287,37019
6707,5372,43,289,32242
6708,4336,43,290,32242
6709,5373,43,291,32242
6710,5374,43,292,32242
6711,3036,43,293,32242
6712,5375,43,294,32242
6713,2775,43,295,32242
6714,5376,43,296,32242
6715,5377,43,297,32242
6716,5378,43,298,32242
6717,2659,43,299,32242
6718,5379,43,300,32242
6719,5380,43,301,32242
6720,1985,43,302,32242
6721,5381,43,303,32242
6722,5382,43,304,32242
6723,5383,43,305,32242
6724,4320,43,306,32242
6725,5384,43,307,32242
6726,5385,43,308,32242
6727,5386,43,309,32242
6728,5387,43,310,32242
6729,5388,43,311,32242
6730,5389,43,312,32242
6731,5390,43,313,32242
6732,4152,43,314,32242
6733,5391,43,315,32242
6734,5392,43,316,32242
6735,5035,43,317,32242
6736,5393,43,318,32242
6737,5394,43,319,32242
6738,5395,43,320,32242
6739,5396,43,321,32242
6740,5397,43,322,32242
6741,4310,43,323,32242
6742,5398,43,324,32242
6743,5399,43,325,32242
6744,5146,43,326,32242
6745,5400,43,327,32242
6746,5401,43,328,32242
6747,4779,43,329,32242
6748,5402,43,330,32242
6749,355,43,331,32242
6750,5403,43,332,32242
6751,5404,43,333,32242
6752,5405,43,334,32242
6753,5406,43,335,32242
6754,5407,43,336,32242
6755,5408,43,337,32242
6756,5409,43,338,32242
6757,5410,43,339,32242
6758,5411,43,340,32242
6759,5412,43,341,32242
6760,5413,43,342,32242
6761,5414,43,343,32242
6762,5415,43,344,32242
6763,5416,43,345,32242
6764,5417,43,346,32242
6765,4985,43,347,32242
6766,5418,43,348,32242
6767,188,43,349,32242
6768,5419,43,350,32242
6769,5420,43,351,32242
6770,5421,43,352,32242
6771,2523,43,353,32242
6772,5422,43,354,32242
6773,4677,43,355,32242
6774,5423,43,356,32242
6775,5424,43,357,32242
6776,5425,43,358,32242
6777,5426,43,359,32242
6778,5427,43,360,32242
6779,5428,43,361,28063
6780,5429,43,362,28063
6781,5430,43,363,28063
6782,5431,43,364,28063
6783,5432,43,365,28063
6784,5433,43,366,28063
6785,5434,43,367,28063
6786,5435,43,368,28063
6787,5436,43,369,28063
6788,3086,43,370,28063
6789,5437,43,371,28063
6790,5438,43,372,28063
6791,5439,43,373,28063
6792,5440,43,374,28063
6793,5441,43,375,28063
6794,5442,43,376,28063
6795,5443,43,377,28063
6796,5444,43,378,28063
6797,5445,43,379,28063
6798,5446,43,380,28063
6799,5447,43,381,28063
6800,5448,43,382,28063
6801,5449,43,383,28063
6802,5450,43,384,28063
6803,5451,43,385,28063
6804,3634,43,386,28063
6805,3979,43,387,28063
6806,5452,43,388,28063
6807,2289,43,389,28063
6808,5453,43,390,28063
6809,4992,43,391,28063
6810,5454,43,392,28063
6811,5455,43,393,28063
6812,3474,43,394,28063
6813,405,43,395,28063
6814,5456,43,396,28063
6815,5457,43,397,28063
6816,5458,43,398,28063
6817,5459,43,399,28063
6818,4633,43,400,28063
6819,5460,43,401,28063
6820,4352,43,402,28063
6821,5461,43,403,28063
6822,417,43,404,28063
6823,5462,43,405,28063
6824,5463,43,406,28063
6825,5464,43,407,28063
6826,5465,43,408,28063
6827,6,43,409,28063
6828,5466,43,410,28063
6829,5097,43,411,28063
6830,5467,43,412,28063
6831,5468,43,413,28063
6832,5469,43,414,28063
6833,3975,43,415,28063
6834,5470,43,416,28063
6835,5471,43,417,28063
6836,5472,43,418,28063
6837,5473,43,419,28063
6838,5474,43,420,28063
6839,5475,43,421,28063
6840,5476,43,422,28063
6841,5477,43,423,28063
6842,5478,43,424,28063
6843,5479,43,425,28063
6844,5480,43,426,28063
6845,5481,43,427,28063
6846,2249,43,428,28063
6847,5482,43,429,28063
6848,2436,43,430,28063
6849,630,43,431,28063
6850,5483,43,432,28063
6851,5484,43,433,24480
6852,5485,43,434,24480
6853,5486,43,435,24480
6854,5487,43,436,24480
6855,5488,43,437,24480
6856,5489,43,438,24480
6857,5490,43,439,24480
6858,5491,43,440,24480
6859,5492,43,441,24480
6860,5493,43,442,24480
6861,5494,43,443,24480
6862,3813,43,444,24480
6863,5495,43,445,24480
6864,5496,43,446,24480
6865,5497,43,447,24480
6866,3270,43,448,24480
6867,293,43,449,24480
6868,5498,43,450,24480
6869,5499,43,451,24480
6870,5500,43,452,24480
6871,5501,43,453,24480
6872,5502,43,454,24480
6873,2030,43,455,24480
6874,4958,43,456,24480
6875,5503,43,457,24480
6876,4441,43,458,24480
6877,4304,43,459,24480
6878,2763,43,460,24480
6879,5504,43,461,24480
6880,4912,43,462,24480
6881,3548,43,463,24480
6882,5505,43,464,24480
6883,5506,43,465,24480
6884,5015,43,466,24480
6885,5507,43,467,24480
6886,5508,43,468,24480
6887,3716,43,469,24480
6888,5509,43,470,24480
6889,5510,43,471,24480
6890,5511,43,472,24480
6891,842,43,473,24480
6892,5512,43,474,24480
6893,711,43,475,24480
6894,3865,43,476,24480
6895,4090,43,477,24480
6896,4223,43,478,24480
6897,5513,43,479,24480
6898,5514,43,480,24480
6899,5515,43,481,24480
6900,5516,43,482,24480
6901,2493,43,483,24480
6902,5517,43,484,24480
6903,5518,43,485,24480
6904,4083,43,486,24480
6905,5519,43,487,24480
6906,5520,43,488,24480
6907,5521,43,489,24480
6908,5522,43,490,24480
6909,5523,43,491,24480
6910,3410,43,492,24480
6911,1146,43,493,24480
6912,5524,43,494,24480
6913,5525,43,495,24480
6914,5526,43,496,24480
6915,2532,43,497,24480
6916,5527,43,498,24480
6917,5528,43,499,24480
6918,5529,43,500,24480
6919,5530,43,501,24480
6920,5531,43,502,24480
6921,5532,43,503,24480
6922,5533,43,504,24480
6923,4935,43,505,21495
6924,5534,43,506,21495
6925,5535,43,507,21495
6926,5536,43,508,21495
6927,5537,43,509,21495
6928,4789,43,510,21495
6929,5538,43,511,21495
6930,5539,43,512,21495
6931,5540,43,513,21495
6932,5541,43,514,21495
6933,5542,43,515,21495
6934,5543,43,516,21495
6935,5544,43,517,21495
6936,5545,43,518,21495
6937,5546,43,519,21495
6938,5547,43,520,21495
6939,5548,43,521,21495
6940,5549,43,522,21495
6941,5550,43,523,21495
6942,5551,43,524,21495
6943,5552,43,525,21495
6944,1681,43,526,21495
6945,5553,43,527,21495
6946,5554,43,528,21495
6947,5555,43,529,21495
6948,5556,43,530,21495
6949,5557,43,531,21495
6950,5558,43,532,21495
6951,5559,43,533,21495
6952,5560,43,534,21495
6953,5561,43,535,21495
6954,5562,43,536,21495
6955,2037,43,537,21495
6956,5563,43,538,21495
6957,5564,43,539,21495
6958,5565,43,540,21495
6959,5566,43,541,21495
6960,5567,43,542,21495
6961,5568,43,543,21495
6962,5569,43,544,21495
6963,3776,43,545,21495
6964,5570,43,546,21495
6965,5571,43,547,21495
6966,4482,43,548,21495
6967,1195,43,549,21495
6968,5572,43,550,21495
6969,2140,43,551,21495
6970,5573,43,552,21495
6971,4870,43,553,21495
6972,5574,43,554,21495
6973,5575,43,555,21495
6974,5576,43,556,21495
6975,5577,43,557,21495
6976,5578,43,558,21495
6977,482,43,559,21495
6978,102,43,560,21495
6979,2931,43,561,21495
6980,5579,43,562,21495
6981,5580,43,563,21495
6982,5581,43,564,21495
6983,2609,43,565,21495
6984,3569,43,566,21495
6985,5582,43,567,21495
6986,5583,43,568,21495
6987,5584,43,569,21495
6988,5585,43,570,21495
6989,5110,43,571,21495
6990,5586,43,572,21495
6991,471,43,573,21495
6992,5587,43,574,21495
6993,2575,43,575,21495
6994,5588,43,576,21495
6995,5589,43,577,19106
6996,5590,43,578,19106
6997,5591,43,579,19106
6998,5592,43,580,19106
6999,5593,43,581,19106
7000,5594,43,582,19106
7001,5595,43,583,19106
7002,90,43,584,19106
7003,3927,43,585,19106
7004,834,43,586,19106
7005,4003,43,587,19106
7006,5596,43,588,19106
7007,5597,43,589,19106
7008,5598,43,590,19106
7009,5599,43,591,19106
7010,5600,43,592,19106
7011,5601,43,593,19106
7012,5602,43,594,19106
7013,5603,43,595,19106
7014,5604,43,596,19106
7015,5605,43,597,19106
7016,4521,43,598,19106
7017,5606,43,599,19106
7018,5607,43,600,19106
7019,5608,43,601,19106
7020,5609,43,602,19106
7021,4864,43,603,19106
7022,5610,43,604,19106
7023,5611,43,605,19106
7024,5612,43,606,19106
7025,5613,43,607,19106
7026,3606,43,608,19106
7027,5614,43,609,19106
7028,5615,43,610,19106
7029,5616,43,611,19106
7030,5617,43,612,19106
7031,3041,43,613,19106
7032,5618,43,614,19106
7033,5619,43,615,19106
7034,5620,43,616,19106
7035,179,43,617,19106
7036,5621,43,618,19106
7037,5622,43,619,19106
7038,5623,43,620,19106
7039,5624,43,621,19106
7040,5625,43,622,19106
7041,5626,43,623,19106
7042,5627,43,624,19106
7043,4993,43,625,19106
7044,5628,43,626,19106
7045,5629,43,627,19106
7046,2741,43,628,19106
7047,5630,43,629,19106
7048,5631,43,630,19106
7049,5632,43,631,19106
7050,5633,43,632,19106
7051,5634,43,633,19106
7052,5635,43,634,19106
7053,5636,43,635,19106
7054,5637,43,636,19106
7055,5638,43,637,19106
7056,5639,43,638,19106
7057,5640,43,639,19106
7058,5641,43,640,19106
7059,5642,43,641,19106
7060,5643,43,642,19106
7061,5644,43,643,19106
7062,5645,43,644,19106
7063,5646,43,645,19106
7064,5647,43,646,19106
7065,5648,43,647,19106
7066,5649,43,648,19106
7067,5650,44,1,10000000
7068,5651,44,2,5147911
7069,5652,44,3,3807753
7070,5653,44,4,2849763
7071,5654,44,5,2143794
7072,5655,44,6,1622471
7073,5656,44,7,1235862
7074,5657,44,8,947077
7075,4266,44,9,730725
7076,1499,44,10,565193
7077,5658,44,11,565193
7078,5659,44,12,565193
7079,4793,44,13,441940
7080,4828,44,14,441940
7081,5660,44,15,441940
7082,5441,44,16,347521
7083,4842,44,17,347521
7084,5661,44,18,347521
7085,5662,44,19,286900
7086,5663,44,20,286900
7087,1154,44,21,286900
7088,5664,44,22,286900
7089,5665,44,23,286900
7090,4699,44,24,286900
7091,4135,44,25,286900
7092,1871,44,26,286900
7093,5666,44,27,286900
7094,5667,44,28,230487
7095,5668,44,29,230487
7096,3393,44,30,230487
7097,5231,44,31,230487
7098,5669,44,32,230487
7099,5670,44,33,230487
7100,5671,44,34,230487
7101,1279,44,35,230487
7102,3868,44,36,230487
7103,5672,44,37,186388
7104,5673,44,38,186388
7105,5674,44,39,186388
7106,4930,44,40,186388
7107,5675,44,41,186388
7108,5676,44,42,186388
7109,5677,44,43,186388
7110,5678,44,44,186388
7111,3326,44,45,186388
7112,5679,44,46,152025
7113,5680,44,47,152025
7114,3050,44,48,152025
7115,5681,44,49,152025
7116,5682,44,50,152025
7117,5683,44,51,152025
7118,3858,44,52,152025
7119,5684,44,53,152025
7120,5685,44,54,152025
7121,5686,44,55,124447
7122,5687,44,56,124447
7123,1909,44,57,124447
7124,5688,44,58,124447
7125,5689,44,59,124447
7126,4392,44,60,124447
7127,5690,44,61,124447
7128,5691,44,62,124447
7129,5315,44,63,124447
7130,5692,44,64,103025
7131,5693,44,65,103025
7132,5438,44,66,103025
7133,5694,44,67,103025
7134,5695,44,68,103025
7135,4775,44,69,103025
7136,3991,44,70,103025
7137,1178,44,71,103025
7138,2436,44,72,103025
7139,476,44,73,85812
7140,5696,44,74,85812
7141,5697,44,75,85812
7142,5698,44,76,85812
7143,1983,44,77,85812
7144,5699,44,78,85812
7145,5700,44,79,85812
7146,4370,44,80,85812
7147,479,44,81,85812
7148,5701,44,82,72369
7149,5702,44,83,72369
7150,5281,44,84,72369
7151,5703,44,85,72369
7152,5704,44,86,72369
7153,5705,44,87,72369
7154,5706,44,88,72369
7155,5707,44,89,72369
7156,4892,44,90,72369
7157,5708,44,91,61313
7158,5709,44,92,61313
7159,5710,44,93,61313
7160,5711,44,94,61313
7161,5712,44,95,61313
7162,5713,44,96,61313
7163,5714,44,97,61313
7164,5715,44,98,61313
7165,5716,44,99,61313
7166,5717,44,100,52141
7167,5718,44,101,52141
7168,5719,44,102,52141
7169,5425,44,103,52141
7170,5720,44,104,52141
7171,5721,44,105,52141
7172,5722,44,106,52141
7173,3663,44,107,52141
7174,5723,44,108,52141
7175,5724,44,109,52141
7176,5725,44,110,52141
7177,5418,44,111,52141
7178,5726,44,112,52141
7179,5727,44,113,52141
7180,5728,44,114,52141
7181,5729,44,115,52141
7182,5730,44,116,52141
7183,5731,44,117,52141
7184,5393,44,118,52141
7185,5732,44,119,52141
7186,5733,44,120,52141
7187,5734,44,121,52141
7188,5735,44,122,52141
7189,5204,44,123,52141
7190,5736,44,124,52141
7191,5737,44,125,52141
7192,5738,44,126,52141
7193,5739,44,127,52141
7194,5740,44,128,52141
7195,5741,44,129,52141
7196,5742,44,130,52141
7197,5743,44,131,52141
7198,2508,44,132,52141
7199,5744,44,133,52141
7200,5745,44,134,52141
7201,5553,44,135,52141
7202,5746,44,136,52141
7203,5747,44,137,52141
7204,4821,44,138,52141
7205,5748,44,139,52141
7206,2522,44,140,52141
7207,3583,44,141,52141
7208,1323,44,142,52141
7209,5749,44,143,52141
7210,5182,44,144,52141
7211,5750,44,145,52141
7212,5751,44,146,52141
7213,5752,44,147,52141
7214,5753,44,148,52141
7215,5074,44,149,52141
7216,5754,44,150,52141
7217,4350,44,151,52141
7218,5755,44,152,52141
7219,5756,44,153,52141
7220,2160,44,154,52141
7221,690,44,155,52141
7222,5757,44,156,52141
7223,5758,44,157,52141
7224,5759,44,158,52141
7225,5760,44,159,52141
7226,5761,44,160,52141
7227,5762,44,161,52141
7228,5763,44,162,52141
7229,5764,44,163,44728
7230,5765,44,164,44728
7231,5766,44,165,44728
7232,5767,44,166,44728
7233,5768,44,167,44728
7234,5769,44,168,44728
7235,5770,44,169,44728
7236,5771,44,170,44728
7237,5772,44,171,44728
7238,4588,44,172,44728
7239,1161,44,173,44728
7240,1984,44,174,44728
7241,5773,44,175,44728
7242,5774,44,176,44728
7243,1963,44,177,44728
7244,5775,44,178,44728
7245,3746,44,179,44728
7246,669,44,180,44728
7247,5776,44,181,44728
7248,5777,44,182,44728
7249,4730,44,183,44728
7250,2634,44,184,44728
7251,5778,44,185,44728
7252,5408,44,186,44728
7253,5779,44,187,44728
7254,2566,44,188,44728
7255,5780,44,189,44728
7256,5781,44,190,44728
7257,5782,44,191,44728
7258,5783,44,192,44728
7259,5784,44,193,44728
7260,5785,44,194,44728
7261,5786,44,195,44728
7262,5787,44,196,44728
7263,2244,44,197,44728
7264,5788,44,198,44728
7265,5789,44,199,44728
7266,720,44,200,44728
7267,3139,44,201,44728
7268,5790,44,202,44728
7269,5791,44,203,44728
7270,5792,44,204,44728
7271,4410,44,205,44728
7272,5793,44,206,44728
7273,5794,44,207,44728
7274,5795,44,208,44728
7275,2495,44,209,44728
7276,5535,44,210,44728
7277,5796,44,211,44728
7278,5797,44,212,44728
7279,5798,44,213,44728
7280,5799,44,214,44728
7281,5800,44,215,44728
7282,4947,44,216,44728
7283,5801,44,217,44728
7284,5802,44,218,44728
7285,5803,44,219,44728
7286,5804,44,220,44728
7287,5805,44,221,44728
7288,5806,44,222,44728
7289,5807,44,223,44728
7290,5015,44,224,44728
7291,4648,44,225,44728
7292,4656,44,226,38634
7293,5808,44,227,38634
7294,5809,44,228,38634
7295,5810,44,229,38634
7296,746,44,230,38634
7297,5811,44,231,38634
7298,5812,44,232,38634
7299,3743,44,233,38634
7300,4256,44,234,38634
7301,5813,44,235,38634
7302,5814,44,236,38634
7303,5815,44,237,38634
7304,282,44,238,38634
7305,5816,44,239,38634
7306,5817,44,240,38634
7307,5818,44,241,38634
7308,3847,44,242,38634
7309,5819,44,243,38634
7310,5820,44,244,38634
7311,5821,44,245,38634
7312,5822,44,246,38634
7313,5823,44,247,38634
7314,5824,44,248,38634
7315,5025,44,249,38634
7316,5825,44,250,38634
7317,5826,44,251,38634
7318,5827,44,252,38634
7319,5828,44,253,38634
7320,5829,44,254,38634
7321,5830,44,255,38634
7322,5831,44,256,38634
7323,5832,44,257,38634
7324,5833,44,258,38634
7325,5834,44,259,38634
7326,5835,44,260,38634
7327,5836,44,261,38634
7328,5837,44,262,38634
7329,5838,44,263,38634
7330,5839,44,264,38634
7331,1681,44,265,38634
7332,5840,44,266,38634
7333,5841,44,267,38634
7334,5842,44,268,38634
7335,5843,44,269,38634
7336,4995,44,270,38634
7337,3867,44,271,38634
7338,3140,44,272,38634
7339,5844,44,273,38634
7340,5845,44,274,38634
7341,903,44,275,38634
7342,5846,44,276,38634
7343,5847,44,277,38634
7344,5848,44,278,38634
7345,5849,44,279,38634
7346,5850,44,280,38634
7347,882,44,281,38634
7348,5851,44,282,38634
7349,5852,44,283,38634
7350,5853,44,284,38634
7351,5854,44,285,38634
7352,5855,44,286,38634
7353,5856,44,287,38634
7354,4329,44,288,38634
7355,5857,44,289,33734
7356,5858,44,290,33734
7357,2304,44,291,33734
7358,5859,44,292,33734
7359,663,44,293,33734
7360,1157,44,294,33734
7361,5860,44,295,33734
7362,5861,44,296,33734
7363,5862,44,297,33734
7364,4787,44,298,33734
7365,5863,44,299,33734
7366,5361,44,300,33734
7367,5864,44,301,33734
7368,5865,44,302,33734
7369,5866,44,303,33734
7370,5867,44,304,33734
7371,5868,44,305,33734
7372,5869,44,306,33734
7373,5870,44,307,33734
7374,952,44,308,33734
7375,5871,44,309,33734
7376,5872,44,310,33734
7377,5873,44,311,33734
7378,1110,44,312,33734
7379,5874,44,313,33734
7380,5875,44,314,33734
7381,5876,44,315,33734
7382,5877,44,316,33734
7383,5878,44,317,33734
7384,2659,44,318,33734
7385,4546,44,319,33734
7386,5879,44,320,33734
7387,3892,44,321,33734
7388,5880,44,322,33734
7389,1842,44,323,33734
7390,5881,44,324,33734
7391,5882,44,325,33734
7392,5883,44,326,33734
7393,5884,44,327,33734
7394,5885,44,328,33734
7395,5886,44,329,33734
7396,5887,44,330,33734
7397,4400,44,331,33734
7398,5888,44,332,33734
7399,5889,44,333,33734
7400,5456,44,334,33734
7401,5890,44,335,33734
7402,5891,44,336,33734
7403,5892,44,337,33734
7404,5893,44,338,33734
7405,5894,44,339,33734
7406,5895,44,340,33734
7407,5896,44,341,33734
7408,5290,44,342,33734
7409,5897,44,343,33734
7410,5898,44,344,33734
7411,5899,44,345,33734
7412,5900,44,346,33734
7413,3138,44,347,33734
7414,5901,44,348,33734
7415,5902,44,349,33734
7416,5903,44,350,33734
7417,3729,44,351,33734
7418,5904,44,352,29400
7419,1147,44,353,29400
7420,5905,44,354,29400
7421,5213,44,355,29400
7422,5906,44,356,29400
7423,4174,44,357,29400
7424,5907,44,358,29400
7425,5026,44,359,29400
7426,5908,44,360,29400
7427,5909,44,361,29400
7428,5910,44,362,29400
7429,5911,44,363,29400
7430,5912,44,364,29400
7431,5913,44,365,29400
7432,5914,44,366,29400
7433,2114,44,367,29400
7434,5915,44,368,29400
7435,5916,44,369,29400
7436,5917,44,370,29400
7437,5918,44,371,29400
7438,5487,44,372,29400
7439,5919,44,373,29400
7440,5920,44,374,29400
7441,4423,44,375,29400
7442,5921,44,376,29400
7443,3239,44,377,29400
7444,2887,44,378,29400
7445,2492,44,379,29400
7446,5922,44,380,29400
7447,5923,44,381,29400
7448,5924,44,382,29400
7449,5925,44,383,29400
7450,5926,44,384,29400
7451,5927,44,385,29400
7452,5928,44,386,29400
7453,5543,44,387,29400
7454,5929,44,388,29400
7455,5930,44,389,29400
7456,5931,44,390,29400
7457,5932,44,391,29400
7458,4275,44,392,29400
7459,5933,44,393,29400
7460,5934,44,394,29400
7461,5935,44,395,29400
7462,2735,44,396,29400
7463,5936,44,397,29400
7464,5937,44,398,29400
7465,5938,44,399,29400
7466,5939,44,400,29400
7467,4103,44,401,29400
7468,5940,44,402,29400
7469,5941,44,403,29400
7470,5237,44,404,29400
7471,5942,44,405,29400
7472,5943,44,406,29400
7473,3499,44,407,29400
7474,5944,44,408,29400
7475,4125,44,409,29400
7476,5945,44,410,29400
7477,5946,44,411,29400
7478,5947,44,412,29400
7479,5948,44,413,29400
7480,3665,44,414,29400
7481,5949,44,415,25756
7482,5950,44,416,25756
7483,5282,44,417,25756
7484,3085,44,418,25756
7485,5951,44,419,25756
7486,3803,44,420,25756
7487,5952,44,421,25756
7488,5953,44,422,25756
7489,5954,44,423,25756
7490,5955,44,424,25756
7491,5956,44,425,25756
7492,5957,44,426,25756
7493,2277,44,427,25756
7494,5958,44,428,25756
7495,5959,44,429,25756
7496,382,44,430,25756
7497,5960,44,431,25756
7498,5595,44,432,25756
7499,3524,44,433,25756
7500,5961,44,434,25756
7501,4539,44,435,25756
7502,5962,44,436,25756
7503,5963,44,437,25756
7504,2609,44,438,25756
7505,5964,44,439,25756
7506,5965,44,440,25756
7507,5966,44,441,25756
7508,5967,44,442,25756
7509,5968,44,443,25756
7510,2732,44,444,25756
7511,5969,44,445,25756
7512,5970,44,446,25756
7513,5971,44,447,25756
7514,4147,44,448,25756
7515,5972,44,449,25756
7516,5973,44,450,25756
7517,5477,44,451,25756
7518,5974,44,452,25756
7519,5975,44,453,25756
7520,5976,44,454,25756
7521,544,44,455,25756
7522,5977,44,456,25756
7523,2326,44,457,25756
7524,2743,44,458,25756
7525,5978,44,459,25756
7526,3491,44,460,25756
7527,3350,44,461,25756
7528,5979,44,462,25756
7529,5980,44,463,25756
7530,5981,44,464,25756
7531,5982,44,465,25756
7532,5983,44,466,25756
7533,5984,44,467,25756
7534,870,44,468,25756
7535,5985,44,469,25756
7536,5986,44,470,25756
7537,5987,44,471,25756
7538,5300,44,472,25756
7539,3554,44,473,25756
7540,5988,44,474,25756
7541,3545,44,475,25756
7542,4914,44,476,25756
7543,5989,44,477,25756
7544,5990,44,478,22678
7545,5991,44,479,22678
7546,5992,44,480,22678
7547,5993,44,481,22678
7548,5994,44,482,22678
7549,5995,44,483,22678
7550,5996,44,484,22678
7551,1343,44,485,22678
7552,5997,44,486,22678
7553,5998,44,487,22678
7554,5999,44,488,22678
7555,3622,44,489,22678
7556,6000,44,490,22678
7557,6001,44,491,22678
7558,6002,44,492,22678
7559,6003,44,493,22678
7560,6004,44,494,22678
7561,6005,44,495,22678
7562,6006,44,496,22678
7563,6007,44,497,22678
7564,4171,44,498,22678
7565,6008,44,499,22678
7566,6009,44,500,22678
7567,6010,44,501,22678
7568,1981,44,502,22678
7569,6011,44,503,22678
7570,6012,44,504,22678
7571,4768,44,505,22678
7572,6013,44,506,22678
7573,6014,44,507,22678
7574,2689,44,508,22678
7575,6015,44,509,22678
7576,1067,44,510,22678
7577,6016,44,511,22678
7578,6017,44,512,22678
7579,6018,44,513,22678
7580,5233,44,514,22678
7581,6019,44,515,22678
7582,4466,44,516,22678
7583,6020,44,517,22678
7584,6021,44,518,22678
7585,6022,44,519,22678
7586,4533,44,520,22678
7587,6023,44,521,22678
7588,6024,44,522,22678
7589,5319,44,523,22678
7590,6025,44,524,22678
7591,5195,44,525,22678
7592,4218,44,526,22678
7593,3636,44,527,22678
7594,5520,44,528,22678
7595,6026,44,529,22678
7596,6027,44,530,22678
7597,6028,44,531,22678
7598,6029,44,532,22678
7599,6030,44,533,22678
7600,487,44,534,22678
7601,4876,44,535,22678
7602,6031,44,536,22678
7603,6032,44,537,22678
7604,4567,44,538,22678
7605,6033,44,539,22678
7606,2417,44,540,22678
7607,6034,44,541,22678
7608,3884,44,542,22678
7609,6035,44,543,22678
7610,3845,44,544,22678
7611,6036,44,545,22678
7612,6037,44,546,22678
7613,6038,44,547,22678
7614,6039,44,548,22678
7615,6040,44,549,22678
7616,6041,44,550,20228
7617,6042,44,551,20228
7618,4427,44,552,20228
7619,5050,44,553,20228
7620,6043,44,554,20228
7621,4151,44,555,20228
7622,6044,44,556,20228
7623,6045,44,557,20228
7624,6046,44,558,20228
7625,6047,44,559,20228
7626,953,44,560,20228
7627,6048,44,561,20228
7628,6049,44,562,20228
7629,6050,44,563,20228
7630,3299,44,564,20228
7631,6051,44,565,20228
7632,6052,44,566,20228
7633,6053,44,567,20228
7634,6054,44,568,20228
7635,6055,44,569,20228
7636,6056,44,570,20228
7637,5503,44,571,20228
7638,6057,44,572,20228
7639,6058,44,573,20228
7640,6059,44,574,20228
7641,4641,44,575,20228
7642,6060,44,576,20228
7643,6061,44,577,20228
7644,3225,44,578,20228
7645,6062,44,579,20228
7646,6063,44,580,20228
7647,6064,44,581,20228
7648,6065,44,582,20228
7649,5038,44,583,20228
7650,6066,44,584,20228
7651,6067,44,585,20228
7652,6068,44,586,20228
7653,6069,44,587,20228
7654,4265,44,588,20228
7655,6070,44,589,20228
7656,6071,44,590,20228
7657,6072,44,591,20228
7658,5244,44,592,20228
7659,6073,44,593,20228
7660,6074,44,594,20228
7661,6075,44,595,20228
7662,6076,44,596,20228
7663,6077,44,597,20228
7664,3474,44,598,20228
7665,6078,44,599,20228
7666,6079,44,600,20228
7667,6080,44,601,20228
7668,6081,44,602,20228
7669,6082,44,603,20228
7670,6083,44,604,20228
7671,6084,44,605,20228
7672,1878,44,606,20228
7673,6085,44,607,20228
7674,2536,44,608,20228
7675,6086,44,609,20228
7676,6087,44,610,20228
7677,6088,44,611,20228
7678,5562,44,612,20228
7679,4349,44,613,20228
7680,6089,44,614,20228
7681,6090,44,615,20228
7682,6091,44,616,20228
7683,6092,44,617,20228
7684,6093,44,618,20228
7685,6094,44,619,20228
7686,6095,44,620,20228
7687,6096,44,621,20228
7688,6097,44,622,18406
7689,4999,44,623,18406
7690,4777,44,624,18406
7691,6098,44,625,18406
7692,5400,44,626,18406
7693,5381,44,627,18406
7694,3677,44,628,18406
7695,6099,44,629,18406
7696,6100,44,630,18406
7697,6101,44,631,18406
7698,6102,44,632,18406
7699,6103,44,633,18406
7700,4039,44,634,18406
7701,6104,44,635,18406
7702,4941,44,636,18406
7703,6105,44,637,18406
7704,6106,44,638,18406
7705,4801,44,639,18406
7706,6107,44,640,18406
7707,2674,44,641,18406
7708,6108,44,642,18406
7709,6109,44,643,18406
7710,1819,44,644,18406
7711,6110,44,645,18406
7712,6111,44,646,18406
7713,6112,44,647,18406
7714,4310,44,648,18406
7715,6113,44,649,18406
7716,6114,44,650,18406
7717,6115,44,651,18406
7718,6116,44,652,18406
7719,434,44,653,18406
7720,1520,44,654,18406
7721,6117,44,655,18406
7722,6118,44,656,18406
7723,6119,44,657,18406
7724,6120,44,658,18406
7725,4742,44,659,18406
7726,6121,44,660,18406
7727,6122,44,661,18406
7728,6123,44,662,18406
7729,6124,44,663,18406
7730,6125,44,664,18406
7731,6126,44,665,18406
7732,6127,44,666,18406
7733,6128,44,667,18406
7734,6129,44,668,18406
7735,6130,44,669,18406
7736,6131,44,670,18406
7737,6132,44,671,18406
7738,5645,44,672,18406
7739,6133,44,673,18406
7740,6134,44,674,18406
7741,2315,44,675,18406
7742,2755,44,676,18406
7743,6135,44,677,18406
7744,6136,44,678,18406
7745,6137,44,679,18406
7746,1522,44,680,18406
7747,6138,44,681,18406
7748,6139,44,682,18406
7749,6140,44,683,18406
7750,6141,44,684,18406
7751,1004,44,685,18406
7752,6142,44,686,18406
7753,3116,44,687,18406
7754,4208,44,688,18406
7755,6143,44,689,18406
7756,6144,44,690,18406
7757,6145,44,691,18406
7758,6146,44,692,18406
7759,6147,44,693,6135
7760,6148,44,694,6135
7761,6149,44,695,6135
7762,5521,45,1,7683346
7763,6150,45,2,4470896
7764,4878,45,3,3398298
7765,5265,45,4,2615361
7766,6151,45,5,1911423
7767,6145,45,6,1426283
7768,4059,45,7,1203293
7769,6152,45,8,1097056
7770,6153,45,9,1001020
7771,6154,45,10,756897
7772,343,45,11,526778
7773,6155,45,12,526778
7774,3620,45,13,411453
7775,6156,45,14,411453
7776,6157,45,15,411453
7777,6158,45,16,325034
7778,4744,45,17,325034
7779,6159,45,18,325034
7780,6160,45,19,262574
7781,6161,45,20,262574
7782,6162,45,21,262574
7783,5194,45,22,262574
7784,4106,45,23,262574
7785,6163,45,24,262574
7786,6164,45,25,262574
7787,6165,45,26,262574
7788,6166,45,27,262574
7789,4797,45,28,211821
7790,6167,45,29,211821
7791,5496,45,30,211821
7792,6168,45,31,211821
7793,3182,45,32,211821
7794,6169,45,33,211821
7795,6170,45,34,211821
7796,6171,45,35,211821
7797,6172,45,36,211821
7798,6173,45,37,164086
7799,6174,45,38,164086
7800,4684,45,39,164086
7801,6175,45,40,164086
7802,3338,45,41,164086
7803,3519,45,42,164086
7804,4441,45,43,164086
7805,5614,45,44,164086
7806,6176,45,45,164086
7807,463,45,46,137300
7808,4593,45,47,137300
7809,6177,45,48,137300
7810,5692,45,49,137300
7811,6178,45,50,137300
7812,3534,45,51,137300
7813,6179,45,52,137300
7814,6180,45,53,137300
7815,4601,45,54,137300
7816,6181,45,55,113764
7817,6182,45,56,113764
7818,6183,45,57,113764
7819,6184,45,58,113764
7820,5492,45,59,113764
7821,5791,45,60,113764
7822,4618,45,61,113764
7823,4267,45,62,113764
7824,6185,45,63,113764
7825,3363,45,64,96445
7826,6186,45,65,96445
7827,6187,45,66,96445
7828,6188,45,67,96445
7829,6189,45,68,96445
7830,6190,45,69,96445
7831,2651,45,70,96445
7832,2326,45,71,96445
7833,4784,45,72,96445
7834,6191,45,73,79668
7835,6192,45,74,79668
7836,3326,45,75,79668
7837,6193,45,76,79668
7838,4916,45,77,79668
7839,3041,45,78,79668
7840,4277,45,79,79668
7841,6194,45,80,79668
7842,4227,45,81,79668
7843,6195,45,82,68624
7844,6196,45,83,68624
7845,6197,45,84,68624
7846,6198,45,85,68624
7847,6199,45,86,68624
7848,6141,45,87,68624
7849,6200,45,88,68624
7850,6201,45,89,68624
7851,6202,45,90,68624
7852,6203,45,91,55649
7853,6204,45,92,55649
7854,3689,45,93,55649
7855,6205,45,94,55649
7856,2008,45,95,55649
7857,6206,45,96,55649
7858,6207,45,97,55649
7859,2858,45,98,55649
7860,6208,45,99,55649
7861,6209,45,100,46890
7862,6210,45,101,46890
7863,6211,45,102,46890
7864,6212,45,103,46890
7865,6213,45,104,46890
7866,6214,45,105,46890
7867,6215,45,106,46890
7868,6216,45,107,46890
7869,5368,45,108,46890
7870,4722,45,109,46890
7871,6217,45,110,46890
7872,6218,45,111,46890
7873,6219,45,112,46890
7874,4633,45,113,46890
7875,282,45,114,46890
7876,6220,45,115,46890
7877,6221,45,116,46890
7878,6222,45,117,46890
7879,6223,45,118,46890
7880,1909,45,119,46890
7881,6224,45,120,46890
7882,60,45,121,46890
7883,6225,45,122,46890
7884,4906,45,123,46890
7885,6226,45,124,46890
7886,6227,45,125,46890
7887,6228,45,126,46890
7888,6229,45,127,46890
7889,6230,45,128,46890
7890,6231,45,129,46890
7891,6232,45,130,46890
7892,2755,45,131,46890
7893,6233,45,132,46890
7894,6234,45,133,46890
7895,6235,45,134,46890
7896,6236,45,135,46890
7897,6237,45,136,46890
7898,4352,45,137,46890
7899,6238,45,138,46890
7900,6239,45,139,46890
7901,4594,45,140,46890
7902,6240,45,141,46890
7903,6241,45,142,46890
7904,6242,45,143,46890
7905,3672,45,144,46890
7906,6243,45,145,46890
7907,6244,45,146,46890
7908,6245,45,147,46890
7909,6246,45,148,46890
7910,6247,45,149,46890
7911,5237,45,150,46890
7912,5100,45,151,46890
7913,6248,45,152,46890
7914,4144,45,153,46890
7915,6249,45,154,46890
7916,6250,45,155,46890
7917,3878,45,156,46890
7918,6251,45,157,46890
7919,6252,45,158,46890
7920,4137,45,159,46890
7921,5297,45,160,46890
7922,5826,45,161,46890
7923,3529,45,162,46890
7924,6253,45,163,40433
7925,3524,45,164,40433
7926,6254,45,165,40433
7927,6255,45,166,40433
7928,6256,45,167,40433
7929,3044,45,168,40433
7930,6257,45,169,40433
7931,5881,45,170,40433
7932,6258,45,171,40433
7933,4735,45,172,40433
7934,6259,45,173,40433
7935,6260,45,174,40433
7936,6261,45,175,40433
7937,4093,45,176,40433
7938,6262,45,177,40433
7939,6263,45,178,40433
7940,5535,45,179,40433
7941,6264,45,180,40433
7942,6265,45,181,40433
7943,6266,45,182,40433
7944,4131,45,183,40433
7945,6267,45,184,40433
7946,6268,45,185,40433
7947,1460,45,186,40433
7948,6269,45,187,40433
7949,6270,45,188,40433
7950,6271,45,189,40433
7951,6272,45,190,40433
7952,6273,45,191,40433
7953,6274,45,192,40433
7954,6275,45,193,40433
7955,3316,45,194,40433
7956,6276,45,195,40433
7957,3606,45,196,40433
7958,4989,45,197,40433
7959,6277,45,198,40433
7960,5668,45,199,40433
7961,4873,45,200,40433
7962,6278,45,201,40433
7963,6279,45,202,40433
7964,4298,45,203,40433
7965,2258,45,204,40433
7966,6280,45,205,40433
7967,6281,45,206,40433
7968,6282,45,207,40433
7969,2215,45,208,40433
7970,6283,45,209,40433
7971,6284,45,210,40433
7972,238,45,211,40433
7973,2987,45,212,40433
7974,6285,45,213,40433
7975,6286,45,214,40433
7976,6287,45,215,40433
7977,2653,45,216,40433
7978,5637,45,217,40433
7979,6288,45,218,40433
7980,5579,45,219,40433
7981,6118,45,220,40433
7982,5764,45,221,40433
7983,2058,45,222,40433
7984,6289,45,223,40433
7985,4757,45,224,40433
7986,6290,45,225,40433
7987,3369,45,226,34157
7988,6291,45,227,34157
7989,6292,45,228,34157
7990,444,45,229,34157
7991,6293,45,230,34157
7992,6294,45,231,34157
7993,6295,45,232,34157
7994,6296,45,233,34157
7995,6297,45,234,34157
7996,3999,45,235,34157
7997,5894,45,236,34157
7998,3351,45,237,34157
7999,6298,45,238,34157
8000,5224,45,239,34157
8001,6299,45,240,34157
8002,6300,45,241,34157
8003,6301,45,242,34157
8004,6302,45,243,34157
8005,6303,45,244,34157
8006,5301,45,245,34157
8007,2486,45,246,34157
8008,4257,45,247,34157
8009,5467,45,248,34157
8010,6304,45,249,34157
8011,6305,45,250,34157
8012,4155,45,251,34157
8013,5439,45,252,34157
8014,5025,45,253,34157
8015,6306,45,254,34157
8016,5754,45,255,34157
8017,6307,45,256,34157
8018,6308,45,257,34157
8019,6309,45,258,34157
8020,2953,45,259,34157
8021,6310,45,260,34157
8022,99,45,261,34157
8023,6311,45,262,34157
8024,6312,45,263,34157
8025,6313,45,264,34157
8026,5806,45,265,34157
8027,6314,45,266,34157
8028,6315,45,267,34157
8029,6084,45,268,34157
8030,4500,45,269,34157
8031,6316,45,270,34157
8032,762,45,271,34157
8033,6317,45,272,34157
8034,6318,45,273,34157
8035,6319,45,274,34157
8036,4632,45,275,34157
8037,6320,45,276,34157
8038,6321,45,277,34157
8039,6322,45,278,34157
8040,3624,45,279,34157
8041,6323,45,280,34157
8042,6324,45,281,34157
8043,3221,45,282,34157
8044,6325,45,283,34157
8045,6326,45,284,34157
8046,540,45,285,34157
8047,6327,45,286,34157
8048,6328,45,287,34157
8049,6329,45,288,34157
8050,6330,45,289,29329
8051,6331,45,290,29329
8052,6332,45,291,29329
8053,6333,45,292,29329
8054,6334,45,293,29329
8055,6335,45,294,29329
8056,5560,45,295,29329
8057,6336,45,296,29329
8058,5966,45,297,29329
8059,639,45,298,29329
8060,5311,45,299,29329
8061,1067,45,300,29329
8062,6337,45,301,29329
8063,6338,45,302,29329
8064,5446,45,303,29329
8065,6339,45,304,29329
8066,3049,45,305,29329
8067,6340,45,306,29329
8068,4624,45,307,29329
8069,6341,45,308,29329
8070,4389,45,309,29329
8071,6342,45,310,29329
8072,4815,45,311,29329
8073,5316,45,312,29329
8074,6343,45,313,29329
8075,6344,45,314,29329
8076,6345,45,315,29329
8077,6346,45,316,29329
8078,4644,45,317,29329
8079,6347,45,318,29329
8080,6348,45,319,29329
8081,3670,45,320,29329
8082,6349,45,321,29329
8083,6350,45,322,29329
8084,6351,45,323,29329
8085,6352,45,324,29329
8086,3405,45,325,29329
8087,6353,45,326,29329
8088,6354,45,327,29329
8089,6355,45,328,29329
8090,6356,45,329,29329
8091,6357,45,330,29329
8092,6358,45,331,29329
8093,6359,45,332,29329
8094,6360,45,333,29329
8095,6361,45,334,29329
8096,6362,45,335,29329
8097,6363,45,336,29329
8098,6364,45,337,29329
8099,5924,45,338,29329
8100,6365,45,339,29329
8101,6366,45,340,29329
8102,6367,45,341,29329
8103,6368,45,342,29329
8104,6369,45,343,29329
8105,6370,45,344,29329
8106,4559,45,345,29329
8107,3334,45,346,29329
8108,4134,45,347,29329
8109,482,45,348,29329
8110,6371,45,349,29329
8111,6372,45,350,29329
8112,6373,45,351,29329
8113,6374,45,352,24622
8114,4090,45,353,24622
8115,2978,45,354,24622
8116,6375,45,355,24622
8117,6376,45,356,24622
8118,6377,45,357,24622
8119,6378,45,358,24622
8120,1391,45,359,24622
8121,5737,45,360,24622
8122,6379,45,361,24622
8123,6380,45,362,24622
8124,6381,45,363,24622
8125,5887,45,364,24622
8126,6382,45,365,24622
8127,6147,45,366,24622
8128,6383,45,367,24622
8129,6384,45,368,24622
8130,4174,45,369,24622
8131,267,45,370,24622
8132,6385,45,371,24622
8133,6386,45,372,24622
8134,6387,45,373,24622
8135,6388,45,374,24622
8136,6389,45,375,24622
8137,6390,45,376,24622
8138,6391,45,377,24622
8139,6392,45,378,24622
8140,6393,45,379,24622
8141,6394,45,380,24622
8142,6395,45,381,24622
8143,6396,45,382,24622
8144,6397,45,383,24622
8145,1919,45,384,24622
8146,6398,45,385,24622
8147,6399,45,386,24622
8148,6400,45,387,24622
8149,6401,45,388,24622
8150,6402,45,389,24622
8151,6403,45,390,24622
8152,6404,45,391,24622
8153,5778,45,392,24622
8154,5275,45,393,24622
8155,6405,45,394,24622
8156,6406,45,395,24622
8157,6407,45,396,24622
8158,6408,45,397,24622
8159,6409,45,398,24622
8160,6410,45,399,24622
8161,713,45,400,24622
8162,6411,45,401,24622
8163,6412,45,402,24622
8164,5362,45,403,24622
8165,6032,45,404,24622
8166,6413,45,405,24622
8167,6414,45,406,24622
8168,6415,45,407,24622
8169,6416,45,408,24622
8170,6417,45,409,24622
8171,6418,45,410,24622
8172,6419,45,411,24622
8173,6420,45,412,24622
8174,6421,45,413,24622
8175,6422,45,414,24622
8176,3562,45,415,21786
8177,6423,45,416,21786
8178,117,45,417,21786
8179,6424,45,418,21786
8180,6425,45,419,21786
8181,6426,45,420,21786
8182,6427,45,421,21786
8183,6428,45,422,21786
8184,6429,45,423,21786
8185,6430,45,424,21786
8186,6431,45,425,21786
8187,5185,45,426,21786
8188,4793,45,427,21786
8189,6432,45,428,21786
8190,2598,45,429,21786
8191,6433,45,430,21786
8192,6434,45,431,21786
8193,6435,45,432,21786
8194,4925,45,433,21786
8195,541,45,434,21786
8196,6436,45,435,21786
8197,6437,45,436,21786
8198,6438,45,437,21786
8199,6439,45,438,21786
8200,6440,45,439,21786
8201,6441,45,440,21786
8202,4070,45,441,21786
8203,6442,45,442,21786
8204,4466,45,443,21786
8205,6443,45,444,21786
8206,6444,45,445,21786
8207,6445,45,446,21786
8208,5244,45,447,21786
8209,6446,45,448,21786
8210,6447,45,449,21786
8211,6448,45,450,21786
8212,5627,45,451,21786
8213,6449,45,452,21786
8214,6450,45,453,21786
8215,5848,45,454,21786
8216,6451,45,455,21786
8217,6452,45,456,21786
8218,5718,45,457,21786
8219,6453,45,458,21786
8220,4775,45,459,21786
8221,6454,45,460,21786
8222,6455,45,461,21786
8223,5233,45,462,21786
8224,6456,45,463,21786
8225,6457,45,464,21786
8226,6458,45,465,21786
8227,6459,45,466,21786
8228,3350,45,467,21786
8229,4150,45,468,21786
8230,5413,45,469,21786
8231,3130,45,470,21786
8232,6460,45,471,21786
8233,6461,45,472,21786
8234,5748,45,473,21786
8235,6462,45,474,21786
8236,6463,45,475,21786
8237,6464,45,476,21786
8238,6465,45,477,21786
8239,6466,45,478,19500
8240,6467,45,479,19500
8241,6468,45,480,19500
8242,6469,45,481,19500
8243,6470,45,482,19500
8244,6471,45,483,19500
8245,5277,45,484,19500
8246,6472,45,485,19500
8247,6473,45,486,19500
8248,4539,45,487,19500
8249,5035,45,488,19500
8250,6474,45,489,19500
8251,6475,45,490,19500
8252,6476,45,491,19500
8253,6477,45,492,19500
8254,6478,45,493,19500
8255,6479,45,494,19500
8256,6480,45,495,19500
8257,6481,45,496,19500
8258,6482,45,497,19500
8259,4826,45,498,19500
8260,6483,45,499,19500
8261,6484,45,500,19500
8262,6485,45,501,19500
8263,6486,45,502,19500
8264,6487,45,503,19500
8265,5685,45,504,19500
8266,3270,45,505,19500
8267,6488,45,506,19500
8268,6489,45,507,19500
8269,6490,45,508,19500
8270,6491,45,509,19500
8271,6492,45,510,19500
8272,6493,45,511,19500
8273,5231,45,512,19500
8274,6494,45,513,19500
8275,6495,45,514,19500
8276,6496,45,515,19500
8277,5655,45,516,19500
8278,6497,45,517,19500
8279,6498,45,518,19500
8280,6499,45,519,19500
8281,6500,45,520,19500
8282,6501,45,521,19500
8283,6502,45,522,19500
8284,6503,45,523,19500
8285,6504,45,524,19500
8286,6505,45,525,19500
8287,6506,45,526,19500
8288,6507,45,527,19500
8289,6508,45,528,19500
8290,6509,45,529,19500
8291,6510,45,530,19500
8292,4169,45,531,19500
8293,6511,45,532,19500
8294,6512,45,533,19500
8295,6513,45,534,19500
8296,6514,45,535,19500
8297,6515,45,536,19500
8298,6516,45,537,19500
8299,6517,45,538,19500
8300,6518,45,539,19500
8301,2139,45,540,19500
8302,6519,45,541,19500
8303,6520,45,542,19500
8304,6521,45,543,19500
8305,5689,45,544,19500
8306,6522,45,545,19500
8307,6523,45,546,19500
8308,3895,45,547,19500
8309,6524,45,548,19500
8310,6525,45,549,19500
8311,6526,45,550,17282
8312,3589,45,551,17282
8313,6527,45,552,17282
8314,6528,45,553,17282
8315,6529,45,554,17282
8316,6530,45,555,17282
8317,6531,45,556,17282
8318,2114,45,557,17282
8319,6532,45,558,17282
8320,6533,45,559,17282
8321,5534,45,560,17282
8322,5886,45,561,17282
8323,6534,45,562,17282
8324,3615,45,563,17282
8325,3892,45,564,17282
8326,3528,45,565,17282
8327,6535,45,566,17282
8328,3706,45,567,17282
8329,6536,45,568,17282
8330,6537,45,569,17282
8331,6538,45,570,17282
8332,6539,45,571,17282
8333,4753,45,572,17282
8334,6540,45,573,17282
8335,6541,45,574,17282
8336,2115,45,575,17282
8337,6542,45,576,17282
8338,3597,45,577,17282
8339,6543,45,578,17282
8340,6544,45,579,17282
8341,6545,45,580,17282
8342,5687,45,581,17282
8343,6546,45,582,17282
8344,6547,45,583,17282
8345,416,45,584,17282
8346,6106,45,585,17282
8347,5442,45,586,17282
8348,6548,45,587,17282
8349,2671,45,588,17282
8350,6549,45,589,17282
8351,2495,45,590,17282
8352,6550,45,591,17282
8353,5728,45,592,17282
8354,4901,45,593,17282
8355,6551,45,594,17282
8356,6552,45,595,17282
8357,6553,45,596,17282
8358,6554,45,597,17282
8359,6555,45,598,17282
8360,6556,45,599,17282
8361,6557,45,600,17282
8362,5179,45,601,17282
8363,6558,45,602,17282
8364,6559,45,603,17282
8365,6560,45,604,17282
8366,186,45,605,17282
8367,5487,45,606,17282
8368,6561,45,607,17282
8369,6562,45,608,17282
8370,5956,45,609,17282
8371,5930,45,610,17282
8372,637,45,611,17282
8373,5497,45,612,17282
8374,2931,45,613,17282
8375,6563,45,614,17282
8376,3446,45,615,17282
8377,6564,45,616,17282
8378,6565,45,617,17282
8379,3364,45,618,17282
8380,6566,45,619,17282
8381,6567,45,620,17282
8382,6568,45,621,17282
8383,6569,45,622,17282
8384,3081,45,623,17282
8385,5796,45,624,17282
8386,2284,45,625,17282
8387,4048,45,626,17282
8388,6570,45,627,17282
8389,6571,45,628,17282
8390,3140,45,629,17282
8391,3085,45,630,17282
8392,6572,45,631,17282
8393,6573,45,632,17282
8394,6574,45,633,17282
8395,746,45,634,17282
8396,6575,45,635,17282
8397,6576,45,636,17282
8398,6577,45,637,17282
8399,6078,45,638,17282
8400,6578,45,639,17282
8401,6579,45,640,17282
8402,6580,45,641,17282
8403,6581,45,642,17282
8404,6582,45,643,17282
8405,6583,45,644,17282
8406,3386,45,645,17282
8407,6584,45,646,17282
8408,6585,45,647,17282
8409,5935,45,648,17282
8410,3154,45,649,15000
8411,6586,45,650,15000
8412,6587,45,651,15000
8413,6588,45,652,15000
8414,6589,45,653,15000
8415,6590,45,654,15000
8416,5773,45,655,15000
8417,6591,45,656,15000
8418,2523,45,657,15000
8419,5542,45,658,15000
8420,6592,45,659,15000
8421,6593,45,660,15000
8422,4549,45,661,15000
8423,6594,45,662,15000
8424,6595,45,663,15000
8425,3847,45,664,15000
8426,6596,45,665,15000
8427,4677,45,666,15000
8428,4142,45,667,15000
8429,6597,45,668,15000
8430,6598,45,669,15000
8431,6599,45,670,15000
8432,6600,45,671,15000
8433,6601,45,672,15000
8434,6602,45,673,15000
8435,6603,45,674,15000
8436,6604,45,675,15000
8437,6605,45,676,15000
8438,6606,45,677,15000
8439,6607,45,678,15000
8440,3419,45,679,15000
8441,6608,45,680,15000
8442,2556,45,681,15000
8443,4653,45,682,15000
8444,6121,45,683,15000
8445,6609,45,684,15000
8446,6610,45,685,15000
8447,3554,45,686,15000
8448,6611,45,687,15000
8449,3189,45,688,15000
8450,6612,45,689,15000
8451,6613,45,690,15000
8452,6614,45,691,15000
8453,4836,45,692,15000
8454,6615,45,693,15000
8455,6616,45,694,15000
8456,6617,45,695,15000
8457,6618,45,696,15000
8458,6619,45,697,15000
8459,6620,45,698,15000
8460,6621,45,699,15000
8461,5604,45,700,15000
8462,6622,45,701,15000
8463,6623,45,702,15000
8464,5962,45,703,15000
8465,249,45,704,15000
8466,6624,45,705,15000
8467,3505,45,706,15000
8468,5587,45,707,15000
8469,6625,45,708,15000
8470,6626,45,709,15000
8471,6627,45,710,15000
8472,6628,45,711,15000
8473,6629,45,712,15000
8474,265,45,713,15000
8475,6630,45,714,15000
8476,6631,45,715,15000
8477,6632,45,716,15000
8478,3821,45,717,15000
8479,6633,45,718,15000
8480,6634,45,719,15000
8481,6635,45,720,15000
8482,6636,45,721,15000
8483,6637,45,722,15000
8484,6638,45,723,15000
8485,6639,45,724,15000
8486,2537,45,725,15000
8487,6640,45,726,15000
8488,6641,45,727,15000
8489,5406,45,728,15000
8490,6642,45,729,15000
8491,6643,45,730,15000
8492,4697,45,731,15000
8493,6644,45,732,15000
8494,6645,45,733,15000
8495,6646,45,734,15000
8496,5729,45,735,15000
8497,6647,45,736,15000
8498,6648,45,737,15000
8499,6649,45,738,15000
8500,6650,45,739,15000
8501,6651,45,740,15000
8502,6652,45,741,15000
8503,6653,45,742,15000
8504,4173,45,743,15000
8505,6654,45,744,15000
8506,1293,45,745,15000
8507,6655,45,746,15000
8508,6656,45,747,15000
8509,6657,45,748,15000
8510,6658,45,749,15000
8511,6659,45,750,15000
8512,6660,45,751,15000
8513,6661,45,752,15000
8514,6662,45,753,15000
8515,6663,45,754,15000
8516,4286,45,755,15000
8517,6664,45,756,15000
8518,6665,45,757,15000
8519,5568,45,758,15000
8520,5735,45,759,15000
8521,6666,45,760,15000
8522,6667,45,761,15000
8523,6668,45,762,15000
8524,6669,45,763,15000
8525,6670,45,764,15000
8526,4577,45,765,15000
8527,6671,45,766,15000
8528,6672,45,767,15000
8529,6673,45,768,15000
8530,6674,45,769,15000
8531,6675,45,770,15000
8532,6676,45,771,15000
8533,6677,45,772,15000
8534,6678,45,773,15000
8535,6679,45,774,15000
8536,6680,45,775,15000
8537,6681,45,776,15000
8538,6682,45,777,15000
8539,6683,45,778,15000
8540,6684,45,779,15000
8541,6685,45,780,15000
8542,6686,45,781,15000
8543,6687,45,782,15000
8544,6688,45,783,15000
8545,6689,45,784,15000
8546,5889,45,785,15000
8547,2042,45,786,15000
8548,6690,45,787,15000
8549,6691,45,788,15000
8550,5939,45,789,15000
8551,6692,45,790,15000
8552,6693,45,791,15000
8553,6694,45,792,15000
8554,6695,45,793,15000
8555,6696,45,794,15000
8556,6102,45,795,15000
8557,6697,45,796,15000
8558,3683,45,797,15000
8559,4162,45,798,15000
8560,6698,45,799,15000
8561,6699,45,800,15000
8562,5038,45,801,15000
8563,4602,45,802,15000
8564,6700,45,803,15000
8565,6701,45,804,15000
8566,6702,45,805,15000
8567,6703,45,806,15000
8568,2609,45,807,15000
8569,5662,45,808,15000
8570,5815,45,809,15000
8571,6704,45,810,15000
8572,6705,45,811,15000
8573,6706,45,812,15000
8574,6707,45,813,15000
8575,6708,45,814,15000
8576,2520,45,815,15000
8577,6709,45,816,15000
8578,6710,45,817,15000
8579,6711,45,818,15000
8580,6712,45,819,15000
8581,1164,45,820,15000
8582,6713,45,821,15000
8583,6714,45,822,15000
8584,1495,45,823,15000
8585,6715,45,824,15000
8586,355,45,825,15000
8587,6716,45,826,15000
8588,6717,45,827,15000
8589,4332,45,828,15000
8590,5169,45,829,15000
8591,6718,45,830,15000
8592,4138,45,831,15000
8593,4402,45,832,15000
8594,6719,45,833,15000
8595,6720,45,834,15000
8596,2573,45,835,15000
8597,6721,45,836,15000
8598,6722,45,837,15000
8599,6723,45,838,15000
8600,6724,45,839,15000
8601,6725,45,840,15000
8602,3533,45,841,15000
8603,6726,45,842,15000
8604,6727,45,843,15000
8605,6728,45,844,15000
8606,6729,45,845,15000
8607,6730,45,846,15000
8608,6731,45,847,15000
8609,6732,45,848,15000
8610,6733,45,849,15000
8611,6734,45,850,15000
8612,6735,45,851,15000
8613,6736,45,852,15000
8614,6737,45,853,15000
8615,6738,45,854,15000
8616,3141,45,855,15000
8617,3662,45,856,15000
8618,5074,45,857,15000
8619,6739,45,858,15000
8620,6049,45,859,15000
8621,6740,45,860,15000
8622,4619,45,861,15000
8623,6741,45,862,15000
8624,3418,45,863,15000
8625,6742,45,864,15000
8626,6743,45,865,15000
8627,1113,45,866,15000
8628,6744,45,867,15000
8629,6745,45,868,15000
8630,6746,45,869,15000
8631,6747,45,870,15000
8632,4863,45,871,15000
8633,2330,45,872,15000
8634,6748,45,873,15000
8635,3240,45,874,15000
8636,6749,45,875,15000
8637,6750,45,876,15000
8638,6751,45,877,15000
8639,6752,45,878,15000
8640,6753,45,879,15000
8641,6754,45,880,15000
8642,6755,45,881,15000
8643,6756,45,882,15000
8644,693,45,883,15000
8645,6757,45,884,15000
8646,4487,45,885,15000
8647,6758,45,886,15000
8648,6759,45,887,15000
8649,4028,45,888,15000
8650,6760,45,889,15000
8651,6761,45,890,15000
8652,6762,45,891,15000
8653,6763,45,892,15000
8654,6764,45,893,15000
8655,6765,45,894,15000
8656,6766,45,895,15000
8657,6767,45,896,15000
8658,4176,45,897,15000
8659,6768,45,898,15000
8660,5784,45,899,15000
8661,6769,45,900,15000
8662,6770,45,901,15000
8663,6771,45,902,15000
8664,6772,45,903,15000
8665,6773,45,904,15000
8666,6774,45,905,15000
8667,6775,45,906,15000
8668,6776,45,907,15000
8669,6777,45,908,15000
8670,6778,45,909,15000
8671,6779,45,910,15000
8672,156,45,911,15000
8673,6780,45,912,15000
8674,5831,45,913,15000
8675,3862,45,914,15000
8676,6781,45,915,15000
8677,5004,45,916,15000
8678,6782,45,917,15000
8679,6783,45,918,15000
8680,6784,45,919,15000
8681,6785,45,920,15000
8682,4403,45,921,15000
8683,6786,45,922,15000
8684,6787,45,923,15000
8685,6788,45,924,15000
8686,6789,45,925,15000
8687,6790,45,926,15000
8688,3199,45,927,15000
8689,6791,45,928,15000
8690,6792,45,929,15000
8691,6793,45,930,15000
8692,6794,45,931,15000
8693,6795,45,932,15000
8694,6031,45,933,15000
8695,6796,45,934,15000
8696,6797,45,935,15000
8697,6798,45,936,15000
8698,5258,45,937,15000
8699,6799,45,938,15000
8700,6800,45,939,15000
8701,6801,45,940,15000
8702,6802,45,941,15000
8703,6803,45,942,15000
8704,4909,45,943,15000
8705,6804,45,944,15000
8706,3578,45,945,15000
8707,2773,45,946,15000
8708,3223,45,947,15000
8709,6805,45,948,15000
8710,6806,45,949,15000
8711,6807,45,950,15000
8712,6808,45,951,15000
8713,1959,45,952,15000
8714,4639,45,953,15000
8715,6809,45,954,15000
8716,6810,45,955,15000
8717,2323,45,956,15000
8718,6811,45,957,15000
8719,6812,45,958,15000
8720,6813,45,959,15000
8721,6814,45,960,15000
8722,6815,45,961,15000
8723,5861,45,962,15000
8724,6816,45,963,15000
8725,2840,45,964,15000
8726,6817,45,965,15000
8727,3870,45,966,15000
8728,6818,45,967,15000
8729,6819,45,968,15000
8730,4724,45,969,15000
8731,6820,45,970,15000
8732,2864,45,971,15000
8733,6821,45,972,15000
8734,6822,45,973,15000
8735,6823,45,974,15000
8736,6824,45,975,15000
8737,6825,45,976,15000
8738,6826,45,977,15000
8739,6827,45,978,15000
8740,3749,45,979,15000
8741,6828,45,980,15000
8742,6829,45,981,15000
8743,4368,45,982,15000
8744,6830,45,983,15000
8745,6077,45,984,15000
8746,422,45,985,15000
8747,6831,45,986,15000
8748,991,45,987,15000
8749,6832,45,988,15000
8750,6833,45,989,15000
8751,6834,45,990,15000
8752,6835,45,991,15000
8753,6836,45,992,15000
8754,6837,45,993,15000
8755,6838,45,994,15000
8756,6839,45,995,15000
8757,6840,45,996,15000
8758,6841,45,997,15000
8759,6842,45,998,15000
8760,3188,45,999,15000
8761,6843,45,1000,15000
8762,6844,46,1,8005310
8763,6845,46,2,4661228
8764,2323,46,3,3453035
8765,6846,46,4,2576003
8766,6847,46,5,1935288
8767,4906,46,6,1464258
8768,4892,46,7,1250190
8769,4897,46,8,1100076
8770,6848,46,9,1000000
8771,6122,46,10,650000
8772,6849,46,11,650000
8773,6850,46,12,427930
8774,6851,46,13,427930
8775,6852,46,14,427930
8776,6853,46,15,427930
8777,5801,46,16,338288
8778,6854,46,17,338288
8779,6855,46,18,338288
8780,6856,46,19,269430
8781,6242,46,20,269430
8782,6857,46,21,269430
8783,2978,46,22,269430
8784,6858,46,23,269430
8785,6859,46,24,269430
8786,3028,46,25,269430
8787,6860,46,26,269430
8788,6861,46,27,269430
8789,6862,46,28,216211
8790,4273,46,29,216211
8791,6427,46,30,216211
8792,6863,46,31,216211
8793,5179,46,32,216211
8794,6864,46,33,216211
8795,6865,46,34,216211
8796,6866,46,35,216211
8797,6867,46,36,216211
8798,5600,46,37,174826
8799,3666,46,38,174826
8800,4243,46,39,174826
8801,6868,46,40,174826
8802,6869,46,41,174826
8803,6870,46,42,174826
8804,6871,46,43,174826
8805,6872,46,44,174826
8806,2489,46,45,174826
8807,6873,46,46,142447
8808,3597,46,47,142447
8809,6874,46,48,142447
8810,6690,46,49,142447
8811,6875,46,50,142447
8812,6876,46,51,142447
8813,6877,46,52,142447
8814,6234,46,53,142447
8815,6878,46,54,142447
8816,6879,46,55,116963
8817,6880,46,56,116963
8818,6881,46,57,116963
8819,6882,46,58,116963
8820,5670,46,59,116963
8821,4171,46,60,116963
8822,6266,46,61,116963
8823,6883,46,62,116963
8824,5052,46,63,116963
8825,6884,46,64,96787
8826,6885,46,65,96787
8827,6886,46,66,96787
8828,6887,46,67,96787
8829,4170,46,68,96787
8830,6888,46,69,96787
8831,1537,46,70,96787
8832,6889,46,71,96787
8833,6641,46,72,96787
8834,6890,46,73,80721
8835,3505,46,74,80721
8836,6891,46,75,80721
8837,3882,46,76,80721
8838,6892,46,77,80721
8839,6893,46,78,80721
8840,6894,46,79,80721
8841,6895,46,80,80721
8842,4203,46,81,80721
8843,2189,46,82,67855
8844,6896,46,83,67855
8845,6812,46,84,67855
8846,6897,46,85,67855
8847,6898,46,86,67855
8848,6899,46,87,67855
8849,6900,46,88,67855
8850,6901,46,89,67855
8851,6902,46,90,67855
8852,6903,46,91,57494
8853,6904,46,92,57494
8854,6905,46,93,57494
8855,6906,46,94,57494
8856,6907,46,95,57494
8857,6712,46,96,57494
8858,6908,46,97,57494
8859,4503,46,98,57494
8860,6314,46,99,57494
8861,2659,46,100,49108
8862,6909,46,101,49108
8863,4679,46,102,49108
8864,5233,46,103,49108
8865,6910,46,104,49108
8866,6911,46,105,49108
8867,6912,46,106,49108
8868,6913,46,107,49108
8869,4686,46,108,49108
8870,6914,46,109,49108
8871,6915,46,110,49108
8872,6916,46,111,49108
8873,4227,46,112,49108
8874,6917,46,113,49108
8875,6918,46,114,49108
8876,6919,46,115,49108
8877,6395,46,116,49108
8878,2008,46,117,49108
8879,6920,46,118,49108
8880,6921,46,119,49108
8881,6922,46,120,49108
8882,6923,46,121,49108
8883,438,46,122,49108
8884,2982,46,123,49108
8885,6924,46,124,49108
8886,6182,46,125,49108
8887,6925,46,126,49108
8888,5380,46,127,49108
8889,6926,46,128,49108
8890,6927,46,129,49108
8891,6928,46,130,49108
8892,6929,46,131,49108
8893,6821,46,132,49108
8894,5745,46,133,49108
8895,6930,46,134,49108
8896,120,46,135,49108
8897,6448,46,136,49108
8898,395,46,137,49108
8899,5718,46,138,49108
8900,4176,46,139,49108
8901,2486,46,140,49108
8902,6931,46,141,49108
8903,6532,46,142,49108
8904,3698,46,143,49108
8905,6932,46,144,49108
8906,6933,46,145,49108
8907,6934,46,146,49108
8908,5058,46,147,49108
8909,6935,46,148,49108
8910,6936,46,149,49108
8911,6937,46,150,49108
8912,6383,46,151,49108
8913,366,46,152,49108
8914,6938,46,153,49108
8915,180,46,154,49108
8916,6939,46,155,49108
8917,6940,46,156,49108
8918,2121,46,157,49108
8919,1301,46,158,49108
8920,6941,46,159,49108
8921,6595,46,160,49108
8922,6942,46,161,49108
8923,6943,46,162,49108
8924,4265,46,163,42285
8925,6944,46,164,42285
8926,6945,46,165,42285
8927,6032,46,166,42285
8928,4143,46,167,42285
8929,6946,46,168,42285
8930,6947,46,169,42285
8931,6948,46,170,42285
8932,6949,46,171,42285
8933,6950,46,172,42285
8934,6951,46,173,42285
8935,3178,46,174,42285
8936,5664,46,175,42285
8937,6952,46,176,42285
8938,673,46,177,42285
8939,6953,46,178,42285
8940,6954,46,179,42285
8941,81,46,180,42285
8942,6955,46,181,42285
8943,6956,46,182,42285
8944,6291,46,183,42285
8945,6484,46,184,42285
8946,6957,46,185,42285
8947,6958,46,186,42285
8948,6959,46,187,42285
8949,6960,46,188,42285
8950,6961,46,189,42285
8951,6315,46,190,42285
8952,6962,46,191,42285
8953,5393,46,192,42285
8954,6963,46,193,42285
8955,6964,46,194,42285
8956,6965,46,195,42285
8957,6966,46,196,42285
8958,6967,46,197,42285
8959,6968,46,198,42285
8960,6969,46,199,42285
8961,6970,46,200,42285
8962,6971,46,201,42285
8963,6972,46,202,42285
8964,6973,46,203,42285
8965,6974,46,204,42285
8966,6975,46,205,42285
8967,6976,46,206,42285
8968,6977,46,207,42285
8969,6213,46,208,42285
8970,6978,46,209,42285
8971,6979,46,210,42285
8972,6447,46,211,42285
8973,6980,46,212,42285
8974,6981,46,213,42285
8975,6982,46,214,42285
8976,6319,46,215,42285
8977,6983,46,216,42285
8978,6984,46,217,42285
8979,6985,46,218,42285
8980,1258,46,219,42285
8981,5811,46,220,42285
8982,4904,46,221,42285
8983,6986,46,222,42285
8984,6987,46,223,42285
8985,4173,46,224,42285
8986,6988,46,225,42285
8987,6989,46,226,36708
8988,6470,46,227,36708
8989,6990,46,228,36708
8990,6991,46,229,36708
8991,4928,46,230,36708
8992,6992,46,231,36708
8993,2668,46,232,36708
8994,6993,46,233,36708
8995,6994,46,234,36708
8996,6995,46,235,36708
8997,4195,46,236,36708
8998,6996,46,237,36708
8999,6997,46,238,36708
9000,6998,46,239,36708
9001,6999,46,240,36708
9002,7000,46,241,36708
9003,1983,46,242,36708
9004,7001,46,243,36708
9005,7002,46,244,36708
9006,7003,46,245,36708
9007,7004,46,246,36708
9008,7005,46,247,36708
9009,7006,46,248,36708
9010,809,46,249,36708
9011,5886,46,250,36708
9012,7007,46,251,36708
9013,7008,46,252,36708
9014,6007,46,253,36708
9015,669,46,254,36708
9016,7009,46,255,36708
9017,7010,46,256,36708
9018,7011,46,257,36708
9019,4335,46,258,36708
9020,3257,46,259,36708
9021,3298,46,260,36708
9022,7012,46,261,36708
9023,7013,46,262,36708
9024,6159,46,263,36708
9025,686,46,264,36708
9026,7014,46,265,36708
9027,7015,46,266,36708
9028,7016,46,267,36708
9029,7017,46,268,36708
9030,4517,46,269,36708
9031,7018,46,270,36708
9032,5185,46,271,36708
9033,4403,46,272,36708
9034,2315,46,273,36708
9035,7019,46,274,36708
9036,7020,46,275,36708
9037,4129,46,276,36708
9038,2638,46,277,36708
9039,7021,46,278,36708
9040,7022,46,279,36708
9041,7023,46,280,36708
9042,4349,46,281,36708
9043,7024,46,282,36708
9044,1150,46,283,36708
9045,7025,46,284,36708
9046,6550,46,285,36708
9047,7026,46,286,36708
9048,7027,46,287,36708
9049,7028,46,288,36708
9050,7029,46,289,32130
9051,5723,46,290,32130
9052,7030,46,291,32130
9053,7031,46,292,32130
9054,7032,46,293,32130
9055,7033,46,294,32130
9056,7034,46,295,32130
9057,6764,46,296,32130
9058,6198,46,297,32130
9059,5254,46,298,32130
9060,7035,46,299,32130
9061,7036,46,300,32130
9062,6388,46,301,32130
9063,2608,46,302,32130
9064,7037,46,303,32130
9065,7038,46,304,32130
9066,7039,46,305,32130
9067,7040,46,306,32130
9068,7041,46,307,32130
9069,7042,46,308,32130
9070,6529,46,309,32130
9071,7043,46,310,32130
9072,7044,46,311,32130
9073,4641,46,312,32130
9074,7045,46,313,32130
9075,7046,46,314,32130
9076,3672,46,315,32130
9077,7047,46,316,32130
9078,7048,46,317,32130
9079,7049,46,318,32130
9080,6698,46,319,32130
9081,3863,46,320,32130
9082,7050,46,321,32130
9083,7051,46,322,32130
9084,7052,46,323,32130
9085,7053,46,324,32130
9086,4590,46,325,32130
9087,2536,46,327,32130
9088,7054,46,328,32130
9089,7055,46,329,32130
9090,7056,46,330,32130
9091,7057,46,331,32130
9092,7058,46,332,32130
9093,7059,46,333,32130
9094,7060,46,334,32130
9095,7061,46,335,32130
9096,7062,46,336,32130
9097,7063,46,337,32130
9098,7064,46,338,32130
9099,4364,46,339,32130
9100,7065,46,340,32130
9101,7066,46,341,32130
9102,5719,46,342,32130
9103,7067,46,343,32130
9104,7068,46,344,32130
9105,7069,46,345,32130
9106,7070,46,346,32130
9107,7071,46,347,32130
9108,6175,46,348,32130
9109,4103,46,349,32130
9110,6362,46,350,32130
9111,7072,46,351,32130
9112,4210,46,352,28356
9113,7073,46,353,28356
9114,7074,46,354,28356
9115,7075,46,355,28356
9116,7076,46,356,28356
9117,6763,46,357,28356
9118,2816,46,358,28356
9119,7077,46,359,28356
9120,6729,46,360,28356
9121,7078,46,361,28356
9122,7079,46,362,28356
9123,7080,46,363,28356
9124,7081,46,364,28356
9125,7082,46,365,28356
9126,7083,46,366,28356
9127,4574,46,367,28356
9128,7084,46,368,28356
9129,7085,46,369,28356
9130,7086,46,370,28356
9131,7087,46,371,28356
9132,7088,46,372,28356
9133,7089,46,373,28356
9134,7090,46,374,28356
9135,7091,46,375,28356
9136,7092,46,376,28356
9137,7093,46,377,28356
9138,7094,46,378,28356
9139,7095,46,379,28356
9140,3561,46,380,28356
9141,7096,46,381,28356
9142,7097,46,382,28356
9143,7098,46,383,28356
9144,3244,46,384,28356
9145,5630,46,385,28356
9146,361,46,386,28356
9147,2014,46,387,28356
9148,7099,46,388,28356
9149,5798,46,389,28356
9150,7100,46,390,28356
9151,7101,46,391,28356
9152,7102,46,392,28356
9153,4358,46,393,28356
9154,7103,46,394,28356
9155,7104,46,395,28356
9156,7105,46,396,28356
9157,7106,46,397,28356
9158,7107,46,398,28356
9159,2546,46,399,28356
9160,7108,46,400,28356
9161,7109,46,401,28356
9162,7110,46,402,28356
9163,7111,46,403,28356
9164,7112,46,404,28356
9165,7113,46,405,28356
9166,7114,46,406,28356
9167,7115,46,407,28356
9168,7116,46,408,28356
9169,7117,46,409,28356
9170,7118,46,410,28356
9171,7119,46,411,28356
9172,2058,46,412,28356
9173,7120,46,413,28356
9174,7121,46,414,28356
9175,3176,46,415,25235
9176,2735,46,416,25235
9177,7122,46,417,25235
9178,5612,46,418,25235
9179,1244,46,419,25235
9180,3049,46,420,25235
9181,5653,46,421,25235
9182,7123,46,422,25235
9183,7124,46,423,25235
9184,7125,46,424,25235
9185,7126,46,425,25235
9186,3710,46,426,25235
9187,7127,46,427,25235
9188,7128,46,428,25235
9189,7129,46,429,25235
9190,6165,46,430,25235
9191,7130,46,431,25235
9192,7131,46,432,25235
9193,7132,46,433,25235
9194,7133,46,434,25235
9195,7134,46,435,25235
9196,4360,46,436,25235
9197,4682,46,437,25235
9198,2299,46,438,25235
9199,7135,46,439,25235
9200,7136,46,440,25235
9201,1217,46,441,25235
9202,7137,46,442,25235
9203,7138,46,443,25235
9204,7139,46,444,25235
9205,7140,46,445,25235
9206,7141,46,446,25235
9207,5320,46,447,25235
9208,7142,46,448,25235
9209,3044,46,449,25235
9210,7143,46,450,25235
9211,5121,46,451,25235
9212,7144,46,452,25235
9213,7145,46,453,25235
9214,7146,46,454,25235
9215,5634,46,455,25235
9216,7147,46,456,25235
9217,7148,46,457,25235
9218,6463,46,458,25235
9219,6417,46,459,25235
9220,3081,46,460,25235
9221,6273,46,461,25235
9222,7149,46,462,25235
9223,7150,46,463,25235
9224,5100,46,464,25235
9225,7151,46,465,25235
9226,3259,46,466,25235
9227,5489,46,467,25235
9228,5681,46,468,25235
9229,7152,46,469,25235
9230,251,46,470,25235
9231,7153,46,471,25235
9232,6152,46,472,25235
9233,7154,46,473,25235
9234,7155,46,474,25235
9235,7156,46,475,25235
9236,7157,46,476,25235
9237,7158,46,477,25235
9238,5921,46,478,22648
9239,2106,46,479,22648
9240,7159,46,480,22648
9241,7160,46,481,22648
9242,903,46,482,22648
9243,7161,46,483,22648
9244,7162,46,484,22648
9245,7163,46,485,22648
9246,1499,46,486,22648
9247,7164,46,487,22648
9248,6218,46,488,22648
9249,4842,46,489,22648
9250,7165,46,490,22648
9251,7166,46,491,22648
9252,7167,46,492,22648
9253,7168,46,493,22648
9254,7169,46,494,22648
9255,7170,46,495,22648
9256,7171,46,496,22648
9257,7172,46,497,22648
9258,5403,46,498,22648
9259,3038,46,499,22648
9260,7173,46,500,22648
9261,2518,46,501,22648
9262,7174,46,502,22648
9263,5165,46,503,22648
9264,6694,46,504,22648
9265,7175,46,505,22648
9266,7176,46,506,22648
9267,7177,46,507,22648
9268,7178,46,508,22648
9269,5750,46,509,22648
9270,7179,46,510,22648
9271,7180,46,511,22648
9272,2754,46,512,22648
9273,7181,46,513,22648
9274,7182,46,514,22648
9275,5136,46,515,22648
9276,4400,46,516,22648
9277,7183,46,517,22648
9278,7184,46,518,22648
9279,7185,46,519,22648
9280,5965,46,520,22648
9281,7186,46,521,22648
9282,7187,46,522,22648
9283,7188,46,523,22648
9284,7189,46,524,22648
9285,4656,46,525,22648
9286,7190,46,526,22648
9287,2329,46,527,22648
9288,5154,46,528,22648
9289,2476,46,529,22648
9290,7191,46,530,22648
9291,7192,46,531,22648
9292,7193,46,532,22648
9293,7194,46,533,22648
9294,4258,46,534,22648
9295,5564,46,535,22648
9296,7195,46,536,22648
9297,7196,46,537,22648
9298,5413,46,538,22648
9299,6825,46,539,22648
9300,7197,46,540,22648
9301,6441,46,541,20499
9302,6453,46,542,20499
9303,7198,46,543,20499
9304,7199,46,544,20499
9305,6523,46,545,20499
9306,7200,46,546,20499
9307,4303,46,547,20499
9308,7201,46,548,20499
9309,7202,46,549,20499
9310,6148,46,550,20499
9311,4995,46,551,20499
9312,7203,46,552,20499
9313,4549,46,553,20499
9314,5315,46,554,20499
9315,179,46,555,20499
9316,7204,46,556,20499
9317,7205,46,557,20499
9318,6225,46,558,20499
9319,6189,46,559,20499
9320,6397,46,560,20499
9321,7206,46,561,20499
9322,7207,46,562,20499
9323,4029,46,563,20499
9324,7208,46,564,20499
9325,7209,46,565,20499
9326,7210,46,566,20499
9327,7211,46,567,20499
9328,6809,46,568,20499
9329,7212,46,569,20499
9330,7213,46,570,20499
9331,4699,46,571,20499
9332,7214,46,572,20499
9333,7215,46,573,20499
9334,883,46,574,20499
9335,7216,46,575,20499
9336,6199,46,576,20499
9337,6767,46,577,20499
9338,7217,46,578,20499
9339,5675,46,579,20499
9340,7218,46,580,20499
9341,7219,46,581,20499
9342,7220,46,582,20499
9343,1106,46,583,20499
9344,7221,46,584,20499
9345,7222,46,585,20499
9346,5867,46,586,20499
9347,7223,46,587,20499
9348,7224,46,588,20499
9349,7225,46,589,20499
9350,5729,46,590,20499
9351,7226,46,591,20499
9352,4870,46,592,20499
9353,7227,46,593,20499
9354,7228,46,594,20499
9355,7229,46,595,20499
9356,7230,46,596,20499
9357,6155,46,597,20499
9358,7231,46,598,20499
9359,7232,46,599,20499
9360,5446,46,600,20499
9361,7233,46,601,20499
9362,7234,46,602,20499
9363,7235,46,603,20499
9364,7236,46,604,18714
9365,3988,46,605,18714
9366,7237,46,606,18714
9367,7238,46,607,18714
9368,7239,46,608,18714
9369,7240,46,609,18714
9370,7241,46,610,18714
9371,4818,46,611,18714
9372,7242,46,612,18714
9373,5428,46,613,18714
9374,4267,46,614,18714
9375,7243,46,615,18714
9376,5222,46,616,18714
9377,7244,46,617,18714
9378,7245,46,618,18714
9379,6123,46,619,18714
9380,7246,46,620,18714
9381,2326,46,621,18714
9382,7247,46,622,18714
9383,7248,46,623,18714
9384,7249,46,624,18714
9385,7250,46,625,18714
9386,7251,46,626,18714
9387,7252,46,627,18714
9388,7253,46,628,18714
9389,6514,46,629,18714
9390,7254,46,630,18714
9391,7255,46,631,18714
9392,7256,46,632,18714
9393,7257,46,633,18714
9394,7258,46,634,18714
9395,7259,46,635,18714
9396,7260,46,636,18714
9397,7261,46,637,18714
9398,7262,46,638,18714
9399,5120,46,639,18714
9400,7263,46,640,18714
9401,953,46,641,18714
9402,7264,46,642,18714
9403,7265,46,643,18714
9404,32,46,644,18714
9405,7266,46,645,18714
9406,7267,46,646,18714
9407,7268,46,647,18714
9408,7269,46,648,18714
9409,7270,46,649,18714
9410,7271,46,650,18714
9411,7272,46,651,18714
9412,7273,46,652,18714
9413,6785,46,653,18714
9414,4626,46,654,18714
9415,7274,46,655,18714
9416,7275,46,656,18714
9417,7276,46,657,18714
9418,7277,46,658,18714
9419,7278,46,659,18714
9420,7279,46,660,18714
9421,5195,46,661,18714
9422,7280,46,662,18714
9423,7281,46,663,18714
9424,7282,46,664,18714
9425,3868,46,665,18714
9426,7283,46,666,18714
9427,7284,46,667,17232
9428,5157,46,668,17232
9429,763,46,669,17232
9430,6506,46,670,17232
9431,7285,46,671,17232
9432,5081,46,672,17232
9433,4841,46,673,17232
9434,7286,46,674,17232
9435,7287,46,675,17232
9436,4671,46,676,17232
9437,7288,46,677,17232
9438,4725,46,678,17232
9439,7289,46,679,17232
9440,7290,46,680,17232
9441,7291,46,681,17232
9442,7292,46,682,17232
9443,7293,46,683,17232
9444,5655,46,684,17232
9445,7294,46,685,17232
9446,7295,46,686,17232
9447,6651,46,687,17232
9448,754,46,688,17232
9449,2022,46,689,17232
9450,7296,46,690,17232
9451,7297,46,691,17232
9452,7298,46,692,17232
9453,7299,46,693,17232
9454,7300,46,694,17232
9455,6708,46,695,17232
9456,7301,46,696,17232
9457,7302,46,697,17232
9458,7303,46,698,17232
9459,2537,46,699,17232
9460,3664,46,700,17232
9461,7304,46,701,17232
9462,7305,46,702,17232
9463,4902,46,703,17232
9464,7306,46,704,17232
9465,7307,46,705,17232
9466,7308,46,706,17232
9467,7309,46,707,17232
9468,7310,46,708,17232
9469,3033,46,709,17232
9470,7311,46,710,17232
9471,2288,46,711,17232
9472,2541,46,712,17232
9473,7312,46,713,17232
9474,7313,46,714,17232
9475,4159,46,715,17232
9476,5851,46,716,17232
9477,7314,46,717,17232
9478,7315,46,718,17232
9479,6437,46,719,17232
9480,7316,46,720,17232
9481,7317,46,721,17232
9482,7318,46,722,17232
9483,7319,46,723,17232
9484,7320,46,724,17232
9485,7321,46,725,17232
9486,7322,46,726,17232
9487,7323,46,727,17232
9488,7324,46,728,17232
9489,7325,46,729,17232
9490,7326,46,730,17232
9491,7327,46,731,17232
9492,7328,46,732,17232
9493,7329,46,733,17232
9494,3533,46,734,17232
9495,6439,46,735,17232
9496,7330,46,736,17232
9497,895,46,737,17232
9498,7331,46,738,17232
9499,7332,46,739,17232
9500,7333,46,740,17232
9501,7334,46,741,17232
9502,7335,46,742,17232
9503,4509,46,743,17232
9504,7336,46,744,17232
9505,7337,46,745,17232
9506,7338,46,746,17232
9507,7339,46,747,17232
9508,7340,46,748,17232
9509,7341,46,749,17232
9510,7342,46,750,17232
9511,7343,46,751,17232
9512,7344,46,752,17232
9513,7345,46,753,17232
9514,6308,46,754,17232
9515,7346,46,755,17232
9516,7347,46,756,17232
9517,7348,46,757,17232
9518,7349,46,758,17232
9519,7350,46,759,17232
9520,7351,46,760,17232
9521,2987,46,761,17232
9522,7352,46,762,17232
9523,7353,46,763,17232
9524,4886,46,764,17232
9525,1774,46,765,17232
9526,870,46,766,16007
9527,7354,46,767,16007
9528,7355,46,768,16007
9529,7356,46,769,16007
9530,5927,46,770,16007
9531,7357,46,771,16007
9532,7358,46,772,16007
9533,6403,46,773,16007
9534,6077,46,774,16007
9535,7359,46,775,16007
9536,7360,46,776,16007
9537,7361,46,777,16007
9538,7362,46,778,16007
9539,7363,46,779,16007
9540,2338,46,780,16007
9541,7364,46,781,16007
9542,7365,46,782,16007
9543,7366,46,783,16007
9544,7367,46,784,16007
9545,6464,46,785,16007
9546,7368,46,786,16007
9547,7369,46,787,16007
9548,6814,46,788,16007
9549,4152,46,789,16007
9550,7370,46,790,16007
9551,845,46,791,16007
9552,193,46,792,16007
9553,6457,46,793,16007
9554,7371,46,794,16007
9555,4412,46,795,16007
9556,3519,46,796,16007
9557,2773,46,797,16007
9558,5708,46,798,16007
9559,7372,46,799,16007
9560,7373,46,800,16007
9561,5810,46,801,16007
9562,5219,46,802,16007
9563,7374,46,803,16007
9564,7375,46,804,16007
9565,5364,46,805,16007
9566,7376,46,806,16007
9567,7377,46,807,16007
9568,7378,46,808,16007
9569,7379,46,809,16007
9570,7380,46,810,16007
9571,7381,46,811,16007
9572,7382,46,812,16007
9573,7383,46,813,16007
9574,7384,46,814,16007
9575,7385,46,815,16007
9576,7386,46,816,16007
9577,3517,46,817,16007
9578,5098,46,818,16007
9579,7387,46,819,16007
9580,4321,46,820,16007
9581,7388,46,821,16007
9582,6296,46,822,16007
9583,7389,46,823,16007
9584,5736,46,824,16007
9585,7390,46,825,16007
9586,7391,46,826,16007
9587,7392,46,827,16007
9588,7393,46,828,16007
9589,7394,46,829,16007
9590,3562,46,830,16007
9591,7395,46,831,16007
9592,7396,46,832,16007
9593,7397,46,833,16007
9594,7398,46,834,16007
9595,6508,46,835,16007
9596,7399,46,836,16007
9597,7400,46,837,16007
9598,2042,46,838,16007
9599,7401,46,839,16007
9600,216,46,840,16007
9601,7402,46,841,16007
9602,7403,46,842,16007
9603,7404,46,843,16007
9604,5696,46,844,16007
9605,7405,46,845,16007
9606,6381,46,846,16007
9607,554,46,847,16007
9608,6479,46,848,16007
9609,7406,46,849,16007
9610,7407,46,850,16007
9611,36,46,851,16007
9612,7408,46,852,16007
9613,5589,46,853,16007
9614,7409,46,854,16007
9615,7410,46,855,16007
9616,7411,46,856,16007
9617,7412,46,857,16007
9618,3572,46,858,16007
9619,3724,46,859,16007
9620,7413,46,860,16007
9621,6777,46,861,16007
9622,7414,46,862,16007
9623,7415,46,863,16007
9624,7416,46,864,16007
9625,7417,46,865,15000
9626,7418,46,866,15000
9627,7419,46,867,15000
9628,7420,46,868,15000
9629,7421,46,869,15000
9630,7422,46,870,15000
9631,7423,46,871,15000
9632,7424,46,872,15000
9633,7425,46,873,15000
9634,7426,46,874,15000
9635,7427,46,875,15000
9636,7428,46,876,15000
9637,7429,46,877,15000
9638,7430,46,878,15000
9639,7431,46,879,15000
9640,7432,46,880,15000
9641,7433,46,881,15000
9642,6538,46,882,15000
9643,7434,46,883,15000
9644,7435,46,884,15000
9645,7436,46,885,15000
9646,7437,46,886,15000
9647,7438,46,887,15000
9648,6527,46,888,15000
9649,588,46,889,15000
9650,7439,46,890,15000
9651,7440,46,891,15000
9652,7441,46,892,15000
9653,7442,46,893,15000
9654,7443,46,894,15000
9655,7444,46,895,15000
9656,5803,46,896,15000
9657,5943,46,897,15000
9658,7445,46,898,15000
9659,7446,46,899,15000
9660,6046,46,900,15000
9661,6525,46,901,15000
9662,7447,46,902,15000
9663,7448,46,903,15000
9664,7449,46,904,15000
9665,7450,46,905,15000
9666,5253,46,906,15000
9667,839,46,907,15000
9668,7451,46,908,15000
9669,7452,46,909,15000
9670,7453,46,910,15000
9671,1669,46,911,15000
9672,3615,46,912,15000
9673,7454,46,913,15000
9674,7455,46,914,15000
9675,7456,46,915,15000
9676,7457,46,916,15000
9677,7458,46,917,15000
9678,7459,46,918,15000
9679,7460,46,919,15000
9680,3931,46,920,15000
9681,7461,46,921,15000
9682,7462,46,922,15000
9683,4139,46,923,15000
9684,7463,46,924,15000
9685,2891,46,925,15000
9686,7464,46,926,15000
9687,7465,46,927,15000
9688,7466,46,928,15000
9689,7467,46,929,15000
9690,471,46,930,15000
9691,4409,46,931,15000
9692,5286,46,932,15000
9693,7468,46,933,15000
9694,7469,46,934,15000
9695,5656,46,935,15000
9696,7470,46,936,15000
9697,7471,46,937,15000
9698,7472,46,938,15000
9699,1957,46,939,15000
9700,6380,46,940,15000
9701,7473,46,941,15000
9702,7474,46,942,15000
9703,7475,46,943,15000
9704,6566,46,944,15000
9705,7476,46,945,15000
9706,7477,46,946,15000
9707,7478,46,947,15000
9708,7479,46,948,15000
9709,7480,46,949,15000
9710,7481,46,950,15000
9711,7482,46,951,15000
9712,7483,46,952,15000
9713,7484,46,953,15000
9714,7485,46,954,15000
9715,7486,46,955,15000
9716,7487,46,956,15000
9717,7488,46,957,15000
9718,7489,46,958,15000
9719,7490,46,959,15000
9720,7491,46,960,15000
9721,7492,46,961,15000
9722,7493,46,962,15000
9723,4973,46,963,15000
9724,6798,46,964,15000
9725,3919,46,965,15000
9726,7494,46,966,15000
9727,7495,46,967,15000
9728,5449,46,968,15000
9729,7496,46,969,15000
9730,7497,46,970,15000
9731,2155,46,971,15000
9732,7498,46,972,15000
9733,7499,46,973,15000
9734,7500,46,974,15000
9735,1429,46,975,15000
9736,5460,46,976,15000
9737,282,46,977,15000
9738,7501,46,978,15000
9739,7502,46,979,15000
9740,7503,46,980,15000
9741,7504,46,981,15000
9742,7505,46,982,15000
9743,7506,46,983,15000
9744,7507,46,984,15000
9745,6018,46,985,15000
9746,7508,46,986,15000
9747,7509,46,987,15000
9748,7510,46,988,15000
9749,7511,46,989,15000
9750,7512,46,990,15000
9751,5369,46,991,15000
9752,5627,46,992,15000
9753,7513,46,993,15000
9754,6240,46,994,15000
9755,7514,46,995,15000
9756,7515,46,996,15000
9757,6455,46,997,15000
9758,249,46,998,15000
9759,7516,46,999,15000
9760,7517,46,1000,15000
9761,6389,46,1001,15000
9762,7518,46,1002,15000
9763,7519,46,1003,15000
9764,7520,46,1004,15000
9765,7521,46,1005,15000
9766,7522,46,1006,15000
9767,1114,46,1007,15000
9768,7523,46,1008,15000
9769,7524,46,1009,15000
9770,6347,46,1010,15000
9771,7525,46,1011,15000
9772,7526,47,1,8150000
9773,7527,47,2,4700000
9774,5198,47,3,3500000
9775,7528,47,4,2600000
9776,3028,47,5,2000000
9777,6812,47,6,1675000
9778,5612,47,7,1425000
9779,7529,47,8,1200000
9780,2080,47,9,1000000
9781,6846,47,10,825001
9782,7530,47,11,675000
9783,5860,47,12,535000
9784,7531,47,13,535000
9785,5124,47,14,450000
9786,7532,47,15,450000
9787,7172,47,16,340000
9788,7067,47,17,340000
9789,1191,47,18,340000
9790,7533,47,19,263532
9791,7534,47,20,263532
9792,6185,47,21,263532
9793,7535,47,22,263532
9794,406,47,23,263532
9795,7536,47,24,263532
9796,4178,47,25,263532
9797,7537,47,26,263532
9798,6924,47,27,263532
9799,7538,47,28,214913
9800,7539,47,29,214913
9801,5529,47,30,214913
9802,7540,47,31,214913
9803,7541,47,32,214913
9804,7257,47,33,214913
9805,7347,47,34,214913
9806,7542,47,35,214913
9807,7543,47,36,214913
9808,6455,47,37,176399
9809,7544,47,38,176399
9810,7545,47,39,176399
9811,7546,47,40,176399
9812,7132,47,41,176399
9813,5449,47,42,176399
9814,7547,47,43,176399
9815,7548,47,44,176399
9816,6864,47,45,176399
9817,5386,47,46,145733
9818,6664,47,47,145733
9819,7549,47,48,145733
9820,7336,47,49,145733
9821,6897,47,50,145733
9822,3332,47,51,145733
9823,7550,47,52,145733
9824,7551,47,53,145733
9825,7552,47,54,145733
9826,7553,47,55,121188
9827,7554,47,56,121188
9828,5074,47,57,121188
9829,7555,47,58,121188
9830,350,47,59,121188
9831,3079,47,60,121188
9832,7556,47,61,121188
9833,7557,47,62,121188
9834,7558,47,63,121188
9835,4906,47,64,101444
9836,7559,47,65,101444
9837,7560,47,66,101444
9838,7561,47,67,101444
9839,6445,47,68,101444
9840,5817,47,69,101444
9841,7562,47,70,101444
9842,6054,47,71,101444
9843,7448,47,72,101444
9844,7563,47,73,85482
9845,7199,47,74,85482
9846,7564,47,75,85482
9847,1999,47,76,85482
9848,7565,47,77,85482
9849,3524,47,78,85482
9850,7283,47,79,85482
9851,7566,47,80,85482
9852,7567,47,81,85482
9853,5235,47,82,72514
9854,7568,47,83,72514
9855,5288,47,84,72514
9856,7569,47,85,72514
9857,7570,47,86,72514
9858,1909,47,87,72514
9859,6801,47,88,72514
9860,7571,47,89,72514
9861,7572,47,90,72514
9862,7573,47,91,61929
9863,4159,47,92,61929
9864,7574,47,93,61929
9865,3240,47,94,61929
9866,6880,47,95,61929
9867,7575,47,96,61929
9868,7576,47,97,61929
9869,7577,47,98,61929
9870,6911,47,99,61929
9871,104,47,100,53247
9872,7578,47,101,53247
9873,7579,47,102,53247
9874,4028,47,103,53247
9875,7580,47,104,53247
9876,7581,47,105,53247
9877,7582,47,106,53247
9878,4675,47,107,53247
9879,7583,47,108,53247
9880,3614,47,109,53247
9881,7584,47,110,53247
9882,4138,47,111,53247
9883,5216,47,112,53247
9884,4252,47,113,53247
9885,7585,47,114,53247
9886,7586,47,115,53247
9887,2869,47,116,53247
9888,7587,47,117,53247
9889,7588,47,118,53247
9890,6596,47,119,53247
9891,4520,47,120,53247
9892,3182,47,121,53247
9893,7589,47,122,53247
9894,6984,47,123,53247
9895,7590,47,124,53247
9896,7591,47,125,53247
9897,4947,47,126,53247
9898,7592,47,127,53247
9899,2931,47,128,53247
9900,5228,47,129,53247
9901,7593,47,130,53247
9902,7594,47,131,53247
9903,7595,47,132,53247
9904,7021,47,133,53247
9905,7377,47,134,53247
9906,7596,47,135,53247
9907,5756,47,136,53247
9908,7597,47,137,53247
9909,5190,47,138,53247
9910,5428,47,139,53247
9911,5277,47,140,53247
9912,6057,47,141,53247
9913,6742,47,142,53247
9914,7598,47,143,53247
9915,4717,47,144,53247
9916,7599,47,145,53247
9917,7600,47,146,53247
9918,6217,47,147,53247
9919,7601,47,148,53247
9920,7339,47,149,53247
9921,7602,47,150,53247
9922,7603,47,151,53247
9923,7604,47,152,53247
9924,5446,47,153,53247
9925,4279,47,154,53247
9926,7605,47,155,53247
9927,7606,47,156,53247
9928,6351,47,157,53247
9929,7363,47,158,53247
9930,7607,47,159,53247
9931,7184,47,160,53247
9932,7495,47,161,53247
9933,7608,47,162,53247
9934,7609,47,163,46096
9935,7610,47,164,46096
9936,6873,47,165,46096
9937,7611,47,166,46096
9938,6215,47,167,46096
9939,7612,47,168,46096
9940,7613,47,169,46096
9941,1178,47,170,46096
9942,7614,47,171,46096
9943,4129,47,172,46096
9944,7615,47,173,46096
9945,6494,47,174,46096
9946,7616,47,175,46096
9947,5192,47,176,46096
9948,5571,47,177,46096
9949,7617,47,178,46096
9950,6890,47,179,46096
9951,7618,47,180,46096
9952,7619,47,181,46096
9953,7620,47,182,46096
9954,7621,47,183,46096
9955,7239,47,184,46096
9956,7622,47,185,46096
9957,1221,47,186,46096
9958,4990,47,187,46096
9959,7623,47,188,46096
9960,7290,47,189,46096
9961,6948,47,190,46096
9962,5326,47,191,46096
9963,4980,47,192,46096
9964,5603,47,193,46096
9965,6594,47,194,46096
9966,7624,47,195,46096
9967,7625,47,196,46096
9968,5930,47,197,46096
9969,7626,47,198,46096
9970,4167,47,199,46096
9971,7627,47,200,46096
9972,7628,47,201,46096
9973,7629,47,202,46096
9974,7630,47,203,46096
9975,7069,47,204,46096
9976,7631,47,205,46096
9977,5691,47,206,46096
9978,7632,47,207,46096
9979,4487,47,208,46096
9980,7633,47,209,46096
9981,6857,47,210,46096
9982,5879,47,211,46096
9983,7634,47,212,46096
9984,7635,47,213,46096
9985,4827,47,214,46096
9986,5069,47,215,46096
9987,7636,47,216,46096
9988,7637,47,217,46096
9989,4613,47,218,46096
9990,7638,47,219,46096
9991,7639,47,220,46096
9992,7640,47,221,46096
9993,7641,47,222,46096
9994,2284,47,223,46096
9995,7346,47,224,46096
9996,3756,47,225,46096
9997,7642,47,226,40181
9998,7643,47,227,40181
9999,7644,47,228,40181
10000,7645,47,229,40181
10001,6712,47,230,40181
10002,366,47,231,40181
10003,7646,47,232,40181
10004,7647,47,233,40181
10005,7648,47,234,40181
10006,7649,47,235,40181
10007,7650,47,236,40181
10008,4168,47,237,40181
10009,7651,47,238,40181
10010,7652,47,239,40181
10011,7653,47,240,40181
10012,2030,47,241,40181
10013,6414,47,242,40181
10014,7654,47,243,40181
10015,7655,47,244,40181
10016,6883,47,245,40181
10017,2140,47,246,40181
10018,7656,47,247,40181
10019,7657,47,248,40181
10020,7658,47,249,40181
10021,7659,47,250,40181
10022,277,47,251,40181
10023,7660,47,252,40181
10024,7661,47,253,40181
10025,7662,47,254,40181
10026,6161,47,255,40181
10027,3081,47,256,40181
10028,7663,47,257,40181
10029,7664,47,258,40181
10030,7665,47,259,40181
10031,6996,47,260,40181
10032,1964,47,261,40181
10033,7666,47,262,40181
10034,790,47,263,40181
10035,6581,47,264,40181
10036,5580,47,265,40181
10037,7667,47,266,40181
10038,4230,47,267,40181
10039,6970,47,268,40181
10040,7668,47,269,40181
10041,7669,47,270,40181
10042,2338,47,271,40181
10043,5746,47,272,40181
10044,3371,47,273,40181
10045,2503,47,274,40181
10046,7670,47,275,40181
10047,7671,47,276,40181
10048,7672,47,277,40181
10049,7673,47,278,40181
10050,7321,47,279,40181
10051,6941,47,280,40181
10052,7674,47,281,40181
10053,5025,47,282,40181
10054,7675,47,283,40181
10055,806,47,284,40181
10056,6145,47,285,40181
10057,7676,47,286,40181
10058,7677,47,287,40181
10059,7678,47,288,40181
10060,4670,47,289,35267
10061,7679,47,290,35267
10062,373,47,291,35267
10063,3035,47,292,35267
10064,2288,47,293,35267
10065,1617,47,294,35267
10066,7680,47,295,35267
10067,2705,47,296,35267
10068,7681,47,297,35267
10069,7682,47,298,35267
10070,6237,47,299,35267
10071,7460,47,300,35267
10072,6208,47,301,35267
10073,7683,47,302,35267
10074,7684,47,303,35267
10075,5875,47,304,35267
10076,7047,47,305,35267
10077,7685,47,306,35267
10078,7686,47,307,35267
10079,7687,47,308,35267
10080,5380,47,309,35267
10081,7688,47,310,35267
10082,7689,47,311,35267
10083,1992,47,312,35267
10084,4150,47,313,35267
10085,5154,47,314,35267
10086,7690,47,315,35267
10087,7691,47,316,35267
10088,7061,47,317,35267
10089,7692,47,318,35267
10090,7693,47,319,35267
10091,7196,47,320,35267
10092,7694,47,321,35267
10093,7695,47,322,35267
10094,7696,47,323,35267
10095,7697,47,324,35267
10096,7698,47,325,35267
10097,5231,47,326,35267
10098,7699,47,327,35267
10099,7700,47,328,35267
10100,7701,47,329,35267
10101,7702,47,330,35267
10102,7703,47,331,35267
10103,7704,47,332,35267
10104,7705,47,333,35267
10105,6055,47,334,35267
10106,7706,47,335,35267
10107,7707,47,336,35267
10108,7708,47,337,35267
10109,7314,47,338,35267
10110,7709,47,339,35267
10111,7710,47,340,35267
10112,5266,47,341,35267
10113,7711,47,342,35267
10114,7712,47,343,35267
10115,7713,47,344,35267
10116,7714,47,345,35267
10117,3499,47,346,35267
10118,7715,47,347,35267
10119,6870,47,348,35267
10120,3624,47,349,35267
10121,7716,47,350,35267
10122,7717,47,351,35267
10123,7305,47,352,31170
10124,6557,47,353,31170
10125,7718,47,354,31170
10126,7719,47,355,31170
10127,7720,47,356,31170
10128,4166,47,357,31170
10129,7721,47,358,31170
10130,7722,47,359,31170
10131,6856,47,360,31170
10132,1982,47,361,31170
10133,7723,47,362,31170
10134,7724,47,363,31170
10135,5100,47,364,31170
10136,554,47,365,31170
10137,7725,47,366,31170
10138,7188,47,367,31170
10139,7726,47,368,31170
10140,7727,47,369,31170
10141,7728,47,370,31170
10142,7344,47,371,31170
10143,2754,47,372,31170
10144,7729,47,373,31170
10145,7730,47,374,31170
10146,2554,47,375,31170
10147,7731,47,376,31170
10148,7732,47,377,31170
10149,7733,47,378,31170
10150,5973,47,379,31170
10151,7734,47,380,31170
10152,7735,47,381,31170
10153,7736,47,382,31170
10154,1160,47,383,31170
10155,7737,47,384,31170
10156,7738,47,385,31170
10157,7739,47,386,31170
10158,7740,47,387,31170
10159,7741,47,388,31170
10160,7742,47,389,31170
10161,4648,47,390,31170
10162,6292,47,391,31170
10163,4724,47,392,31170
10164,7743,47,393,31170
10165,7744,47,394,31170
10166,7745,47,395,31170
10167,7746,47,396,31170
10168,4352,47,397,31170
10169,7747,47,398,31170
10170,5889,47,399,31170
10171,7748,47,400,31170
10172,7749,47,401,31170
10173,7750,47,402,31170
10174,2858,47,403,31170
10175,7751,47,404,31170
10176,7752,47,405,31170
10177,7753,47,406,31170
10178,7754,47,407,31170
10179,7755,47,408,31170
10180,6342,47,409,31170
10181,4707,47,410,31170
10182,5813,47,411,31170
10183,7756,47,412,31170
10184,7757,47,413,31170
10185,7758,47,414,31170
10186,3257,47,415,27743
10187,6155,47,416,27743
10188,2978,47,417,27743
10189,4842,47,418,27743
10190,7759,47,419,27743
10191,4333,47,420,27743
10192,7760,47,421,27743
10193,7761,47,422,27743
10194,7762,47,423,27743
10195,7763,47,424,27743
10196,7764,47,425,27743
10197,7765,47,426,27743
10198,6899,47,427,27743
10199,7022,47,428,27743
10200,7766,47,429,27743
10201,7302,47,430,27743
10202,7767,47,431,27743
10203,4803,47,432,27743
10204,6244,47,433,27743
10205,7768,47,434,27743
10206,5541,47,435,27743
10207,7769,47,436,27743
10208,7770,47,437,27743
10209,7771,47,438,27743
10210,4088,47,439,27743
10211,7772,47,440,27743
10212,7773,47,441,27743
10213,5992,47,442,27743
10214,7774,47,443,27743
10215,7775,47,444,27743
10216,7776,47,445,27743
10217,7777,47,446,27743
10218,7778,47,447,27743
10219,7779,47,448,27743
10220,7780,47,449,27743
10221,7781,47,450,27743
10222,2638,47,451,27743
10223,2282,47,452,27743
10224,7782,47,453,27743
10225,7783,47,454,27743
10226,7784,47,455,27743
10227,5553,47,456,27743
10228,7785,47,457,27743
10229,7786,47,458,27743
10230,7787,47,459,27743
10231,7788,47,460,27743
10232,1267,47,461,27743
10233,7789,47,462,27743
10234,7790,47,463,27743
10235,7791,47,464,27743
10236,7792,47,465,27743
10237,7080,47,466,27743
10238,6022,47,467,27743
10239,7793,47,468,27743
10240,7794,47,469,27743
10241,7795,47,470,27743
10242,7796,47,471,27743
10243,3238,47,472,27743
10244,7797,47,473,27743
10245,3201,47,474,27743
10246,6875,47,475,27743
10247,7798,47,476,27743
10248,7799,47,477,27743
10249,4725,47,478,24867
10250,7800,47,479,24867
10251,7801,47,480,24867
10252,7802,47,481,24867
10253,7803,47,482,24867
10254,5882,47,483,24867
10255,7804,47,484,24867
10256,444,47,485,24867
10257,7805,47,486,24867
10258,2817,47,487,24867
10259,7806,47,488,24867
10260,6481,47,489,24867
10261,7807,47,490,24867
10262,3421,47,491,24867
10263,7808,47,492,24867
10264,7809,47,493,24867
10265,7810,47,494,24867
10266,7811,47,495,24867
10267,7812,47,496,24867
10268,7813,47,497,24867
10269,7140,47,498,24867
10270,7814,47,499,24867
10271,648,47,500,24867
10272,7815,47,501,24867
10273,1813,47,503,24867
10274,5095,47,504,24867
10275,7816,47,505,24867
10276,1893,47,506,24867
10277,7817,47,507,24867
10278,7818,47,508,24867
10279,7819,47,509,24867
10280,6308,47,510,24867
10281,7820,47,511,24867
10282,7821,47,512,24867
10283,7822,47,513,24867
10284,7823,47,514,24867
10285,7335,47,515,24867
10286,7824,47,516,24867
10287,7825,47,517,24867
10288,7826,47,518,24867
10289,5774,47,519,24867
10290,7827,47,520,24867
10291,840,47,521,24867
10292,7828,47,522,24867
10293,7829,47,523,24867
10294,7830,47,524,24867
10295,6949,47,525,24867
10296,7291,47,526,24867
10297,6527,47,527,24867
10298,7408,47,528,24867
10299,7831,47,529,24867
10300,4626,47,530,24867
10301,6488,47,531,24867
10302,7832,47,532,24867
10303,7833,47,533,24867
10304,6170,47,534,24867
10305,7834,47,535,24867
10306,7835,47,536,24867
10307,5362,47,537,24867
10308,2114,47,538,24867
10309,5460,47,539,24867
10310,7836,47,540,24867
10311,3631,47,541,22449
10312,7837,47,542,22449
10313,6349,47,543,22449
10314,7391,47,544,22449
10315,5489,47,545,22449
10316,7838,47,546,22449
10317,6141,47,547,22449
10318,7839,47,548,22449
10319,265,47,549,22449
10320,7840,47,550,22449
10321,7841,47,551,22449
10322,7842,47,552,22449
10323,7843,47,553,22449
10324,7844,47,554,22449
10325,7845,47,555,22449
10326,5870,47,556,22449
10327,7846,47,557,22449
10328,7847,47,558,22449
10329,4965,47,559,22449
10330,7848,47,560,22449
10331,7849,47,561,22449
10332,7850,47,562,22449
10333,7851,47,563,22449
10334,7852,47,564,22449
10335,5837,47,565,22449
10336,7853,47,566,22449
10337,7854,47,567,22449
10338,7855,47,568,22449
10339,7856,47,569,22449
10340,7857,47,570,22449
10341,6105,47,571,22449
10342,7858,47,572,22449
10343,7859,47,573,22449
10344,7860,47,574,22449
10345,883,47,575,22449
10346,7861,47,576,22449
10347,7862,47,577,22449
10348,7863,47,578,22449
10349,7162,47,579,22449
10350,5405,47,580,22449
10351,7100,47,581,22449
10352,3755,47,582,22449
10353,7864,47,583,22449
10354,7865,47,584,22449
10355,7866,47,585,22449
10356,7275,47,586,22449
10357,7867,47,587,22449
10358,7868,47,588,22449
10359,7869,47,589,22449
10360,7870,47,590,22449
10361,7871,47,591,22449
10362,7872,47,592,22449
10363,7873,47,593,22449
10364,7874,47,594,22449
10365,5760,47,595,22449
10366,5936,47,596,22449
10367,7875,47,597,22449
10368,7876,47,598,22449
10369,7877,47,599,22449
10370,7878,47,600,22449
10371,7879,47,601,22449
10372,7880,47,602,22449
10373,6889,47,603,22449
10374,7881,47,604,20411
10375,4200,47,605,20411
10376,2516,47,606,20411
10377,4986,47,607,20411
10378,6270,47,608,20411
10379,6398,47,609,20411
10380,7882,47,610,20411
10381,7883,47,611,20411
10382,481,47,612,20411
10383,7884,47,613,20411
10384,6922,47,614,20411
10385,7885,47,615,20411
10386,7886,47,616,20411
10387,7887,47,617,20411
10388,7888,47,618,20411
10389,7889,47,619,20411
10390,7890,47,620,20411
10391,7891,47,621,20411
10392,7892,47,622,20411
10393,7893,47,623,20411
10394,7894,47,624,20411
10395,7895,47,625,20411
10396,7896,47,626,20411
10397,5846,47,627,20411
10398,7897,47,628,20411
10399,7898,47,629,20411
10400,7899,47,630,20411
10401,7900,47,631,20411
10402,7901,47,632,20411
10403,7902,47,633,20411
10404,7000,47,634,20411
10405,641,47,635,20411
10406,7903,47,636,20411
10407,6747,47,637,20411
10408,7904,47,638,20411
10409,7905,47,639,20411
10410,7906,47,640,20411
10411,4307,47,641,20411
10412,7907,47,642,20411
10413,355,47,643,20411
10414,7908,47,644,20411
10415,7909,47,645,20411
10416,5695,47,646,20411
10417,7910,47,647,20411
10418,7911,47,648,20411
10419,7912,47,649,20411
10420,6300,47,650,20411
10421,7913,47,651,20411
10422,5908,47,652,20411
10423,4394,47,653,20411
10424,6550,47,654,20411
10425,7914,47,655,20411
10426,7915,47,656,20411
10427,7916,47,657,20411
10428,4870,47,658,20411
10429,7917,47,659,20411
10430,7918,47,660,20411
10431,7919,47,661,20411
10432,7920,47,662,20411
10433,7921,47,663,20411
10434,4212,47,664,20411
10435,7922,47,665,20411
10436,7923,47,666,20411
10437,7174,47,667,18693
10438,7924,47,668,18693
10439,6448,47,669,18693
10440,7925,47,670,18693
10441,7926,47,671,18693
10442,7927,47,672,18693
10443,7928,47,673,18693
10444,7929,47,674,18693
10445,7930,47,675,18693
10446,7931,47,676,18693
10447,6615,47,677,18693
10448,7932,47,678,18693
10449,7933,47,679,18693
10450,7934,47,680,18693
10451,7935,47,681,18693
10452,7936,47,682,18693
10453,7937,47,683,18693
10454,3053,47,684,18693
10455,7938,47,685,18693
10456,6985,47,686,18693
10457,7939,47,687,18693
10458,6543,47,688,18693
10459,7940,47,689,18693
10460,6248,47,690,18693
10461,7941,47,691,18693
10462,3184,47,692,18693
10463,7942,47,693,18693
10464,7943,47,694,18693
10465,7944,47,695,18693
10466,7945,47,696,18693
10467,4735,47,697,18693
10468,7946,47,698,18693
10469,7947,47,699,18693
10470,7948,47,700,18693
10471,7949,47,701,18693
10472,4777,47,702,18693
10473,7950,47,703,18693
10474,7008,47,704,18693
10475,7951,47,705,18693
10476,7952,47,706,18693
10477,7953,47,707,18693
10478,7954,47,708,18693
10479,7955,47,709,18693
10480,7956,47,710,18693
10481,7957,47,711,18693
10482,4580,47,712,18693
10483,7958,47,713,18693
10484,7959,47,714,18693
10485,2293,47,715,18693
10486,7439,47,716,18693
10487,7960,47,717,18693
10488,7961,47,718,18693
10489,7962,47,719,18693
10490,3850,47,720,18693
10491,7963,47,721,18693
10492,7964,47,722,18693
10493,4370,47,723,18693
10494,6416,47,724,18693
10495,4358,47,725,18693
10496,7965,47,726,18693
10497,4922,47,727,18693
10498,5917,47,728,18693
10499,7966,47,729,18693
10500,7402,47,730,18693
10501,7967,47,731,18693
10502,7968,47,732,18693
10503,7969,47,733,18693
10504,7970,47,734,18693
10505,5226,47,735,18693
10506,1931,47,736,18693
10507,7971,47,737,18693
10508,7972,47,738,18693
10509,7973,47,739,18693
10510,5546,47,740,18693
10511,7974,47,741,18693
10512,7975,47,742,18693
10513,7976,47,743,18693
10514,7977,47,744,18693
10515,7978,47,745,18693
10516,7979,47,746,18693
10517,7980,47,747,18693
10518,7981,47,748,18693
10519,7982,47,749,18693
10520,7424,47,750,18693
10521,7983,47,751,18693
10522,7984,47,752,18693
10523,7985,47,753,18693
10524,7986,47,754,18693
10525,7987,47,755,18693
10526,7988,47,756,18693
10527,7989,47,757,18693
10528,6071,47,758,18693
10529,7990,47,759,18693
10530,7991,47,760,18693
10531,5232,47,761,18693
10532,7992,47,762,18693
10533,7993,47,763,18693
10534,7994,47,764,18693
10535,7995,47,765,18693
10536,7996,47,766,17243
10537,7997,47,767,17243
10538,5672,47,768,17243
10539,997,47,769,17243
10540,4265,47,770,17243
10541,7998,47,771,17243
10542,5401,47,772,17243
10543,3419,47,773,17243
10544,7999,47,774,17243
10545,5761,47,775,17243
10546,8000,47,776,17243
10547,6034,47,777,17243
10548,2642,47,778,17243
10549,8001,47,779,17243
10550,3078,47,780,17243
10551,8002,47,781,17243
10552,2908,47,782,17243
10553,8003,47,783,17243
10554,8004,47,784,17243
10555,8005,47,785,17243
10556,8006,47,786,17243
10557,8007,47,787,17243
10558,6050,47,788,17243
10559,8008,47,789,17243
10560,8009,47,790,17243
10561,8010,47,791,17243
10562,8011,47,792,17243
10563,8012,47,793,17243
10564,5630,47,794,17243
10565,8013,47,795,17243
10566,5712,47,796,17243
10567,8014,47,797,17243
10568,8015,47,798,17243
10569,8016,47,799,17243
10570,8017,47,800,17243
10571,8018,47,801,17243
10572,3991,47,802,17243
10573,8019,47,803,17243
10574,3689,47,804,17243
10575,8020,47,805,17243
10576,8021,47,806,17243
10577,6229,47,807,17243
10578,8022,47,808,17243
10579,394,47,809,17243
10580,8023,47,810,17243
10581,4227,47,811,17243
10582,8024,47,812,17243
10583,7254,47,813,17243
10584,8025,47,814,17243
10585,8026,47,815,17243
10586,537,47,816,17243
10587,8027,47,817,17243
10588,8028,47,818,17243
10589,125,47,819,17243
10590,8029,47,820,17243
10591,8030,47,821,17243
10592,8031,47,822,17243
10593,8032,47,823,17243
10594,7515,47,824,17243
10595,8033,47,825,17243
10596,8034,47,826,17243
10597,6902,47,827,17243
10598,8035,47,828,17243
10599,8036,47,829,17243
10600,8037,47,830,17243
10601,8038,47,831,17243
10602,8039,47,832,17243
10603,5835,47,833,17243
10604,8040,47,834,17243
10605,6500,47,835,17243
10606,8041,47,836,17243
10607,8042,47,837,17243
10608,8043,47,838,17243
10609,4302,47,839,17243
10610,4909,47,840,17243
10611,3252,47,841,17243
10612,8044,47,842,17243
10613,8045,47,843,17243
10614,8046,47,844,17243
10615,8047,47,845,17243
10616,8048,47,846,17243
10617,8049,47,847,17243
10618,8050,47,848,17243
10619,8051,47,849,17243
10620,8052,47,850,17243
10621,8053,47,851,17243
10622,8054,47,852,17243
10623,8055,47,853,17243
10624,8056,47,854,17243
10625,8057,47,855,17243
10626,6290,47,856,17243
10627,8058,47,857,17243
10628,7507,47,858,17243
10629,7341,47,859,17243
10630,8059,47,860,17243
10631,8060,47,861,17243
10632,8061,47,862,17243
10633,8062,47,863,17243
10634,8063,47,864,17243
10635,8064,47,865,16024
10636,8065,47,866,16024
10637,8066,47,867,16024
10638,3864,47,868,16024
10639,7469,47,869,16024
10640,8067,47,870,16024
10641,8068,47,871,16024
10642,8069,47,872,16024
10643,8070,47,873,16024
10644,8071,47,874,16024
10645,7160,47,875,16024
10646,8072,47,876,16024
10647,7294,47,877,16024
10648,8073,47,878,16024
10649,8074,47,879,16024
10650,8075,47,880,16024
10651,8076,47,881,16024
10652,8077,47,882,16024
10653,8078,47,883,16024
10654,2340,47,884,16024
10655,8079,47,885,16024
10656,8080,47,886,16024
10657,8081,47,887,16024
10658,8082,47,888,16024
10659,8083,47,889,16024
10660,251,47,890,16024
10661,8084,47,891,16024
10662,8085,47,892,16024
10663,8086,47,893,16024
10664,8087,47,894,16024
10665,8088,47,895,16024
10666,8089,47,896,16024
10667,8090,47,897,16024
10668,4257,47,898,16024
10669,8091,47,899,16024
10670,8092,47,900,16024
10671,8093,47,901,16024
10672,8094,47,902,16024
10673,8095,47,903,16024
10674,8096,47,904,16024
10675,8097,47,905,16024
10676,6221,47,906,16024
10677,5511,47,907,16024
10678,8098,47,908,16024
10679,7465,47,909,16024
10680,8099,47,910,16024
10681,8100,47,911,16024
10682,1929,47,912,16024
10683,8101,47,913,16024
10684,5534,47,914,16024
10685,8102,47,915,16024
10686,7332,47,916,16024
10687,8103,47,917,16024
10688,8104,47,918,16024
10689,8105,47,919,16024
10690,8106,47,920,16024
10691,8107,47,921,16024
10692,6253,47,922,16024
10693,8108,47,923,16024
10694,8109,47,924,16024
10695,8110,47,925,16024
10696,5704,47,926,16024
10697,2012,47,927,16024
10698,8111,47,928,16024
10699,8112,47,929,16024
10700,8113,47,930,16024
10701,8114,47,931,16024
10702,8115,47,932,16024
10703,8116,47,933,16024
10704,3109,47,934,16024
10705,8117,47,935,16024
10706,8118,47,936,16024
10707,8119,47,937,16024
10708,8120,47,938,16024
10709,8121,47,939,16024
10710,8122,47,940,16024
10711,8123,47,941,16024
10712,4722,47,942,16024
10713,8124,47,943,16024
10714,8125,47,944,16024
10715,8126,47,945,16024
10716,8127,47,946,16024
10717,8128,47,947,16024
10718,3026,47,948,16024
10719,8129,47,949,16024
10720,6682,47,950,16024
10721,8130,47,951,16024
10722,8131,47,952,16024
10723,6822,47,953,16024
10724,8132,47,954,16024
10725,8133,47,955,16024
10726,405,47,956,16024
10727,320,47,957,16024
10728,7186,47,958,16024
10729,8134,47,959,16024
10730,8135,47,960,16024
10731,6484,47,961,16024
10732,8136,47,962,16024
10733,8137,47,963,16024
10734,4361,47,964,15000
10735,8138,47,965,15000
10736,2668,47,966,15000
10737,4775,47,967,15000
10738,8139,47,968,15000
10739,4431,47,969,15000
10740,8140,47,970,15000
10741,4496,47,971,15000
10742,8141,47,972,15000
10743,8142,47,973,15000
10744,8143,47,974,15000
10745,8144,47,975,15000
10746,8145,47,976,15000
10747,6848,47,977,15000
10748,8146,47,978,15000
10749,8147,47,979,15000
10750,8148,47,980,15000
10751,8149,47,981,15000
10752,8150,47,982,15000
10753,6738,47,983,15000
10754,336,47,984,15000
10755,4696,47,985,15000
10756,5543,47,986,15000
10757,8151,47,987,15000
10758,8152,47,988,15000
10759,8153,47,989,15000
10760,4535,47,990,15000
10761,8154,47,991,15000
10762,8155,47,992,15000
10763,8156,47,993,15000
10764,8157,47,994,15000
10765,4319,47,995,15000
10766,8158,47,996,15000
10767,8159,47,997,15000
10768,8160,47,998,15000
10769,8161,47,999,15000
10770,8162,47,1000,15000
10771,5203,47,1001,15000
10772,8163,47,1002,15000
10773,4784,47,1003,15000
10774,8164,47,1004,15000
10775,7228,47,1005,15000
10776,5665,47,1006,15000
10777,8165,47,1007,15000
10778,4374,47,1008,15000
10779,8166,47,1009,15000
10780,8167,47,1010,15000
10781,8168,47,1011,15000
10782,185,47,1012,15000
10783,2242,47,1013,15000
10784,6123,47,1014,15000
10785,8169,47,1015,15000
10786,8170,47,1016,15000
10787,8171,47,1017,15000
10788,8172,47,1018,15000
10789,8173,47,1019,15000
10790,8174,47,1020,15000
10791,8175,47,1021,15000
10792,6765,47,1022,15000
10793,8176,47,1023,15000
10794,8177,47,1024,15000
10795,1919,47,1025,15000
10796,6695,47,1026,15000
10797,8178,47,1027,15000
10798,8179,47,1028,15000
10799,6691,47,1029,15000
10800,6558,47,1030,15000
10801,7479,47,1031,15000
10802,8180,47,1032,15000
10803,8181,47,1033,15000
10804,1103,47,1034,15000
10805,1377,47,1035,15000
10806,8182,47,1036,15000
10807,8183,47,1037,15000
10808,8184,47,1038,15000
10809,6869,47,1039,15000
10810,6797,47,1040,15000
10811,8185,47,1041,15000
10812,7090,47,1042,15000
10813,8186,47,1043,15000
10814,8187,47,1044,15000
10815,7309,47,1045,15000
10816,8188,47,1046,15000
10817,8189,47,1047,15000
10818,3931,47,1048,15000
10819,2634,47,1049,15000
10820,8190,47,1050,15000
10821,8191,47,1051,15000
10822,8192,47,1052,15000
10823,8193,47,1053,15000
10824,8194,47,1054,15000
10825,8195,47,1055,15000
10826,8196,47,1056,15000
10827,8197,47,1057,15000
10828,7504,47,1058,15000
10829,6148,47,1059,15000
10830,8198,47,1060,15000
10831,8199,47,1061,15000
10832,8200,47,1062,15000
10833,8201,47,1063,15000
10834,8202,47,1064,15000
10835,8203,47,1065,15000
10836,8204,47,1066,15000
10837,8205,47,1067,15000
10838,8206,47,1068,15000
10839,8207,47,1069,15000
10840,8208,47,1070,15000
10841,8209,47,1071,15000
10842,8210,47,1072,15000
10843,8211,47,1073,15000
10844,8212,47,1074,15000
10845,8213,47,1075,15000
10846,8214,47,1076,15000
10847,6825,47,1077,15000
10848,8215,47,1078,15000
10849,2189,47,1079,15000
10850,7251,47,1080,15000
10851,8216,47,1081,15000
10852,6439,47,1082,15000
10853,8217,47,1083,15000
10854,8218,47,1084,15000
10855,6849,48,1,8800000
10856,8219,48,2,5000000
10857,8220,48,3,3750000
10858,8221,48,4,2825000
10859,3026,48,5,2150000
10860,8222,48,6,1800000
10861,7237,48,7,1500000
10862,8223,48,8,1250000
10863,8224,48,9,1000000
10864,2315,48,10,850025
10865,8214,48,11,725000
10866,3813,48,12,575000
10867,6865,48,13,575000
10868,8225,48,14,475000
10869,8226,48,15,475000
10870,7073,48,16,375000
10871,8227,48,17,375000
10872,5187,48,18,375000
10873,8228,48,19,282630
10874,7047,48,20,282630
10875,8229,48,21,282630
10876,8230,48,22,282630
10877,8231,48,23,282630
10878,8232,48,24,282630
10879,8233,48,25,282630
10880,8009,48,26,282630
10881,8234,48,27,282630
10882,6206,48,28,230475
10883,2304,48,29,230475
10884,8235,48,30,230475
10885,8236,48,31,230475
10886,8237,48,32,230475
10887,897,48,33,230475
10888,8238,48,34,230475
10889,6640,48,35,230475
10890,6919,48,36,230475
10891,8239,48,37,189165
10892,5697,48,38,189165
10893,1669,48,39,189165
10894,8240,48,40,189165
10895,4171,48,41,189165
10896,5198,48,42,189165
10897,8241,48,43,189165
10898,8242,48,44,189165
10899,8243,48,45,189165
10900,6851,48,46,156265
10901,8244,48,47,156265
10902,5630,48,48,156265
10903,4775,48,49,156265
10904,6167,48,50,156265
10905,8245,48,51,156265
10906,8246,48,52,156265
10907,6922,48,53,156265
10908,6616,48,54,156265
10909,3078,48,55,129930
10910,8247,48,56,129930
10911,6776,48,57,129930
10912,8248,48,58,129930
10913,8249,48,59,129930
10914,8250,48,60,129930
10915,8251,48,61,129930
10916,5212,48,62,129930
10917,8252,48,63,129930
10918,8253,48,64,108745
10919,8254,48,65,108745
10920,8255,48,66,108745
10921,8256,48,67,108745
10922,8257,48,68,108745
10923,6961,48,69,108745
10924,8258,48,70,108745
10925,5693,48,71,108745
10926,8259,48,72,108745
10927,5878,48,73,91610
10928,7046,48,74,91610
10929,7797,48,75,91610
10930,4166,48,76,91610
10931,8260,48,77,91610
10932,6923,48,78,91610
10933,8261,48,79,91610
10934,8262,48,80,91610
10935,8263,48,81,91610
10936,8264,48,82,77695
10937,8265,48,83,77695
10938,5235,48,84,77695
10939,8266,48,85,77695
10940,8267,48,86,77695
10941,8268,48,87,77695
10942,8269,48,88,77695
10943,8270,48,89,77695
10944,8271,48,90,77695
10945,8272,48,91,66330
10946,7172,48,92,66330
10947,7680,48,93,66330
10948,8273,48,94,66330
10949,8274,48,95,66330
10950,8275,48,96,66330
10951,8276,48,97,66330
10952,8277,48,98,66330
10953,8278,48,99,66330
10954,8279,48,100,57010
10955,7466,48,101,57010
10956,4717,48,102,57010
10957,8280,48,103,57010
10958,8281,48,104,57010
10959,4904,48,105,57010
10960,8282,48,106,57010
10961,8283,48,107,57010
10962,8284,48,108,57010
10963,8285,48,109,57010
10964,6367,48,110,57010
10965,1999,48,111,57010
10966,8286,48,112,57010
10967,8287,48,113,57010
10968,8288,48,114,57010
10969,7173,48,115,57010
10970,8289,48,116,57010
10971,8290,48,117,57010
10972,8291,48,118,57010
10973,4349,48,119,57010
10974,8292,48,120,57010
10975,8293,48,121,57010
10976,8294,48,122,57010
10977,2323,48,123,57010
10978,8295,48,124,57010
10979,8296,48,125,57010
10980,4408,48,126,57010
10981,8297,48,127,57010
10982,8298,48,128,57010
10983,8299,48,129,57010
10984,8300,48,130,57010
10985,8301,48,131,57010
10986,3044,48,132,57010
10987,6531,48,133,57010
10988,8302,48,134,57010
10989,7257,48,135,57010
10990,2483,48,136,57010
10991,8303,48,137,57010
10992,8304,48,138,57010
10993,8305,48,139,57010
10994,7033,48,140,57010
10995,8306,48,141,57010
10996,4273,48,142,57010
10997,3189,48,143,57010
10998,4722,48,144,57010
10999,8307,48,145,57010
11000,8308,48,146,57010
11001,8309,48,147,57010
11002,8310,48,148,57010
11003,6170,48,149,57010
11004,6088,48,150,57010
11005,8311,48,151,57010
11006,7085,48,152,57010
11007,2606,48,153,57010
11008,8312,48,154,57010
11009,4935,48,155,57010
11010,8313,48,156,57010
11011,4339,48,157,57010
11012,8314,48,158,57010
11013,8315,48,159,57010
11014,8316,48,160,57010
11015,8317,48,161,57010
11016,8318,48,162,57010
11017,8319,48,163,49335
11018,8320,48,164,49335
11019,8321,48,165,49335
11020,8322,48,166,49335
11021,8323,48,167,49335
11022,8324,48,168,49335
11023,8167,48,169,49335
11024,8325,48,170,49335
11025,5124,48,171,49335
11026,1191,48,172,49335
11027,8326,48,173,49335
11028,8327,48,174,49335
11029,7016,48,175,49335
11030,8328,48,176,49335
11031,8329,48,177,49335
11032,4873,48,178,49335
11033,6208,48,179,49335
11034,8330,48,180,49335
11035,8331,48,181,49335
11036,2516,48,182,49335
11037,8332,48,183,49335
11038,8333,48,184,49335
11039,669,48,185,49335
11040,4976,48,186,49335
11041,8334,48,187,49335
11042,6898,48,188,49335
11043,8335,48,189,49335
11044,8336,48,190,49335
11045,5253,48,191,49335
11046,3030,48,192,49335
11047,8337,48,193,49335
11048,8338,48,194,49335
11049,8339,48,195,49335
11050,8340,48,196,49335
11051,8341,48,197,49335
11052,1334,48,198,49335
11053,5206,48,199,49335
11054,8342,48,200,49335
11055,8343,48,201,49335
11056,1585,48,202,49335
11057,8344,48,203,49335
11058,7341,48,204,49335
11059,3485,48,205,49335
11060,8345,48,206,49335
11061,8346,48,207,49335
11062,7348,48,208,49335
11063,8347,48,209,49335
11064,4144,48,211,49335
11065,5217,48,212,49335
11066,8348,48,213,49335
11067,8349,48,214,49335
11068,7467,48,215,49335
11069,8350,48,216,49335
11070,8092,48,217,49335
11071,8351,48,218,49335
11072,7071,48,219,49335
11073,8352,48,220,49335
11074,8353,48,221,49335
11075,4716,48,222,49335
11076,8354,48,223,49335
11077,8355,48,224,49335
11078,6046,48,225,49335
11079,5170,48,226,42980
11080,8356,48,227,42980
11081,8357,48,228,42980
11082,8358,48,229,42980
11083,806,48,230,42980
11084,8359,48,231,42980
11085,4092,48,232,42980
11086,7057,48,233,42980
11087,8360,48,234,42980
11088,8361,48,235,42980
11089,8362,48,236,42980
11090,8363,48,237,42980
11091,8364,48,238,42980
11092,7779,48,239,42980
11093,8365,48,240,42980
11094,7708,48,241,42980
11095,8366,48,242,42980
11096,8367,48,243,42980
11097,6440,48,244,42980
11098,8368,48,245,42980
11099,6278,48,246,42980
11100,8369,48,247,42980
11101,6450,48,248,42980
11102,6226,48,249,42980
11103,8370,48,250,42980
11104,5189,48,251,42980
11105,2814,48,252,42980
11106,186,48,253,42980
11107,8371,48,254,42980
11108,8085,48,255,42980
11109,8372,48,256,42980
11110,8373,48,257,42980
11111,4964,48,258,42980
11112,8374,48,259,42980
11113,6370,48,260,42980
11114,6934,48,261,42980
11115,8375,48,262,42980
11116,5001,48,263,42980
11117,8376,48,264,42980
11118,487,48,265,42980
11119,7328,48,266,42980
11120,8377,48,267,42980
11121,8378,48,268,42980
11122,8379,48,269,42980
11123,8380,48,270,42980
11124,3144,48,271,42980
11125,8381,48,272,42980
11126,4932,48,273,42980
11127,8382,48,274,42980
11128,8383,48,275,42980
11129,5657,48,276,42980
11130,8384,48,277,42980
11131,8385,48,278,42980
11132,8386,48,279,42980
11133,8387,48,280,42980
11134,7381,48,281,42980
11135,1070,48,282,42980
11136,8388,48,283,42980
11137,8389,48,284,42980
11138,8390,48,285,42980
11139,8391,48,286,42980
11140,8151,48,287,42980
11141,2514,48,288,42980
11142,7947,48,289,37705
11143,7144,48,290,37705
11144,4602,48,291,37705
11145,223,48,292,37705
11146,5627,48,293,37705
11147,8392,48,294,37705
11148,6163,48,295,37705
11149,8393,48,296,37705
11150,4466,48,297,37705
11151,6145,48,298,37705
11152,8394,48,299,37705
11153,8395,48,300,37705
11154,8396,48,301,37705
11155,8397,48,302,37705
11156,8398,48,303,37705
11157,8399,48,304,37705
11158,8400,48,305,37705
11159,8401,48,306,37705
11160,8402,48,307,37705
11161,8403,48,308,37705
11162,8404,48,309,37705
11163,8405,48,310,37705
11164,8406,48,311,37705
11165,369,48,312,37705
11166,8407,48,313,37705
11167,8408,48,314,37705
11168,8409,48,315,37705
11169,8410,48,316,37705
11170,5653,48,317,37705
11171,8411,48,318,37705
11172,6630,48,319,37705
11173,8412,48,320,37705
11174,8413,48,321,37705
11175,7907,48,322,37705
11176,8414,48,323,37705
11177,8415,48,324,37705
11178,8416,48,325,37705
11179,8417,48,326,37705
11180,4186,48,327,37705
11181,6501,48,328,37705
11182,8418,48,329,37705
11183,7704,48,330,37705
11184,8419,48,331,37705
11185,5429,48,332,37705
11186,8420,48,333,37705
11187,5275,48,334,37705
11188,8421,48,335,37705
11189,8422,48,336,37705
11190,8423,48,337,37705
11191,8424,48,338,37705
11192,6721,48,339,37705
11193,8425,48,340,37705
11194,1306,48,341,37705
11195,6987,48,342,37705
11196,8426,48,343,37705
11197,6752,48,344,37705
11198,6424,48,345,37705
11199,7096,48,346,37705
11200,8427,48,347,37705
11201,8428,48,348,37705
11202,8429,48,349,37705
11203,8430,48,350,37705
11204,8431,48,351,37705
11205,8432,48,352,33305
11206,8433,48,353,33305
11207,8434,48,354,33305
11208,8435,48,355,33305
11209,8436,48,356,33305
11210,8437,48,357,33305
11211,8438,48,359,33305
11212,6498,48,360,33305
11213,6646,48,361,33305
11214,2284,48,362,33305
11215,8439,48,363,33305
11216,7191,48,364,33305
11217,4841,48,365,33305
11218,7307,48,366,33305
11219,8440,48,367,33305
11220,8441,48,368,33305
11221,7835,48,369,33305
11222,5112,48,370,33305
11223,8442,48,371,33305
11224,8443,48,372,33305
11225,8444,48,373,33305
11226,8445,48,374,33305
11227,8446,48,375,33305
11228,8447,48,376,33305
11229,7338,48,377,33305
11230,8448,48,378,33305
11231,5154,48,379,33305
11232,8449,48,380,33305
11233,8450,48,381,33305
11234,5633,48,382,33305
11235,7609,48,383,33305
11236,8451,48,384,33305
11237,8452,48,385,33305
11238,8453,48,386,33305
11239,3755,48,387,33305
11240,8454,48,388,33305
11241,8455,48,389,33305
11242,8456,48,390,33305
11243,8457,48,391,33305
11244,8458,48,392,33305
11245,3597,48,393,33305
11246,6113,48,394,33305
11247,8459,48,395,33305
11248,8460,48,396,33305
11249,8204,48,397,33305
11250,8461,48,398,33305
11251,8462,48,399,33305
11252,8463,48,400,33305
11253,5984,48,401,33305
11254,5214,48,402,33305
11255,8464,48,403,33305
11256,6457,48,404,33305
11257,8465,48,405,33305
11258,8466,48,406,33305
11259,8467,48,407,33305
11260,8468,48,408,33305
11261,3528,48,409,33305
11262,8469,48,410,33305
11263,8470,48,411,33305
11264,8471,48,412,33305
11265,8472,48,413,33305
11266,8473,48,414,33305
11267,166,48,415,29625
11268,8474,48,416,29625
11269,7992,48,417,29625
11270,8475,48,418,29625
11271,5542,48,419,29625
11272,8476,48,420,29625
11273,8477,48,421,29625
11274,8478,48,422,29625
11275,7189,48,423,29625
11276,8479,48,424,29625
11277,8480,48,425,29625
11278,8481,48,426,29625
11279,8482,48,427,29625
11280,8483,48,428,29625
11281,8484,48,429,29625
11282,32,48,430,29625
11283,8485,48,431,29625
11284,5634,48,432,29625
11285,8486,48,433,29625
11286,8487,48,434,29625
11287,8488,48,435,29625
11288,8489,48,436,29625
11289,8490,48,437,29625
11290,395,48,438,29625
11291,8491,48,439,29625
11292,8492,48,440,29625
11293,8493,48,441,29625
11294,8494,48,442,29625
11295,8495,48,443,29625
11296,8496,48,444,29625
11297,7563,48,445,29625
11298,7356,48,446,29625
11299,8497,48,447,29625
11300,8498,48,448,29625
11301,6694,48,449,29625
11302,3376,48,450,29625
11303,8499,48,451,29625
11304,8500,48,452,29625
11305,8501,48,453,29625
11306,8502,48,454,29625
11307,2968,48,455,29625
11308,7038,48,456,29625
11309,8503,48,457,29625
11310,8504,48,458,29625
11311,8505,48,459,29625
11312,6500,48,460,29625
11313,2943,48,461,29625
11314,8506,48,462,29625
11315,8507,48,463,29625
11316,8508,48,464,29625
11317,8509,48,465,29625
11318,8510,48,466,29625
11319,7570,48,467,29625
11320,8511,48,468,29625
11321,7945,48,469,29625
11322,8512,48,470,29625
11323,8513,48,471,29625
11324,8514,48,472,29625
11325,8515,48,473,29625
11326,8516,48,474,29625
11327,8517,48,475,29625
11328,2649,48,476,29625
11329,7884,48,477,29625
11330,1457,48,478,26535
11331,8518,48,479,26535
11332,8519,48,480,26535
11333,8520,48,481,26535
11334,8521,48,482,26535
11335,7639,48,483,26535
11336,8522,48,484,26535
11337,8523,48,485,26535
11338,7203,48,486,26535
11339,8524,48,487,26535
11340,8525,48,488,26535
11341,2651,48,489,26535
11342,7086,48,490,26535
11343,8526,48,491,26535
11344,7436,48,492,26535
11345,8527,48,493,26535
11346,8528,48,494,26535
11347,2024,48,495,26535
11348,8529,48,496,26535
11349,5675,48,497,26535
11350,5541,48,498,26535
11351,8530,48,499,26535
11352,8531,48,500,26535
11353,8532,48,501,26535
11354,8533,48,502,26535
11355,8534,48,503,26535
11356,8535,48,504,26535
11357,6979,48,505,26535
11358,8536,48,506,26535
11359,8537,48,507,26535
11360,8538,48,508,26535
11361,6877,48,509,26535
11362,8539,48,510,26535
11363,7741,48,511,26535
11364,5724,48,512,26535
11365,8540,48,513,26535
11366,4139,48,514,26535
11367,6770,48,515,26535
11368,8541,48,516,26535
11369,8542,48,517,26535
11370,8543,48,518,26535
11371,8544,48,519,26535
11372,8545,48,520,26535
11373,8546,48,521,26535
11374,2742,48,522,26535
11375,8547,48,523,26535
11376,2012,48,524,26535
11377,8548,48,525,26535
11378,6347,48,526,26535
11379,6513,48,527,26535
11380,8549,48,528,26535
11381,8550,48,529,26535
11382,8551,48,530,26535
11383,7772,48,531,26535
11384,3049,48,532,26535
11385,1132,48,533,26535
11386,8552,48,534,26535
11387,4835,48,535,26535
11388,6819,48,536,26535
11389,8553,48,537,26535
11390,5614,48,538,26535
11391,3663,48,539,26535
11392,3742,48,540,26535
11393,180,48,541,23940
11394,8554,48,542,23940
11395,8555,48,543,23940
11396,238,48,544,23940
11397,7329,48,545,23940
11398,7854,48,546,23940
11399,382,48,547,23940
11400,6902,48,548,23940
11401,8556,48,549,23940
11402,7102,48,550,23940
11403,7785,48,551,23940
11404,8557,48,552,23940
11405,5038,48,553,23940
11406,8558,48,554,23940
11407,6388,48,555,23940
11408,8559,48,556,23940
11409,8560,48,557,23940
11410,8561,48,558,23940
11411,4970,48,559,23940
11412,8562,48,560,23940
11413,8563,48,561,23940
11414,8564,48,562,23940
11415,8565,48,563,23940
11416,8566,48,564,23940
11417,8567,48,565,23940
11418,8568,48,566,23940
11419,1377,48,567,23940
11420,8569,48,568,23940
11421,5612,48,569,23940
11422,8570,48,570,23940
11423,4263,48,571,23940
11424,5110,48,572,23940
11425,8571,48,573,23940
11426,6710,48,574,23940
11427,8572,48,575,23940
11428,7277,48,576,23940
11429,1736,48,577,23940
11430,5877,48,578,23940
11431,3404,48,579,23940
11432,8573,48,580,23940
11433,7933,48,581,23940
11434,8574,48,582,23940
11435,8575,48,583,23940
11436,5406,48,584,23940
11437,4243,48,585,23940
11438,7982,48,586,23940
11439,8576,48,587,23940
11440,4549,48,588,23940
11441,8577,48,589,23940
11442,8578,48,590,23940
11443,8579,48,591,23940
11444,7176,48,592,23940
11445,8580,48,593,23940
11446,4152,48,594,23940
11447,8581,48,595,23940
11448,8582,48,596,23940
11449,5610,48,597,23940
11450,8583,48,598,23940
11451,8584,48,599,23940
11452,8585,48,600,23940
11453,8586,48,601,23940
11454,8587,48,602,23940
11455,8588,48,603,23940
11456,8589,48,604,21750
11457,8590,48,605,21750
11458,7452,48,606,21750
11459,6820,48,607,21750
11460,8591,48,608,21750
11461,5572,48,609,21750
11462,8592,48,610,21750
11463,8593,48,611,21750
11464,81,48,612,21750
11465,8594,48,613,21750
11466,8595,48,614,21750
11467,7118,48,615,21750
11468,4674,48,616,21750
11469,8596,48,617,21750
11470,8597,48,618,21750
11471,8598,48,619,21750
11472,8599,48,620,21750
11473,2638,48,621,21750
11474,7517,48,622,21750
11475,8600,48,623,21750
11476,6550,48,624,21750
11477,8601,48,625,21750
11478,8602,48,626,21750
11479,6362,48,627,21750
11480,5810,48,628,21750
11481,8603,48,629,21750
11482,8604,48,630,21750
11483,3199,48,631,21750
11484,8605,48,632,21750
11485,8606,48,633,21750
11486,8607,48,634,21750
11487,8608,48,635,21750
11488,8609,48,636,21750
11489,8610,48,637,21750
11490,8611,48,638,21750
11491,659,48,639,21750
11492,8612,48,640,21750
11493,3041,48,641,21750
11494,355,48,642,21750
11495,7890,48,643,21750
11496,8613,48,644,21750
11497,6703,48,645,21750
11498,8614,48,646,21750
11499,8615,48,647,21750
11500,8616,48,648,21750
11501,8617,48,649,21750
11502,8618,48,650,21750
11503,3578,48,651,21750
11504,8619,48,652,21750
11505,8620,48,653,21750
11506,475,48,654,21750
11507,8621,48,655,21750
11508,8622,48,656,21750
11509,7188,48,657,21750
11510,5460,48,658,21750
11511,812,48,659,21750
11512,8623,48,660,21750
11513,8624,48,661,21750
11514,8625,48,662,21750
11515,6522,48,663,21750
11516,8626,48,664,21750
11517,8627,48,665,21750
11518,8628,48,666,21750
11519,8132,48,667,19900
11520,463,48,668,19900
11521,8629,48,669,19900
11522,8630,48,670,19900
11523,8631,48,671,19900
11524,3996,48,672,19900
11525,8632,48,673,19900
11526,8633,48,674,19900
11527,8634,48,675,19900
11528,8635,48,676,19900
11529,8636,48,677,19900
11530,8637,48,678,19900
11531,8638,48,679,19900
11532,8639,48,680,19900
11533,8640,48,681,19900
11534,8641,48,682,19900
11535,8183,48,683,19900
11536,5908,48,684,19900
11537,3057,48,685,19900
11538,7894,48,686,19900
11539,5195,48,687,19900
11540,8642,48,688,19900
11541,8643,48,689,19900
11542,8644,48,690,19900
11543,3035,48,691,19900
11544,8189,48,692,19900
11545,8645,48,693,19900
11546,4770,48,694,19900
11547,8128,48,695,19900
11548,6887,48,696,19900
11549,8646,48,697,19900
11550,8647,48,698,19900
11551,412,48,699,19900
11552,8648,48,700,19900
11553,6833,48,701,19900
11554,8649,48,702,19900
11555,3182,48,703,19900
11556,8650,48,704,19900
11557,8651,48,705,19900
11558,8652,48,706,19900
11559,8653,48,707,19900
11560,8654,48,708,19900
11561,8655,48,709,19900
11562,8656,48,710,19900
11563,8657,48,711,19900
11564,5358,48,712,19900
11565,8658,48,713,19900
11566,8659,48,714,19900
11567,4398,48,715,19900
11568,8660,48,716,19900
11569,2326,48,717,19900
11570,8661,48,718,19900
11571,8662,48,719,19900
11572,8663,48,720,19900
11573,8664,48,721,19900
11574,8665,48,722,19900
11575,8666,48,723,19900
11576,3866,48,724,19900
11577,8667,48,725,19900
11578,8668,48,726,19900
11579,6992,48,727,19900
11580,8669,48,728,19900
11581,8670,48,729,19900
11582,8078,48,730,19900
11583,8671,48,731,19900
11584,8672,48,732,19900
11585,6917,48,733,19900
11586,8673,48,734,19900
11587,8185,48,735,19900
11588,4696,48,736,19900
11589,7515,48,737,19900
11590,7588,48,738,19900
11591,8674,48,739,19900
11592,8675,48,740,19900
11593,6756,48,741,19900
11594,8676,48,742,19900
11595,8677,48,743,19900
11596,8678,48,744,19900
11597,8679,48,745,19900
11598,8680,48,746,19900
11599,7319,48,747,19900
11600,3805,48,748,19900
11601,6079,48,749,19900
11602,7592,48,750,19900
11603,8681,48,751,19900
11604,8682,48,752,19900
11605,8683,48,753,19900
11606,8684,48,754,19900
11607,8685,48,755,19900
11608,8686,48,756,19900
11609,8687,48,757,19900
11610,8688,48,758,19900
11611,8689,48,759,19900
11612,8690,48,760,19900
11613,8691,48,761,19900
11614,8692,48,762,19900
11615,8693,48,763,19900
11616,8694,48,764,19900
11617,8695,48,765,19900
11618,8696,48,766,18340
11619,8697,48,767,18340
11620,5364,48,768,18340
11621,8698,48,769,18340
11622,7614,48,770,18340
11623,7420,48,771,18340
11624,7389,48,772,18340
11625,8699,48,773,18340
11626,8700,48,774,18340
11627,1985,48,775,18340
11628,179,48,776,18340
11629,8701,48,777,18340
11630,8702,48,778,18340
11631,8703,48,779,18340
11632,5380,48,780,18340
11633,5712,48,781,18340
11634,8704,48,782,18340
11635,8705,48,783,18340
11636,8706,48,784,18340
11637,8707,48,785,18340
11638,3076,48,786,18340
11639,8708,48,787,18340
11640,8709,48,788,18340
11641,1986,48,789,18340
11642,3117,48,790,18340
11643,8710,48,791,18340
11644,8711,48,792,18340
11645,8712,48,793,18340
11646,8065,48,794,18340
11647,8713,48,795,18340
11648,8714,48,796,18340
11649,8715,48,797,18340
11650,2489,48,798,18340
11651,8716,48,799,18340
11652,4442,48,800,18340
11653,8717,48,801,18340
11654,7996,48,802,18340
11655,2864,48,803,18340
11656,2000,48,804,18340
11657,8718,48,805,18340
11658,8719,48,806,18340
11659,8720,48,807,18340
11660,3572,48,808,18340
11661,5018,48,809,18340
11662,7670,48,810,18340
11663,8721,48,811,18340
11664,8722,48,812,18340
11665,8723,48,813,18340
11666,4010,48,814,18340
11667,8724,48,815,18340
11668,8725,48,816,18340
11669,4142,48,817,18340
11670,8726,48,818,18340
11671,8727,48,819,18340
11672,8728,48,820,18340
11673,8729,48,821,18340
11674,8730,48,822,18340
11675,8731,48,823,18340
11676,8732,48,824,18340
11677,5604,48,825,18340
11678,6782,48,826,18340
11679,8733,48,827,18340
11680,8734,48,828,18340
11681,8735,48,829,18340
11682,7578,48,830,18340
11683,8736,48,831,18340
11684,7486,48,832,18340
11685,8737,48,833,18340
11686,185,48,834,18340
11687,8738,48,835,18340
11688,8739,48,836,18340
11689,8740,48,837,18340
11690,8741,48,838,18340
11691,8742,48,839,18340
11692,8743,48,840,18340
11693,8217,48,841,18340
11694,8744,48,842,18340
11695,2632,48,843,18340
11696,8745,48,844,18340
11697,8746,48,845,18340
11698,8747,48,846,18340
11699,8748,48,847,18340
11700,8749,48,848,18340
11701,8750,48,849,18340
11702,8751,48,850,18340
11703,561,48,851,18340
11704,8752,48,852,18340
11705,8753,48,853,18340
11706,5409,48,854,18340
11707,3991,48,855,18340
11708,8754,48,856,18340
11709,8755,48,857,18340
11710,8756,48,858,18340
11711,8757,48,859,18340
11712,8758,48,860,18340
11713,8759,48,861,18340
11714,8760,48,862,18340
11715,7383,48,863,18340
11716,8761,48,864,18340
11717,8762,48,865,17025
11718,8763,48,866,17025
11719,5274,48,867,17025
11720,2874,48,868,17025
11721,7701,48,869,17025
11722,6931,48,870,17025
11723,2840,48,871,17025
11724,8764,48,872,17025
11725,6715,48,873,17025
11726,5801,48,874,17025
11727,8765,48,875,17025
11728,8766,48,876,17025
11729,7829,48,877,17025
11730,6985,48,878,17025
11731,8767,48,879,17025
11732,6065,48,880,17025
11733,8768,48,881,17025
11734,8769,48,882,17025
11735,8770,48,883,17025
11736,8771,48,884,17025
11737,8772,48,885,17025
11738,5926,48,886,17025
11739,8773,48,887,17025
11740,2288,48,888,17025
11741,8774,48,889,17025
11742,8775,48,890,17025
11743,8776,48,891,17025
11744,8777,48,892,17025
11745,8778,48,893,17025
11746,8779,48,894,17025
11747,2518,48,895,17025
11748,8192,48,896,17025
11749,8780,48,897,17025
11750,6605,48,898,17025
11751,8781,48,899,17025
11752,8782,48,900,17025
11753,1389,48,901,17025
11754,8783,48,902,17025
11755,7027,48,903,17025
11756,3795,48,904,17025
11757,8784,48,905,17025
11758,8785,48,906,17025
11759,3310,48,907,17025
11760,8786,48,908,17025
11761,7577,48,909,17025
11762,8787,48,910,17025
11763,5678,48,911,17025
11764,8788,48,912,17025
11765,7993,48,913,17025
11766,4402,48,914,17025
11767,476,48,915,17025
11768,8789,48,916,17025
11769,8790,48,917,17025
11770,4455,48,918,17025
11771,8791,48,919,17025
11772,4928,48,920,17025
11773,7620,48,921,17025
11774,8792,48,922,17025
11775,8793,48,923,17025
11776,8794,48,924,17025
11777,8795,48,925,17025
11778,8796,48,926,17025
11779,8797,48,927,17025
11780,8798,48,928,17025
11781,8799,48,929,17025
11782,8800,48,930,17025
11783,3847,48,931,17025
11784,8801,48,932,17025
11785,7448,48,933,17025
11786,8802,48,934,17025
11787,8803,48,935,17025
11788,8804,48,936,17025
11789,8003,48,937,17025
11790,8805,48,938,17025
11791,8806,48,939,17025
11792,8807,48,940,17025
11793,7969,48,941,17025
11794,8808,48,942,17025
11795,8809,48,943,17025
11796,8810,48,944,17025
11797,8811,48,945,17025
11798,8812,48,946,17025
11799,8813,48,947,17025
11800,8814,48,948,17025
11801,8815,48,949,17025
11802,4203,48,950,17025
11803,8816,48,951,17025
11804,8817,48,952,17025
11805,8818,48,953,17025
11806,8819,48,954,17025
11807,5048,48,955,17025
11808,8820,48,956,17025
11809,7320,48,957,17025
11810,8821,48,958,17025
11811,8182,48,959,17025
11812,8822,48,960,17025
11813,8823,48,961,17025
11814,7691,48,962,17025
11815,7801,48,963,17025
11816,8824,48,964,15920
11817,5177,48,965,15920
11818,8825,48,966,15920
11819,8826,48,967,15920
11820,8827,48,968,15920
11821,6339,48,969,15920
11822,8828,48,970,15920
11823,8829,48,971,15920
11824,8830,48,972,15920
11825,5892,48,973,15920
11826,8831,48,974,15920
11827,8832,48,975,15920
11828,8833,48,976,15920
11829,8834,48,977,15920
11830,8835,48,978,15920
11831,8836,48,979,15920
11832,8837,48,980,15920
11833,8838,48,981,15920
11834,4590,48,982,15920
11835,3974,48,983,15920
11836,7806,48,984,15920
11837,8839,48,985,15920
11838,8840,48,986,15920
11839,8841,48,987,15920
11840,8842,48,988,15920
11841,8843,48,989,15920
11842,8844,48,990,15920
11843,8845,48,991,15920
11844,8846,48,992,15920
11845,8847,48,993,15920
11846,8848,48,994,15920
11847,4059,48,995,15920
11848,6853,48,996,15920
11849,8849,48,997,15920
11850,7161,48,998,15920
11851,8850,48,999,15920
11852,8851,48,1000,15920
11853,8852,48,1001,15920
11854,8853,48,1002,15920
11855,8854,48,1003,15920
11856,5369,48,1004,15920
11857,8855,48,1005,15920
11858,8856,48,1006,15920
11859,8857,48,1007,15920
11860,8858,48,1008,15920
11861,8859,48,1010,15920
11862,7699,48,1011,15920
11863,8860,48,1012,15920
11864,8861,48,1013,15920
11865,8862,48,1014,15920
11866,8863,48,1015,15920
11867,7846,48,1016,15920
11868,8864,48,1017,15920
11869,8865,48,1018,15920
11870,8866,48,1019,15920
11871,8867,48,1020,15920
11872,8868,48,1021,15920
11873,2226,48,1022,15920
11874,8869,48,1023,15920
11875,1301,48,1024,15920
11876,4333,48,1025,15920
11877,8870,48,1026,15920
11878,8871,48,1027,15920
11879,8872,48,1028,15920
11880,8873,48,1029,15920
11881,8874,48,1030,15920
11882,8875,48,1031,15920
11883,8876,48,1032,15920
11884,8877,48,1033,15920
11885,3838,48,1034,15920
11886,8878,48,1035,15920
11887,8879,48,1036,15920
11888,8880,48,1037,15920
11889,3109,48,1038,15920
11890,8881,48,1039,15920
11891,7079,48,1040,15920
11892,8882,48,1041,15920
11893,8883,48,1042,15920
11894,8884,48,1043,15920
11895,8885,48,1044,15920
11896,8886,48,1045,15920
11897,8887,48,1046,15920
11898,6725,48,1047,15920
11899,8888,48,1048,15920
11900,7972,48,1049,15920
11901,8889,48,1050,15920
11902,8890,48,1051,15920
11903,4633,48,1052,15920
11904,3245,48,1053,15920
11905,6378,48,1054,15920
11906,7949,48,1055,15920
11907,8891,48,1056,15920
11908,8892,48,1057,15920
11909,8893,48,1058,15920
11910,8894,48,1059,15920
11911,7339,48,1060,15920
11912,4487,48,1061,15920
11913,8895,48,1062,15920
11914,8896,48,1063,15000
11915,2931,48,1064,15000
11916,8897,48,1065,15000
11917,3841,48,1066,15000
11918,8898,48,1067,15000
11919,6263,48,1068,15000
11920,2116,48,1069,15000
11921,8899,48,1070,15000
11922,3138,48,1071,15000
11923,8900,48,1072,15000
11924,8901,48,1073,15000
11925,540,48,1074,15000
11926,4365,48,1075,15000
11927,8902,48,1076,15000
11928,8903,48,1077,15000
11929,8904,48,1078,15000
11930,8905,48,1079,15000
11931,7117,48,1080,15000
11932,8906,48,1081,15000
11933,2189,48,1082,15000
11934,5833,48,1083,15000
11935,8907,48,1084,15000
11936,8908,48,1085,15000
11937,6118,48,1086,15000
11938,8909,48,1087,15000
11939,8910,48,1088,15000
11940,4411,48,1089,15000
11941,8911,48,1090,15000
11942,4827,48,1091,15000
11943,8912,48,1092,15000
11944,8913,48,1093,15000
11945,8914,48,1094,15000
11946,8915,48,1095,15000
11947,8916,48,1096,15000
11948,7374,48,1097,15000
11949,7627,48,1098,15000
11950,8917,48,1099,15000
11951,6617,48,1100,15000
11952,8918,48,1101,15000
11953,1114,48,1102,15000
11954,8919,48,1103,15000
11955,8920,48,1104,15000
11956,3689,48,1105,15000
11957,5224,48,1107,15000
11958,6700,48,1108,15000
11959,7661,48,1109,15000
11960,7274,48,1110,15000
11961,6963,48,1111,15000
11962,6148,48,1112,15000
11963,8921,48,1113,15000
11964,8922,48,1114,15000
11965,8923,48,1115,15000
11966,8924,48,1116,15000
11967,8925,48,1117,15000
11968,3689,48,1118,15000
11969,8926,48,1119,15000
11970,8927,48,1120,15000
11971,8928,48,1121,15000
11972,8929,48,1122,15000
11973,7445,48,1123,15000
11974,8930,48,1124,15000
11975,8931,48,1125,15000
11976,7630,48,1126,15000
11977,8932,48,1127,15000
11978,7603,48,1128,15000
11979,8933,48,1129,15000
11980,2332,48,1130,15000
11981,8934,48,1131,15000
11982,8935,48,1132,15000
11983,6152,48,1133,15000
11984,8936,48,1134,15000
11985,8937,48,1135,15000
11986,4909,48,1136,15000
11987,8938,48,1137,15000
11988,6122,48,1138,15000
11989,8939,48,1139,15000
11990,8940,48,1140,15000
11991,5927,48,1141,15000
11992,8941,48,1142,15000
11993,8942,48,1143,15000
11994,8943,48,1144,15000
11995,5137,48,1145,15000
11996,4871,48,1146,15000
11997,8944,48,1147,15000
11998,8945,48,1148,15000
11999,8946,48,1149,15000
12000,8947,48,1150,15000
12001,8948,48,1151,15000
12002,8949,48,1152,15000
12003,8950,48,1153,15000
12004,8951,48,1154,15000
12005,4090,48,1155,15000
12006,8952,48,1156,15000
12007,8953,48,1157,15000
12008,8954,48,1158,15000
12009,2106,48,1159,15000
12010,8955,48,1160,15000
12011,8956,48,1161,15000
12012,8957,48,1162,15000
12013,4026,48,1163,15000
12014,6092,48,1164,15000
12015,8958,48,1165,15000
12016,4757,48,1166,15000
12017,8959,48,1167,15000
12018,8960,48,1168,15000
12019,845,48,1169,15000
12020,8961,48,1170,15000
12021,8962,48,1171,15000
12022,8963,48,1172,15000
12023,8964,48,1173,15000
12024,8965,48,1174,15000
12025,8966,48,1175,15000
12026,8967,48,1176,15000
12027,8968,48,1177,15000
12028,5549,48,1178,15000
12029,8969,48,1179,15000
12030,7910,48,1180,15000
12031,8970,48,1181,15000
12032,8971,48,1182,15000
12033,8972,49,1,10000000
12034,7547,49,2,6000000
12035,5189,49,3,4000000
12036,4257,49,4,3000000
12037,8973,49,5,2200000
12038,6147,49,6,1850000
12039,8974,49,7,1525000
12040,8975,49,8,1250000
12041,8821,49,9,1000000
12042,6933,49,10,800000
12043,6632,49,11,800000
12044,6853,49,12,600000
12045,8976,49,13,600000
12046,6789,49,14,500000
12047,7555,49,15,500000
12048,6360,49,16,400000
12049,8977,49,17,400000
12050,4755,49,18,400000
12051,8978,49,19,324650
12052,8979,49,20,324650
12053,8980,49,21,324650
12054,8981,49,22,324650
12055,8982,49,23,324650
12056,7349,49,24,324650
12057,8983,49,25,324650
12058,8984,49,26,324650
12059,8985,49,27,324650
12060,6205,49,28,261430
12061,8986,49,29,261430
12062,8987,49,30,261430
12063,8328,49,31,261430
12064,8988,49,32,261430
12065,8989,49,33,261430
12066,8990,49,34,261430
12067,7943,49,35,261430
12068,8991,49,36,261430
12069,8992,49,37,211945
12070,8993,49,38,211945
12071,8994,49,39,211945
12072,6914,49,40,211945
12073,8995,49,41,211945
12074,8996,49,42,211945
12075,6872,49,43,211945
12076,8997,49,44,211945
12077,4062,49,45,211945
12078,8998,49,46,173015
12079,8999,49,47,173015
12080,9000,49,48,173015
12081,9001,49,49,173015
12082,6820,49,50,173015
12083,8298,49,51,173015
12084,9002,49,52,173015
12085,5734,49,53,173015
12086,6918,49,54,173015
12087,1391,49,55,142215
12088,7620,49,56,142215
12089,9003,49,57,142215
12090,9004,49,58,142215
12091,9005,49,59,142215
12092,9006,49,60,142215
12093,9007,49,61,142215
12094,7535,49,62,142215
12095,7969,49,63,142215
12096,5973,49,64,117710
12097,8276,49,65,117710
12098,9008,49,66,117710
12099,5627,49,67,117710
12100,9009,49,68,117710
12101,9010,49,69,117710
12102,9011,49,70,117710
12103,7058,49,71,117710
12104,8474,49,72,117710
12105,9012,49,73,98120
12106,9013,49,74,98120
12107,9014,49,75,98120
12108,9015,49,76,98120
12109,9016,49,77,98120
12110,3116,49,78,98120
12111,9017,49,79,98120
12112,9018,49,80,98120
12113,8481,49,81,98120
12114,3044,49,82,82365
12115,7580,49,83,82365
12116,9019,49,84,82365
12117,9020,49,85,82365
12118,9021,49,86,82365
12119,5964,49,87,82365
12120,9022,49,88,82365
12121,6165,49,89,82365
12122,9023,49,90,82365
12123,9024,49,91,69636
12124,9025,49,92,69636
12125,283,49,93,69636
12126,6682,49,94,69636
12127,5718,49,95,69636
12128,6234,49,96,69636
12129,2189,49,97,69636
12130,9026,49,98,69636
12131,9027,49,99,69636
12132,9028,49,100,59295
12133,9029,49,101,59295
12134,2566,49,102,59295
12135,9030,49,103,59295
12136,7308,49,104,59295
12137,9031,49,105,59295
12138,5716,49,106,59295
12139,6607,49,107,59295
12140,5697,49,108,59295
12141,9032,49,109,59295
12142,9033,49,110,59295
12143,4171,49,111,59295
12144,9034,49,112,59295
12145,9035,49,113,59295
12146,9036,49,114,59295
12147,5705,49,115,59295
12148,9037,49,116,59295
12149,5810,49,117,59295
12150,9038,49,118,59295
12151,9039,49,119,59295
12152,9040,49,120,59295
12153,9041,49,121,59295
12154,9042,49,122,59295
12155,9043,49,123,59295
12156,9044,49,124,59295
12157,1396,49,125,59295
12158,9045,49,126,59295
12159,9046,49,127,59295
12160,3596,49,128,59295
12161,5725,49,129,59295
12162,9047,49,130,59295
12163,9048,49,131,59295
12164,9049,49,132,59295
12165,2563,49,133,59295
12166,9050,49,134,59295
12167,5723,49,135,59295
12168,5722,49,136,59295
12169,3082,49,137,59295
12170,7101,49,138,59295
12171,9051,49,139,59295
12172,479,49,140,59295
12173,9052,49,141,59295
12174,9053,49,142,59295
12175,3693,49,143,59295
12176,8017,49,144,59295
12177,9054,49,145,59295
12178,828,49,146,59295
12179,9055,49,147,59295
12180,9056,49,148,59295
12181,4072,49,149,59295
12182,673,49,150,59295
12183,9057,49,151,59295
12184,9058,49,152,59295
12185,3079,49,153,59295
12186,6995,49,154,59295
12187,9059,49,155,59295
12188,5121,49,156,59295
12189,9060,49,157,59295
12190,9061,49,158,59295
12191,9062,49,159,59295
12192,9063,49,160,59295
12193,8350,49,161,59295
12194,2864,49,162,59295
12195,9064,49,163,50855
12196,9065,49,164,50855
12197,9066,49,165,50855
12198,9067,49,166,50855
12199,2741,49,167,50855
12200,6924,49,168,50855
12201,9068,49,169,50855
12202,4315,49,170,50855
12203,8028,49,171,50855
12204,6272,49,172,50855
12205,9069,49,173,50855
12206,8540,49,174,50855
12207,9070,49,175,50855
12208,7072,49,176,50855
12209,7486,49,177,50855
12210,7698,49,178,50855
12211,4138,49,179,50855
12212,9071,49,180,50855
12213,9072,49,181,50855
12214,5312,49,182,50855
12215,9073,49,183,50855
12216,4781,49,184,50855
12217,9074,49,185,50855
12218,9075,49,186,50855
12219,7449,49,187,50855
12220,9076,49,188,50855
12221,4092,49,189,50855
12222,9077,49,190,50855
12223,180,49,191,50855
12224,9078,49,192,50855
12225,9079,49,193,50855
12226,9080,49,194,50855
12227,7270,49,195,50855
12228,9081,49,196,50855
12229,9082,49,197,50855
12230,9083,49,198,50855
12231,339,49,199,50855
12232,5720,49,200,50855
12233,4575,49,201,50855
12234,9084,49,202,50855
12235,2659,49,203,50855
12236,9085,49,204,50855
12237,6244,49,205,50855
12238,9086,49,206,50855
12239,5280,49,207,50855
12240,369,49,208,50855
12241,3530,49,209,50855
12242,3432,49,210,50855
12243,5856,49,211,50855
12244,9087,49,212,50855
12245,9088,49,213,50855
12246,3736,49,214,50855
12247,7051,49,215,50855
12248,3364,49,216,50855
12249,2050,49,217,50855
12250,9089,49,218,50855
12251,9090,49,219,50855
12252,9091,49,220,50855
12253,9092,49,221,50855
12254,9093,49,222,50855
12255,9094,49,223,50855
12256,9095,49,224,50855
12257,7541,49,225,50855
12258,9096,49,226,43935
12259,9097,49,227,43935
12260,9098,49,228,43935
12261,6463,49,229,43935
12262,7587,49,230,43935
12263,6494,49,231,43935
12264,2444,49,232,43935
12265,9099,49,233,43935
12266,9100,49,234,43935
12267,8158,49,235,43935
12268,4793,49,236,43935
12269,9101,49,237,43935
12270,9102,49,238,43935
12271,9103,49,239,43935
12272,9104,49,240,43935
12273,4246,49,241,43935
12274,2632,49,242,43935
12275,9105,49,243,43935
12276,9106,49,244,43935
12277,7559,49,245,43935
12278,9107,49,246,43935
12279,8517,49,247,43935
12280,9108,49,248,43935
12281,9109,49,249,43935
12282,3153,49,250,43935
12283,6049,49,251,43935
12284,9110,49,252,43935
12285,5492,49,253,43935
12286,7947,49,254,43935
12287,3517,49,255,43935
12288,9111,49,256,43935
12289,4818,49,257,43935
12290,9112,49,258,43935
12291,2674,49,259,43935
12292,8667,49,260,43935
12293,8834,49,261,43935
12294,9113,49,262,43935
12295,8217,49,263,43935
12296,9114,49,264,43935
12297,9115,49,265,43935
12298,8329,49,266,43935
12299,8291,49,267,43935
12300,9116,49,268,43935
12301,6032,49,269,43935
12302,8902,49,270,43935
12303,9117,49,271,43935
12304,3680,49,272,43935
12305,9118,49,273,43935
12306,9119,49,274,43935
12307,9120,49,275,43935
12308,6398,49,276,43935
12309,7598,49,277,43935
12310,5291,49,278,43935
12311,9121,49,279,43935
12312,4366,49,280,43935
12313,9122,49,281,43935
12314,7987,49,282,43935
12315,7190,49,283,43935
12316,9123,49,284,43935
12317,9124,49,285,43935
12318,8232,49,286,43935
12319,7341,49,287,43935
12320,8318,49,288,43935
12321,9125,49,289,38240
12322,9126,49,290,38240
12323,4106,49,291,38240
12324,9127,49,292,38240
12325,9128,49,293,38240
12326,9129,49,294,38240
12327,8062,49,295,38240
12328,9130,49,296,38240
12329,7293,49,297,38240
12330,9131,49,298,38240
12331,6641,49,299,38240
12332,6195,49,300,38240
12333,7750,49,301,38240
12334,9132,49,302,38240
12335,9133,49,303,38240
12336,9134,49,304,38240
12337,9135,49,305,38240
12338,9136,49,306,38240
12339,9137,49,307,38240
12340,9138,49,308,38240
12341,4786,49,309,38240
12342,6864,49,310,38240
12343,3143,49,311,38240
12344,9139,49,312,38240
12345,9140,49,313,38240
12346,6922,49,314,38240
12347,9141,49,315,38240
12348,9142,49,316,38240
12349,6639,49,317,38240
12350,5224,49,318,38240
12351,9143,49,319,38240
12352,9144,49,320,38240
12353,8786,49,321,38240
12354,9145,49,322,38240
12355,5852,49,323,38240
12356,9146,49,324,38240
12357,4286,49,325,38240
12358,9147,49,326,38240
12359,9148,49,327,38240
12360,9149,49,328,38240
12361,9150,49,329,38240
12362,9151,49,330,38240
12363,8231,49,331,38240
12364,9152,49,332,38240
12365,7924,49,333,38240
12366,9153,49,334,38240
12367,9154,49,335,38240
12368,9155,49,336,38240
12369,8744,49,337,38240
12370,7298,49,338,38240
12371,5186,49,339,38240
12372,9156,49,340,38240
12373,9157,49,341,38240
12374,8099,49,342,38240
12375,9158,49,343,38240
12376,9159,49,344,38240
12377,8130,49,345,38240
12378,3706,49,346,38240
12379,4443,49,347,38240
12380,9160,49,348,38240
12381,5825,49,349,38240
12382,9161,49,350,38240
12383,9162,49,351,38240
12384,6788,49,352,34845
12385,9163,49,353,34845
12386,6145,49,354,34845
12387,3795,49,355,34845
12388,6296,49,356,34845
12389,9164,49,357,34845
12390,9165,49,358,34845
12391,9166,49,359,34845
12392,9167,49,360,34845
12393,9168,49,361,34845
12394,9169,49,362,34845
12395,9170,49,363,34845
12396,4487,49,364,34845
12397,9171,49,365,34845
12398,9172,49,366,34845
12399,9173,49,367,34845
12400,9174,49,368,34845
12401,5143,49,369,34845
12402,9175,49,370,34845
12403,4152,49,371,34845
12404,8732,49,372,34845
12405,7363,49,373,34845
12406,9176,49,374,34845
12407,9177,49,375,34845
12408,4287,49,376,34845
12409,2653,49,377,34845
12410,6770,49,378,34845
12411,9178,49,379,34845
12412,6383,49,380,34845
12413,9179,49,381,34845
12414,3572,49,382,34845
12415,9180,49,383,34845
12416,9181,49,384,34845
12417,9182,49,385,34845
12418,9183,49,386,34845
12419,9184,49,387,34845
12420,643,49,388,34845
12421,9185,49,389,34845
12422,6619,49,390,34845
12423,9186,49,391,34845
12424,8714,49,392,34845
12425,9187,49,393,34845
12426,9188,49,394,34845
12427,6941,49,395,34845
12428,9189,49,396,34845
12429,9190,49,397,34845
12430,7329,49,398,34845
12431,4236,49,399,34845
12432,7872,49,400,34845
12433,3519,49,401,34845
12434,5542,49,402,34845
12435,9191,49,403,34845
12436,9192,49,404,34845
12437,3713,49,405,34845
12438,5678,49,406,34845
12439,9193,49,407,34845
12440,9194,49,408,34845
12441,9195,49,409,34845
12442,9196,49,410,34845
12443,9197,49,411,34845
12444,9198,49,412,34845
12445,9199,49,413,34845
12446,9200,49,414,34845
12447,2835,49,415,30780
12448,9201,49,416,30780
12449,9202,49,417,30780
12450,9203,49,418,30780
12451,6200,49,419,30780
12452,9204,49,420,30780
12453,9205,49,421,30780
12454,4410,49,422,30780
12455,7855,49,423,30780
12456,8753,49,424,30780
12457,2775,49,425,30780
12458,9206,49,426,30780
12459,9207,49,427,30780
12460,9208,49,428,30780
12461,9209,49,429,30780
12462,9210,49,430,30780
12463,9211,49,431,30780
12464,9212,49,432,30780
12465,9213,49,433,30780
12466,9214,49,434,30780
12467,9215,49,435,30780
12468,9216,49,436,30780
12469,9217,49,437,30780
12470,8920,49,438,30780
12471,9218,49,439,30780
12472,8453,49,440,30780
12473,9219,49,441,30780
12474,9220,49,442,30780
12475,4922,49,443,30780
12476,7574,49,444,30780
12477,5439,49,445,30780
12478,9221,49,446,30780
12479,8321,49,447,30780
12480,9222,49,448,30780
12481,9223,49,449,30780
12482,9224,49,450,30780
12483,6867,49,451,30780
12484,9225,49,452,30780
12485,9226,49,453,30780
12486,9227,49,454,30780
12487,6844,49,455,30780
12488,9228,49,456,30780
12489,5924,49,457,30780
12490,9229,49,458,30780
12491,9230,49,459,30780
12492,5301,49,460,30780
12493,4303,49,461,30780
12494,4732,49,462,30780
12495,4133,49,463,30780
12496,9231,49,464,30780
12497,7804,49,465,30780
12498,320,49,466,30780
12499,5275,49,467,30780
12500,9232,49,468,30780
12501,9233,49,469,30780
12502,9234,49,470,30780
12503,8640,49,471,30780
12504,9235,49,472,30780
12505,9236,49,473,30780
12506,7239,49,474,30780
12507,9237,49,475,30780
12508,8274,49,476,30780
12509,9238,49,477,30780
12510,9239,49,478,27390
12511,9240,49,479,27390
12512,9241,49,480,27390
12513,9242,49,481,27390
12514,9243,49,482,27390
12515,8204,49,483,27390
12516,9244,49,484,27390
12517,440,49,485,27390
12518,7653,49,486,27390
12519,9245,49,487,27390
12520,9246,49,488,27390
12521,9247,49,489,27390
12522,9248,49,490,27390
12523,8412,49,491,27390
12524,9249,49,492,27390
12525,7274,49,493,27390
12526,8524,49,494,27390
12527,9250,49,495,27390
12528,9251,49,496,27390
12529,9252,49,497,27390
12530,9253,49,498,27390
12531,9254,49,499,27390
12532,9255,49,500,27390
12533,4757,49,501,27390
12534,9256,49,502,27390
12535,9257,49,503,27390
12536,9258,49,504,27390
12537,9259,49,505,27390
12538,9260,49,506,27390
12539,9261,49,507,27390
12540,9262,49,508,27390
12541,9263,49,509,27390
12542,9264,49,510,27390
12543,9265,49,511,27390
12544,9266,49,512,27390
12545,9267,49,513,27390
12546,9268,49,514,27390
12547,6664,49,515,27390
12548,9269,49,516,27390
12549,9270,49,517,27390
12550,9271,49,518,27390
12551,9272,49,519,27390
12552,8924,49,520,27390
12553,9273,49,521,27390
12554,9274,49,522,27390
12555,3417,49,523,27390
12556,9275,49,524,27390
12557,1154,49,525,27390
12558,6993,49,526,27390
12559,9276,49,527,27390
12560,9277,49,528,27390
12561,7117,49,529,27390
12562,9278,49,530,27390
12563,5214,49,531,27390
12564,2366,49,532,27390
12565,3259,49,533,27390
12566,9279,49,534,27390
12567,4129,49,535,27390
12568,8951,49,536,27390
12569,4189,49,537,27390
12570,9280,49,538,27390
12571,6215,49,539,27390
12572,9281,49,540,27390
12573,7257,49,541,24560
12574,5630,49,542,24560
12575,5025,49,543,24560
12576,9282,49,544,24560
12577,4365,49,545,24560
12578,9283,49,546,24560
12579,9284,49,547,24560
12580,7232,49,548,24560
12581,9285,49,549,24560
12582,9286,49,550,24560
12583,8249,49,551,24560
12584,9287,49,552,24560
12585,9288,49,553,24560
12586,9289,49,554,24560
12587,9290,49,555,24560
12588,9291,49,556,24560
12589,9292,49,557,24560
12590,9293,49,558,24560
12591,9294,49,559,24560
12592,81,49,560,24560
12593,5349,49,561,24560
12594,2508,49,562,24560
12595,2595,49,563,24560
12596,7216,49,564,24560
12597,5174,49,565,24560
12598,6447,49,566,24560
12599,9295,49,567,24560
12600,8119,49,568,24560
12601,9296,49,569,24560
12602,9297,49,570,24560
12603,4426,49,571,24560
12604,9298,49,572,24560
12605,9299,49,573,24560
12606,6170,49,574,24560
12607,9300,49,575,24560
12608,3372,49,576,24560
12609,1328,49,577,24560
12610,9301,49,578,24560
12611,9302,49,579,24560
12612,9303,49,580,24560
12613,4593,49,581,24560
12614,9304,49,582,24560
12615,9305,49,583,24560
12616,9306,49,584,24560
12617,746,49,585,24560
12618,355,49,586,24560
12619,9307,49,587,24560
12620,9308,49,588,24560
12621,9309,49,589,24560
12622,9310,49,590,24560
12623,7592,49,591,24560
12624,6923,49,592,24560
12625,9311,49,593,24560
12626,9312,49,594,24560
12627,6167,49,595,24560
12628,9313,49,596,24560
12629,9314,49,597,24560
12630,9315,49,598,24560
12631,3223,49,599,24560
12632,9316,49,600,24560
12633,9317,49,601,24560
12634,9318,49,602,24560
12635,7771,49,603,24560
12636,6881,49,604,22190
12637,9319,49,605,22190
12638,9320,49,606,22190
12639,8638,49,607,22190
12640,8251,49,608,22190
12641,6806,49,609,22190
12642,9321,49,610,22190
12643,8112,49,611,22190
12644,9322,49,612,22190
12645,9323,49,613,22190
12646,9324,49,614,22190
12647,6609,49,615,22190
12648,9325,49,616,22190
12649,9326,49,617,22190
12650,9327,49,618,22190
12651,7885,49,619,22190
12652,6557,49,620,22190
12653,9328,49,621,22190
12654,2284,49,622,22190
12655,9329,49,623,22190
12656,9330,49,624,22190
12657,9331,49,625,22190
12658,9332,49,626,22190
12659,4696,49,627,22190
12660,9333,49,628,22190
12661,9334,49,629,22190
12662,9335,49,630,22190
12663,9336,49,631,22190
12664,9337,49,632,22190
12665,9338,49,633,22190
12666,9339,49,634,22190
12667,9340,49,635,22190
12668,9341,49,636,22190
12669,9342,49,637,22190
12670,9343,49,638,22190
12671,9344,49,639,22190
12672,9345,49,640,22190
12673,9346,49,641,22190
12674,9347,49,642,22190
12675,9348,49,643,22190
12676,7306,49,644,22190
12677,9349,49,645,22190
12678,5289,49,646,22190
12679,9350,49,647,22190
12680,6845,49,648,22190
12681,4409,49,649,22190
12682,6361,49,650,22190
12683,9351,49,651,22190
12684,277,49,652,22190
12685,9352,49,653,22190
12686,8462,49,654,22190
12687,9353,49,655,22190
12688,9354,49,656,22190
12689,9355,49,657,22190
12690,9356,49,658,22190
12691,9357,49,659,22190
12692,8659,49,660,22190
12693,9358,49,661,22190
12694,9359,49,662,22190
12695,4715,49,663,22190
12696,7356,49,664,22190
12697,9360,49,665,22190
12698,8301,49,666,22190
12699,9361,49,667,20200
12700,8499,49,668,20200
12701,9362,49,669,20200
12702,9363,49,670,20200
12703,8043,49,671,20200
12704,9364,49,672,20200
12705,2047,49,673,20200
12706,9365,49,674,20200
12707,3554,49,675,20200
12708,9366,49,676,20200
12709,9367,49,677,20200
12710,9368,49,678,20200
12711,9369,49,679,20200
12712,9370,49,680,20200
12713,395,49,681,20200
12714,7016,49,682,20200
12715,9371,49,683,20200
12716,3574,49,684,20200
12717,9372,49,685,20200
12718,9373,49,686,20200
12719,398,49,687,20200
12720,8293,49,688,20200
12721,568,49,689,20200
12722,9374,49,690,20200
12723,9375,49,691,20200
12724,4842,49,692,20200
12725,9376,49,693,20200
12726,9377,49,694,20200
12727,3689,49,695,20200
12728,9378,49,696,20200
12729,9379,49,697,20200
12730,9380,49,698,20200
12731,9381,49,699,20200
12732,7699,49,700,20200
12733,4302,49,701,20200
12734,9382,49,702,20200
12735,9383,49,703,20200
12736,5194,49,704,20200
12737,4273,49,705,20200
12738,9384,49,706,20200
12739,9385,49,707,20200
12740,7132,49,708,20200
12741,9386,49,709,20200
12742,7311,49,710,20200
12743,6221,49,711,20200
12744,9387,49,712,20200
12745,2634,49,713,20200
12746,5672,49,714,20200
12747,5281,49,715,20200
12748,9388,49,716,20200
12749,2516,49,717,20200
12750,3170,49,718,20200
12751,9389,49,719,20200
12752,3162,49,720,20200
12753,9390,49,721,20200
12754,9391,49,722,20200
12755,9392,49,723,20200
12756,9393,49,724,20200
12757,9394,49,725,20200
12758,9395,49,726,20200
12759,9396,49,727,20200
12760,9397,49,728,20200
12761,9398,49,729,20200
12762,7963,49,730,20200
12763,8446,49,731,20200
12764,5196,49,732,20200
12765,9399,49,733,20200
12766,9400,49,734,20200
12767,9401,49,735,20200
12768,9402,49,736,20200
12769,9403,49,737,20200
12770,9404,49,738,20200
12771,9405,49,739,20200
12772,7022,49,740,20200
12773,9406,49,741,20200
12774,9407,49,742,20200
12775,9408,49,743,20200
12776,9409,49,744,20200
12777,9410,49,745,20200
12778,9411,49,746,20200
12779,9412,49,747,20200
12780,2053,49,748,20200
12781,7462,49,749,20200
12782,9413,49,750,20200
12783,9414,49,751,20200
12784,9415,49,752,20200
12785,9416,49,753,20200
12786,9417,49,754,20200
12787,6948,49,755,20200
12788,9418,49,756,20200
12789,9419,49,757,20200
12790,9420,49,758,20200
12791,2323,49,759,20200
12792,9421,49,760,20200
12793,9422,49,761,20200
12794,9423,49,762,20200
12795,9424,49,763,20200
12796,9425,49,764,20200
12797,7070,49,765,20200
12798,9426,49,766,18535
12799,9427,49,767,18535
12800,9428,49,768,18535
12801,6951,49,769,18535
12802,5628,49,770,18535
12803,3933,49,771,18535
12804,4254,49,772,18535
12805,7517,49,773,18535
12806,9429,49,774,18535
12807,9430,49,775,18535
12808,9431,49,776,18535
12809,9432,49,777,18535
12810,6911,49,778,18535
12811,597,49,779,18535
12812,9433,49,780,18535
12813,9434,49,781,18535
12814,9435,49,782,18535
12815,9436,49,783,18535
12816,9437,49,784,18535
12817,9438,49,785,18535
12818,9439,49,786,18535
12819,9440,49,787,18535
12820,8349,49,788,18535
12821,8344,49,789,18535
12822,9441,49,790,18535
12823,9442,49,791,18535
12824,9443,49,792,18535
12825,9444,49,793,18535
12826,9445,49,794,18535
12827,9446,49,795,18535
12828,9447,49,796,18535
12829,9448,49,797,18535
12830,5200,49,798,18535
12831,7668,49,799,18535
12832,9449,49,800,18535
12833,9450,49,801,18535
12834,9451,49,802,18535
12835,6725,49,803,18535
12836,9452,49,804,18535
12837,5696,49,805,18535
12838,9453,49,806,18535
12839,9454,49,807,18535
12840,9455,49,808,18535
12841,3244,49,809,18535
12842,9456,49,810,18535
12843,7649,49,811,18535
12844,6307,49,812,18535
12845,9457,49,813,18535
12846,9458,49,814,18535
12847,753,49,815,18535
12848,5668,49,816,18535
12849,9459,49,817,18535
12850,8539,49,818,18535
12851,8959,49,819,18535
12852,9460,49,820,18535
12853,8843,49,821,18535
12854,9461,49,822,18535
12855,6003,49,823,18535
12856,6489,49,824,18535
12857,9462,49,825,18535
12858,9463,49,826,18535
12859,9464,49,827,18535
12860,5386,49,828,18535
12861,9465,49,829,18535
12862,9466,49,830,18535
12863,9467,49,831,18535
12864,9468,49,832,18535
12865,4722,49,833,18535
12866,9469,49,834,18535
12867,9470,49,835,18535
12868,2155,49,836,18535
12869,1681,49,837,18535
12870,9471,49,838,18535
12871,9472,49,839,18535
12872,9473,49,840,18535
12873,9474,49,841,18535
12874,2497,49,842,18535
12875,5074,49,843,18535
12876,2326,49,844,18535
12877,9475,49,845,18535
12878,8844,49,846,18535
12879,9476,49,847,18535
12880,882,49,848,18535
12881,9477,49,849,18535
12882,9478,49,850,18535
12883,9479,49,851,18535
12884,9480,49,852,18535
12885,9481,49,853,18535
12886,9482,49,854,18535
12887,9483,49,855,18535
12888,8573,49,856,18535
12889,9484,49,857,18535
12890,9485,49,858,18535
12891,9486,49,859,18535
12892,6614,49,860,18535
12893,9487,49,861,18535
12894,9488,49,862,18535
12895,9489,49,863,18535
12896,9490,49,864,18535
12897,7478,49,865,17135
12898,8949,49,866,17135
12899,9491,49,867,17135
12900,9492,49,868,17135
12901,8146,49,869,17135
12902,9493,49,870,17135
12903,9494,49,871,17135
12904,9495,49,872,17135
12905,3540,49,873,17135
12906,8652,49,874,17135
12907,6804,49,875,17135
12908,9496,49,876,17135
12909,9497,49,877,17135
12910,9498,49,878,17135
12911,9499,49,879,17135
12912,8132,49,880,17135
12913,9500,49,881,17135
12914,9501,49,882,17135
12915,6905,49,883,17135
12916,720,49,884,17135
12917,2183,49,885,17135
12918,9502,49,886,17135
12919,9503,49,887,17135
12920,8141,49,888,17135
12921,8822,49,889,17135
12922,9504,49,890,17135
12923,9505,49,891,17135
12924,7650,49,892,17135
12925,5030,49,893,17135
12926,9506,49,894,17135
12927,6910,49,895,17135
12928,7522,49,896,17135
12929,9507,49,897,17135
12930,9508,49,898,17135
12931,6956,49,899,17135
12932,9509,49,900,17135
12933,9510,49,901,17135
12934,1726,49,902,17135
12935,7575,49,903,17135
12936,9511,49,904,17135
12937,9512,49,905,17135
12938,5045,49,906,17135
12939,9513,49,907,17135
12940,9514,49,908,17135
12941,9515,49,909,17135
12942,8562,49,910,17135
12943,9516,49,911,17135
12944,9517,49,912,17135
12945,9518,49,913,17135
12946,8755,49,914,17135
12947,9519,49,915,17135
12948,9520,49,916,17135
12949,9521,49,917,17135
12950,9522,49,918,17135
12951,9523,49,919,17135
12952,9524,49,920,17135
12953,8789,49,921,17135
12954,9525,49,922,17135
12955,8079,49,923,17135
12956,9526,49,924,17135
12957,9527,49,925,17135
12958,9528,49,926,17135
12959,9529,49,927,17135
12960,9530,49,928,17135
12961,9531,49,929,17135
12962,2463,49,930,17135
12963,9532,49,931,17135
12964,9533,49,932,17135
12965,9534,49,933,17135
12966,9535,49,934,17135
12967,8428,49,935,17135
12968,9536,49,936,17135
12969,224,49,937,17135
12970,7970,49,938,17135
12971,8460,49,939,17135
12972,9537,49,940,17135
12973,9538,49,941,17135
12974,9539,49,942,17135
12975,9540,49,943,17135
12976,9541,49,944,17135
12977,9542,49,945,17135
12978,9543,49,946,17135
12979,9544,49,947,17135
12980,9545,49,948,17135
12981,7086,49,949,17135
12982,721,49,950,17135
12983,9546,49,951,17135
12984,9547,49,952,17135
12985,4878,49,953,17135
12986,9548,49,954,17135
12987,5737,49,955,17135
12988,9549,49,956,17135
12989,6457,49,957,17135
12990,7049,49,958,17135
12991,5508,49,959,17135
12992,9550,49,960,17135
12993,9551,49,961,17135
12994,9552,49,962,17135
12995,9553,49,963,17135
12996,5889,49,964,15970
12997,9554,49,965,15970
12998,5774,49,966,15970
12999,628,49,967,15970
13000,2772,49,968,15970
13001,9555,49,969,15970
13002,4931,49,970,15970
13003,6159,49,971,15970
13004,9556,49,972,15970
13005,9557,49,973,15970
13006,9558,49,974,15970
13007,9559,49,975,15970
13008,9560,49,976,15970
13009,9561,49,977,15970
13010,9562,49,978,15970
13011,9563,49,979,15970
13012,3338,49,980,15970
13013,9564,49,981,15970
13014,9565,49,982,15970
13015,9566,49,983,15970
13016,8247,49,984,15970
13017,9567,49,985,15970
13018,4763,49,986,15970
13019,9568,49,987,15970
13020,7770,49,988,15970
13021,9569,49,989,15970
13022,9570,49,990,15970
13023,9571,49,991,15970
13024,9572,49,992,15970
13025,9573,49,993,15970
13026,9574,49,994,15970
13027,9575,49,995,15970
13028,9576,49,996,15970
13029,9577,49,997,15970
13030,8385,49,998,15970
13031,5315,49,999,15970
13032,9578,49,1000,15970
13033,9579,49,1001,15970
13034,8493,49,1002,15970
13035,6437,49,1003,15970
13036,8771,49,1004,15970
13037,9580,49,1005,15970
13038,9581,49,1006,15970
13039,9582,49,1007,15970
13040,4868,49,1008,15970
13041,8174,49,1009,15970
13042,9583,49,1010,15970
13043,6465,49,1011,15970
13044,9584,49,1012,15970
13045,5171,49,1013,15970
13046,9585,49,1014,15970
13047,9586,49,1015,15970
13048,8734,49,1016,15970
13049,3835,49,1017,15970
13050,3439,49,1018,15970
13051,9587,49,1019,15970
13052,9588,49,1020,15970
13053,9589,49,1021,15970
13054,9590,49,1022,15970
13055,9591,49,1023,15970
13056,9592,49,1024,15970
13057,9593,49,1025,15970
13058,9594,49,1026,15970
13059,6724,49,1027,15970
13060,3578,49,1028,15970
13061,6349,49,1029,15970
13062,9595,49,1030,15970
13063,9596,49,1031,15970
13064,9597,49,1032,15970
13065,9598,49,1033,15970
13066,8629,49,1034,15970
13067,7385,49,1035,15970
13068,9599,49,1036,15970
13069,9600,49,1037,15970
13070,5568,49,1038,15970
13071,9601,49,1039,15970
13072,687,49,1040,15970
13073,9602,49,1041,15970
13074,9603,49,1042,15970
13075,9604,49,1043,15970
13076,9605,49,1044,15970
13077,9606,49,1045,15970
13078,9607,49,1046,15970
13079,3041,49,1047,15970
13080,4803,49,1048,15970
13081,9608,49,1049,15970
13082,4442,49,1050,15970
13083,4661,49,1051,15970
13084,9609,49,1052,15970
13085,9610,49,1053,15970
13086,9611,49,1054,15970
13087,8577,49,1055,15970
13088,9612,49,1056,15970
13089,9613,49,1057,15970
13090,9614,49,1058,15970
13091,9615,49,1059,15970
13092,9616,49,1060,15970
13093,9617,49,1061,15970
13094,9618,49,1062,15970
13095,4893,49,1063,15000
13096,9619,49,1064,15000
13097,9620,49,1065,15000
13098,9621,49,1066,15000
13099,5917,49,1067,15000
13100,9622,49,1068,15000
13101,7024,49,1069,15000
13102,9623,49,1070,15000
13103,9624,49,1071,15000
13104,9625,49,1072,15000
13105,9626,49,1073,15000
13106,6214,49,1074,15000
13107,8662,49,1075,15000
13108,7570,49,1076,15000
13109,9627,49,1077,15000
13110,9628,49,1078,15000
13111,8532,49,1079,15000
13112,9629,49,1080,15000
13113,6103,49,1081,15000
13114,9630,49,1082,15000
13115,9631,49,1083,15000
13116,9632,49,1084,15000
13117,7085,49,1085,15000
13118,9633,49,1086,15000
13119,3943,49,1087,15000
13120,4911,49,1088,15000
13121,7626,49,1089,15000
13122,9634,49,1090,15000
13123,7670,49,1091,15000
13124,9635,49,1092,15000
13125,9636,49,1093,15000
13126,7708,49,1094,15000
13127,9637,49,1095,15000
13128,9638,49,1096,15000
13129,6287,49,1097,15000
13130,7944,49,1098,15000
13131,5892,49,1099,15000
13132,8101,49,1100,15000
13133,9639,49,1101,15000
13134,6777,49,1102,15000
13135,4166,49,1103,15000
13136,3189,49,1104,15000
13137,7544,49,1105,15000
13138,8041,49,1106,15000
13139,8092,49,1107,15000
13140,9640,49,1108,15000
13141,9641,49,1109,15000
13142,9642,49,1110,15000
13143,3185,49,1111,15000
13144,8253,49,1112,15000
13145,9643,49,1113,15000
13146,9644,49,1114,15000
13147,9645,49,1115,15000
13148,9646,49,1116,15000
13149,9647,49,1117,15000
13150,9648,49,1118,15000
13151,9649,49,1119,15000
13152,6265,49,1120,15000
13153,9650,49,1121,15000
13154,9651,49,1122,15000
13155,2776,49,1123,15000
13156,6965,49,1124,15000
13157,6945,49,1125,15000
13158,3221,49,1126,15000
13159,9652,49,1127,15000
13160,9653,49,1128,15000
13161,5418,49,1129,15000
13162,9654,49,1130,15000
13163,9655,49,1131,15000
13164,9656,49,1132,15000
13165,9657,49,1133,15000
13166,5747,49,1134,15000
13167,2968,49,1135,15000
13168,9658,49,1136,15000
13169,5368,49,1137,15000
13170,9659,49,1138,15000
13171,4776,49,1139,15000
13172,9660,49,1140,15000
13173,9661,49,1141,15000
13174,9662,49,1142,15000
13175,9663,49,1143,15000
13176,7602,49,1144,15000
13177,9664,49,1145,15000
13178,6850,49,1146,15000
13179,9665,49,1147,15000
13180,7020,49,1148,15000
13181,9666,49,1149,15000
13182,9667,49,1150,15000
13183,9668,49,1151,15000
13184,9669,49,1152,15000
13185,4411,49,1153,15000
13186,7502,49,1154,15000
13187,9670,49,1155,15000
13188,5772,49,1156,15000
13189,9671,49,1157,15000
13190,9672,49,1158,15000
13191,9673,49,1159,15000
13192,476,49,1160,15000
13193,9674,49,1161,15000
13194,9675,49,1162,15000
13195,9676,49,1163,15000
13196,9677,49,1164,15000
13197,9678,49,1165,15000
13198,9679,49,1166,15000
13199,5512,49,1167,15000
13200,9680,49,1168,15000
13201,9681,49,1169,15000
13202,9682,49,1170,15000
13203,9683,49,1171,15000
13204,9684,49,1172,15000
13205,9685,49,1173,15000
13206,4955,49,1174,15000
13207,8025,49,1175,15000
13208,9686,49,1176,15000
13209,9687,49,1177,15000
13210,8490,49,1178,15000
13211,9688,49,1179,15000
13212,9689,49,1180,15000
13213,8131,49,1181,15000
13214,9690,49,1182,15000
13215,9691,49,1183,15000
13216,7034,49,1184,15000
13217,7914,49,1185,15000
13218,9692,49,1186,15000
13219,8167,49,1187,15000
13220,9693,49,1188,15000
13221,9694,49,1189,15000
13222,9695,49,1190,15000
13223,4408,49,1191,15000
13224,6202,49,1192,15000
13225,9696,49,1193,15000
13226,9697,49,1194,15000
13227,9698,49,1195,15000
13228,9699,49,1196,15000
13229,8037,49,1197,15000
13230,4775,49,1198,15000
13231,9700,49,1199,15000
13232,9701,49,1200,15000
13233,9702,49,1201,15000
13234,8052,49,1202,15000
13235,9703,49,1203,15000
13236,9704,49,1204,15000
13237,9705,49,1205,15000
13238,9706,49,1206,15000
13239,9707,49,1207,15000
13240,5120,49,1208,15000
13241,9708,49,1209,15000
13242,3182,49,1210,15000
13243,7468,49,1211,15000
13244,9709,49,1212,15000
13245,5806,49,1213,15000
13246,9710,49,1214,15000
13247,9711,49,1215,15000
13248,9712,49,1216,15000
13249,2065,49,1217,15000
13250,9713,49,1218,15000
13251,6963,49,1219,15000
13252,9714,49,1220,15000
13253,4567,49,1221,15000
13254,9715,49,1222,15000
13255,2982,49,1223,15000
13256,9716,49,1224,15000
13257,9717,49,1225,15000
13258,9718,49,1226,15000
13259,9719,49,1227,15000
13260,9720,49,1228,15000
13261,9721,49,1229,15000
13262,9722,49,1230,15000
13263,9723,49,1231,15000
13264,9724,49,1232,15000
13265,9725,49,1233,15000
13266,9726,49,1234,15000
13267,9727,49,1235,15000
13268,7618,49,1236,15000
13269,8935,49,1237,15000
13270,7297,49,1238,15000
13271,9728,49,1239,15000
13272,9729,49,1240,15000
13273,7339,49,1241,15000
13274,9730,49,1242,15000
13275,9731,49,1243,15000
13276,7266,49,1244,15000
13277,9732,49,1245,15000
13278,9733,49,1246,15000
13279,9734,49,1247,15000
13280,6913,49,1248,15000
13281,8888,49,1249,15000
13282,9735,49,1250,15000
13283,9736,49,1251,15000
13284,8438,49,1252,15000
13285,9737,49,1253,15000
13286,1768,49,1254,15000
13287,9738,49,1255,15000
13288,9739,49,1256,15000
13289,5860,49,1257,15000
13290,9740,49,1258,15000
13291,9741,49,1259,15000
13292,9742,49,1260,15000
13293,5767,49,1261,15000
13294,9743,49,1262,15000
13295,9744,49,1263,15000
13296,9745,49,1264,15000
13297,9746,49,1265,15000
13298,5927,49,1266,15000
13299,5428,49,1267,15000
13300,9747,49,1268,15000
13301,9748,49,1269,15000
13302,8352,49,1270,15000
13303,1160,49,1271,15000
13304,9749,49,1272,15000
13305,9750,49,1273,15000
13306,5629,49,1274,15000
13307,9751,49,1275,15000
13308,4717,49,1276,15000
13309,3852,49,1277,15000
13310,7187,49,1278,15000
13311,9752,49,1279,15000
13312,9753,49,1280,15000
13313,9754,49,1281,15000
13314,9755,49,1282,15000
13315,9756,49,1283,15000
13316,9757,49,1284,15000
13317,8333,49,1285,15000
13318,4802,49,1286,15000
13319,6380,50,1,8000000
13320,9088,50,2,4300000
13321,9758,50,3,3000000
13322,9759,50,4,2300000
13323,9760,50,5,1800000
13324,4835,50,6,1400000
13325,9761,50,7,1225000
13326,6334,50,8,1100000
13327,9762,50,9,1000000
13328,7809,50,10,585000
13329,9763,50,11,585000
13330,9764,50,12,470000
13331,9765,50,13,470000
13332,9766,50,14,380050
13333,9767,50,15,380050
13334,4781,50,16,305000
13335,9768,50,17,305000
13336,8326,50,18,305000
13337,9769,50,19,241800
13338,9770,50,20,241800
13339,8640,50,21,241800
13340,9771,50,22,241800
13341,9772,50,23,241800
13342,6179,50,24,241800
13343,9773,50,25,241800
13344,9774,50,26,241800
13345,9775,50,27,241800
13346,9776,50,28,198550
13347,9777,50,29,198550
13348,9778,50,30,198550
13349,6725,50,31,198550
13350,9779,50,32,198550
13351,9780,50,33,198550
13352,3776,50,34,198550
13353,9781,50,35,198550
13354,7544,50,36,198550
13355,6383,50,37,163900
13356,5224,50,38,163900
13357,7069,50,39,163900
13358,9782,50,40,163900
13359,9783,50,41,163900
13360,8467,50,42,163900
13361,9147,50,43,163900
13362,5329,50,44,163900
13363,6527,50,45,163900
13364,9784,50,46,136100
13365,9785,50,47,136100
13366,9786,50,48,136100
13367,8009,50,49,136100
13368,9787,50,50,136100
13369,9788,50,51,136100
13370,9789,50,52,136100
13371,9790,50,53,136100
13372,9791,50,54,136100
13373,9792,50,55,113800
13374,9793,50,56,113800
13375,9536,50,57,113800
13376,7965,50,58,113800
13377,9794,50,59,113800
13378,9795,50,60,113800
13379,721,50,61,113800
13380,9796,50,62,113800
13381,9797,50,63,113800
13382,9798,50,64,95700
13383,9177,50,65,95700
13384,9799,50,66,95700
13385,6170,50,67,95700
13386,9800,50,68,95700
13387,9801,50,69,95700
13388,9802,50,70,95700
13389,9803,50,71,95700
13390,9804,50,72,95700
13391,3391,50,73,81000
13392,8998,50,74,81000
13393,9805,50,75,81000
13394,9806,50,76,81000
13395,9807,50,77,81000
13396,8877,50,78,81000
13397,9808,50,79,81000
13398,9809,50,80,81000
13399,6205,50,81,81000
13400,9810,50,82,68900
13401,8487,50,83,68900
13402,2463,50,84,68900
13403,9811,50,85,68900
13404,9812,50,86,68900
13405,9813,50,87,68900
13406,5908,50,88,68900
13407,5513,50,89,68900
13408,8641,50,90,68900
13409,9814,50,91,59000
13410,9815,50,92,59000
13411,4730,50,93,59000
13412,6360,50,94,59000
13413,7985,50,95,59000
13414,9816,50,97,59000
13415,9817,50,98,59000
13416,9058,50,99,59000
13417,9818,50,100,50900
13418,9819,50,101,50900
13419,9153,50,102,50900
13420,9820,50,103,50900
13421,7361,50,104,50900
13422,9821,50,105,50900
13423,9822,50,106,50900
13424,8739,50,107,50900
13425,9823,50,108,50900
13426,9824,50,109,50900
13427,9825,50,110,50900
13428,2087,50,111,50900
13429,6180,50,112,50900
13430,9826,50,113,50900
13431,9827,50,114,50900
13432,9828,50,115,50900
13433,6032,50,116,50900
13434,5810,50,117,50900
13435,9829,50,118,50900
13436,4358,50,119,50900
13437,9830,50,120,50900
13438,9831,50,121,50900
13439,9832,50,122,50900
13440,882,50,123,50900
13441,9307,50,124,50900
13442,7995,50,125,50900
13443,6667,50,126,50900
13444,6247,50,127,50900
13445,1522,50,128,50900
13446,6106,50,129,50900
13447,6141,50,130,50900
13448,7560,50,131,50900
13449,8940,50,132,50900
13450,9833,50,133,50900
13451,9834,50,134,50900
13452,9835,50,135,50900
13453,5492,50,136,50900
13454,9836,50,137,50900
13455,6235,50,138,50900
13456,7604,50,139,50900
13457,9837,50,140,50900
13458,7082,50,141,50900
13459,9838,50,143,50900
13460,8146,50,144,50900
13461,3223,50,145,50900
13462,9839,50,146,50900
13463,9840,50,147,50900
13464,9841,50,148,50900
13465,5199,50,149,50900
13466,7402,50,150,50900
13467,6372,50,151,50900
13468,9842,50,152,50900
13469,9843,50,153,50900
13470,9844,50,154,50900
13471,9845,50,155,50900
13472,7834,50,156,50900
13473,9846,50,157,50900
13474,7093,50,158,50900
13475,9847,50,159,50900
13476,9848,50,160,50900
13477,9092,50,161,50900
13478,9849,50,162,50900
13479,9850,50,163,44200
13480,9851,50,164,44200
13481,9852,50,165,44200
13482,9853,50,166,44200
13483,5766,50,167,44200
13484,9854,50,168,44200
13485,9855,50,169,44200
13486,6464,50,170,44200
13487,9856,50,171,44200
13488,9857,50,172,44200
13489,9858,50,173,44200
13490,6877,50,174,44200
13491,9859,50,175,44200
13492,9860,50,176,44200
13493,9861,50,177,44200
13494,9862,50,178,44200
13495,7577,50,179,44200
13496,9863,50,180,44200
13497,9864,50,181,44200
13498,9865,50,182,44200
13499,6158,50,183,44200
13500,9866,50,184,44200
13501,9867,50,185,44200
13502,9868,50,186,44200
13503,9294,50,187,44200
13504,7424,50,188,44200
13505,9869,50,189,44200
13506,5721,50,190,44200
13507,9870,50,191,44200
13508,9871,50,192,44200
13509,7910,50,193,44200
13510,4642,50,194,44200
13511,9872,50,195,44200
13512,9873,50,196,44200
13513,9874,50,197,44200
13514,9875,50,198,44200
13515,9876,50,199,44200
13516,9877,50,200,44200
13517,9878,50,201,44200
13518,9879,50,202,44200
13519,2309,50,203,44200
13520,9511,50,204,44200
13521,9880,50,205,44200
13522,2233,50,206,44200
13523,9881,50,207,44200
13524,9882,50,208,44200
13525,8797,50,209,44200
13526,9883,50,210,44200
13527,4873,50,211,44200
13528,7257,50,212,44200
13529,5917,50,213,44200
13530,7530,50,214,44200
13531,9884,50,215,44200
13532,9885,50,216,44200
13533,9886,50,217,44200
13534,9887,50,218,44200
13535,3148,50,219,44200
13536,9888,50,220,44200
13537,9596,50,221,44200
13538,6389,50,222,44200
13539,6872,50,223,44200
13540,5866,50,224,44200
13541,3689,50,225,44200
13542,6922,50,226,38600
13543,9889,50,227,38600
13544,9890,50,228,38600
13545,9891,50,229,38600
13546,9892,50,230,38600
13547,9550,50,231,38600
13548,9893,50,232,38600
13549,9894,50,233,38600
13550,8250,50,234,38600
13551,9895,50,235,38600
13552,9896,50,236,38600
13553,9897,50,237,38600
13554,9898,50,238,38600
13555,9899,50,239,38600
13556,5170,50,240,38600
13557,6844,50,241,38600
13558,9900,50,242,38600
13559,9901,50,243,38600
13560,8567,50,244,38600
13561,9902,50,245,38600
13562,9903,50,246,38600
13563,9904,50,247,38600
13564,9905,50,248,38600
13565,9906,50,249,38600
13566,9907,50,250,38600
13567,9908,50,251,38600
13568,9909,50,252,38600
13569,9910,50,253,38600
13570,9911,50,254,38600
13571,9912,50,255,38600
13572,8584,50,256,38600
13573,9913,50,257,38600
13574,9914,50,258,38600
13575,8924,50,259,38600
13576,398,50,260,38600
13577,9915,50,261,38600
13578,9916,50,262,38600
13579,9917,50,263,38600
13580,3562,50,264,38600
13581,9918,50,265,38600
13582,395,50,266,38600
13583,9919,50,267,38600
13584,9920,50,268,38600
13585,9921,50,269,38600
13586,9922,50,270,38600
13587,9923,50,271,38600
13588,9924,50,272,38600
13589,9925,50,273,38600
13590,9926,50,274,38600
13591,9927,50,275,38600
13592,9928,50,276,38600
13593,4389,50,277,38600
13594,9929,50,278,38600
13595,4371,50,279,38600
13596,9930,50,280,38600
13597,9577,50,281,38600
13598,9931,50,282,38600
13599,5568,50,283,38600
13600,9932,50,284,38600
13601,6891,50,285,38600
13602,8075,50,286,38600
13603,3326,50,287,38600
13604,9933,50,288,38600
13605,9934,50,289,33900
13606,7668,50,290,33900
13607,9935,50,291,33900
13608,9936,50,292,33900
13609,9937,50,293,33900
13610,9938,50,294,33900
13611,9939,50,295,33900
13612,9940,50,296,33900
13613,4603,50,297,33900
13614,9941,50,298,33900
13615,9942,50,299,33900
13616,9943,50,300,33900
13617,9944,50,301,33900
13618,3554,50,302,33900
13619,9945,50,303,33900
13620,9582,50,304,33900
13621,9946,50,305,33900
13622,3627,50,306,33900
13623,9947,50,307,33900
13624,394,50,308,33900
13625,5543,50,309,33900
13626,1128,50,310,33900
13627,5369,50,311,33900
13628,2775,50,312,33900
13629,6929,50,313,33900
13630,8510,50,314,33900
13631,9948,50,315,33900
13632,9949,50,316,33900
13633,9950,50,317,33900
13634,9281,50,318,33900
13635,9951,50,319,33900
13636,9952,50,320,33900
13637,9953,50,321,33900
13638,9954,50,322,33900
13639,5012,50,323,33900
13640,9955,50,324,33900
13641,9956,50,325,33900
13642,9957,50,326,33900
13643,6088,50,327,33900
13644,9958,50,328,33900
13645,9959,50,330,33900
13646,5992,50,331,33900
13647,5745,50,332,33900
13648,9960,50,333,33900
13649,9961,50,334,33900
13650,1982,50,335,33900
13651,8367,50,336,33900
13652,9620,50,337,33900
13653,4391,50,338,33900
13654,8244,50,339,33900
13655,9962,50,340,33900
13656,9963,50,341,33900
13657,9270,50,342,33900
13658,9964,50,343,33900
13659,9965,50,344,33900
13660,9966,50,345,33900
13661,9967,50,346,33900
13662,4886,50,347,33900
13663,6342,50,348,33900
13664,9968,50,349,33900
13665,5189,50,350,33900
13666,9969,50,351,33900
13667,9970,50,352,30000
13668,4034,50,353,30000
13669,9971,50,354,30000
13670,9972,50,355,30000
13671,9973,50,356,30000
13672,9974,50,357,30000
13673,9975,50,358,30000
13674,3162,50,359,30000
13675,7846,50,360,30000
13676,9976,50,361,30000
13677,9977,50,362,30000
13678,9978,50,363,30000
13679,6252,50,364,30000
13680,6239,50,365,30000
13681,7894,50,366,30000
13682,9979,50,367,30000
13683,9980,50,368,30000
13684,7144,50,369,30000
13685,8277,50,370,30000
13686,9981,50,371,30000
13687,5573,50,372,30000
13688,7804,50,373,30000
13689,9982,50,374,30000
13690,9983,50,375,30000
13691,9984,50,376,30000
13692,4321,50,377,30000
13693,9985,50,378,30000
13694,9986,50,379,30000
13695,9987,50,380,30000
13696,9988,50,382,30000
13697,7924,50,383,30000
13698,4376,50,384,30000
13699,9989,50,385,30000
13700,9990,50,386,30000
13701,4897,50,387,30000
13702,185,50,388,30000
13703,9991,50,389,30000
13704,9992,50,390,30000
13705,9191,50,391,30000
13706,9206,50,392,30000
13707,9993,50,393,30000
13708,9152,50,394,30000
13709,8499,50,395,30000
13710,9994,50,396,30000
13711,9995,50,397,30000
13712,9705,50,398,30000
13713,9996,50,399,30000
13714,9997,50,400,30000
13715,9998,50,401,30000
13716,9714,50,402,30000
13717,9437,50,403,30000
13718,6073,50,404,30000
13719,9999,50,405,30000
13720,10000,50,406,30000
13721,10001,50,407,30000
13722,7401,50,408,30000
13723,10002,50,409,30000
13724,7825,50,410,30000
13725,440,50,411,30000
13726,9268,50,412,30000
13727,5851,50,413,30000
13728,10003,50,414,30000
13729,10004,50,415,26700
13730,5157,50,416,26700
13731,7452,50,417,26700
13732,1502,50,418,26700
13733,5193,50,419,26700
13734,10005,50,420,26700
13735,10006,50,421,26700
13736,10007,50,422,26700
13737,10008,50,423,26700
13738,10009,50,424,26700
13739,10010,50,425,26700
13740,10011,50,426,26700
13741,10012,50,427,26700
13742,3679,50,428,26700
13743,10013,50,429,26700
13744,10014,50,430,26700
13745,9560,50,431,26700
13746,4932,50,432,26700
13747,10015,50,433,26700
13748,1221,50,434,26700
13749,10016,50,435,26700
13750,8368,50,436,26700
13751,10017,50,437,26700
13752,10018,50,438,26700
13753,5737,50,439,26700
13754,2776,50,440,26700
13755,10019,50,441,26700
13756,10020,50,442,26700
13757,10021,50,443,26700
13758,10022,50,444,26700
13759,10023,50,445,26700
13760,8459,50,446,26700
13761,10024,50,447,26700
13762,10025,50,448,26700
13763,9081,50,449,26700
13764,10026,50,450,26700
13765,9612,50,451,26700
13766,3047,50,452,26700
13767,10027,50,453,26700
13768,10028,50,454,26700
13769,10029,50,455,26700
13770,10030,50,456,26700
13771,10031,50,457,26700
13772,10032,50,458,26700
13773,10033,50,459,26700
13774,6740,50,460,26700
13775,10034,50,461,26700
13776,10035,50,462,26700
13777,10036,50,463,26700
13778,2858,50,464,26700
13779,10037,50,465,26700
13780,10038,50,466,26700
13781,10039,50,467,26700
13782,6945,50,468,26700
13783,10040,50,469,26700
13784,8127,50,470,26700
13785,10041,50,471,26700
13786,10042,50,472,26700
13787,10043,50,473,26700
13788,10044,50,474,26700
13789,6270,50,475,26700
13790,10045,50,476,26700
13791,10046,50,477,26700
13792,3034,50,478,23900
13793,10047,50,479,23900
13794,10048,50,480,23900
13795,3478,50,481,23900
13796,10049,50,482,23900
13797,10050,50,483,23900
13798,10051,50,484,23900
13799,10052,50,485,23900
13800,10053,50,486,23900
13801,7918,50,487,23900
13802,10054,50,488,23900
13803,10055,50,489,23900
13804,10056,50,490,23900
13805,10057,50,491,23900
13806,8234,50,492,23900
13807,10058,50,493,23900
13808,8472,50,494,23900
13809,10059,50,495,23900
13810,10060,50,496,23900
13811,6047,50,497,23900
13812,10061,50,498,23900
13813,10062,50,499,23900
13814,10063,50,500,23900
13815,5736,50,501,23900
13816,10064,50,502,23900
13817,339,50,503,23900
13818,10065,50,504,23900
13819,4408,50,505,23900
13820,10066,50,506,23900
13821,10067,50,507,23900
13822,10068,50,508,23900
13823,6098,50,509,23900
13824,1993,50,510,23900
13825,10069,50,511,23900
13826,10070,50,512,23900
13827,4765,50,513,23900
13828,10071,50,514,23900
13829,10072,50,515,23900
13830,10073,50,516,23900
13831,10074,50,517,23900
13832,7971,50,518,23900
13833,10075,50,519,23900
13834,10076,50,520,23900
13835,5366,50,521,23900
13836,8458,50,522,23900
13837,845,50,523,23900
13838,7820,50,524,23900
13839,10077,50,525,23900
13840,10078,50,526,23900
13841,10079,50,527,23900
13842,10080,50,528,23900
13843,10081,50,529,23900
13844,416,50,530,23900
13845,10082,50,531,23900
13846,10083,50,532,23900
13847,10084,50,533,23900
13848,10085,50,534,23900
13849,10086,50,535,23900
13850,10087,50,536,23900
13851,9499,50,537,23900
13852,10088,50,538,23900
13853,4166,50,539,23900
13854,10089,50,540,23900
13855,10090,50,541,21600
13856,4885,50,542,21600
13857,10091,50,543,21600
13858,366,50,544,21600
13859,10092,50,545,21600
13860,5332,50,546,21600
13861,6458,50,547,21600
13862,9127,50,548,21600
13863,4171,50,549,21600
13864,10093,50,550,21600
13865,10094,50,551,21600
13866,2642,50,552,21600
13867,10095,50,553,21600
13868,9498,50,554,21600
13869,10096,50,555,21600
13870,10097,50,556,21600
13871,7533,50,557,21600
13872,7972,50,558,21600
13873,5351,50,559,21600
13874,10098,50,560,21600
13875,10099,50,561,21600
13876,10100,50,562,21600
13877,10101,50,563,21600
13878,10102,50,564,21600
13879,10103,50,566,21600
13880,8834,50,567,21600
13881,10104,50,568,21600
13882,10105,50,569,21600
13883,10106,50,570,21600
13884,10107,50,571,21600
13885,10108,50,572,21600
13886,10109,50,573,21600
13887,10110,50,574,21600
13888,10111,50,575,21600
13889,8232,50,576,21600
13890,3545,50,577,21600
13891,10112,50,578,21600
13892,9104,50,579,21600
13893,10113,50,580,21600
13894,9265,50,581,21600
13895,10114,50,582,21600
13896,10115,50,583,21600
13897,10116,50,584,21600
13898,3364,50,585,21600
13899,9438,50,586,21600
13900,10117,50,587,21600
13901,10118,50,588,21600
13902,10119,50,589,21600
13903,10120,50,590,21600
13904,7872,50,591,21600
13905,10121,50,592,21600
13906,7703,50,593,21600
13907,10122,50,594,21600
13908,10123,50,595,21600
13909,2058,50,596,21600
13910,10124,50,597,21600
13911,10125,50,598,21600
13912,10126,50,599,21600
13913,10127,50,600,21600
13914,10128,50,601,21600
13915,6489,50,602,21600
13916,10129,50,603,21600
13917,7775,50,604,20000
13918,10130,50,605,20000
13919,10131,50,606,20000
13920,10132,50,607,20000
13921,4720,50,608,20000
13922,10133,50,609,20000
13923,8224,50,610,20000
13924,3532,50,611,20000
13925,10134,50,612,20000
13926,10135,50,613,20000
13927,614,50,614,20000
13928,9602,50,615,20000
13929,10136,50,616,20000
13930,4360,50,617,20000
13931,10137,50,618,20000
13932,5143,50,619,20000
13933,6065,50,620,20000
13934,10138,50,621,20000
13935,9427,50,622,20000
13936,3419,50,623,20000
13937,10139,50,624,20000
13938,8417,50,625,20000
13939,10140,50,626,20000
13940,7445,50,627,20000
13941,6523,50,628,20000
13942,10141,50,629,20000
13943,9032,50,630,20000
13944,10142,50,631,20000
13945,10143,50,632,20000
13946,4320,50,633,20000
13947,3556,50,634,20000
13948,9013,50,635,20000
13949,10144,50,636,20000
13950,10145,50,637,20000
13951,10146,50,638,20000
13952,6689,50,639,20000
13953,10147,50,640,20000
13954,5541,50,641,20000
13955,5587,50,642,20000
13956,10148,50,643,20000
13957,10149,50,644,20000
13958,5278,50,645,20000
13959,4663,50,646,20000
13960,5419,50,647,20000
13961,9412,50,648,20000
13962,9099,50,649,20000
13963,10150,50,650,20000
13964,10151,50,651,20000
13965,9391,50,652,20000
13966,10152,50,653,20000
13967,10153,50,654,20000
13968,9275,50,655,20000
13969,10154,50,656,20000
13970,10155,50,657,20000
13971,7582,50,658,20000
13972,10156,50,659,20000
13973,10157,50,660,20000
13974,10158,50,661,20000
13975,9574,50,662,20000
13976,10159,50,663,20000
13977,8389,50,664,20000
13978,9304,50,665,20000
13979,10160,50,666,20000
13980,5438,50,667,17500
13981,10161,50,668,17500
13982,10162,50,669,17500
13983,10163,50,670,17500
13984,9006,50,671,17500
13985,7478,50,672,17500
13986,10164,50,673,17500
13987,6308,50,674,17500
13988,5701,50,675,17500
13989,6071,50,676,17500
13990,8138,50,677,17500
13991,10165,50,678,17500
13992,7287,50,679,17500
13993,10166,50,680,17500
13994,5801,50,681,17500
13995,7067,50,682,17500
13996,6078,50,683,17500
13997,1924,50,684,17500
13998,6637,50,685,17500
13999,10167,50,686,17500
14000,10168,50,687,17500
14001,10169,50,688,17500
14002,10170,50,689,17500
14003,10171,50,690,17500
14004,10172,50,691,17500
14005,4845,50,692,17500
14006,10173,50,693,17500
14007,7769,50,694,17500
14008,10174,50,695,17500
14009,10175,50,696,17500
14010,2315,50,697,17500
14011,10176,50,698,17500
14012,10177,50,699,17500
14013,10178,50,700,17500
14014,10179,50,701,17500
14015,10180,50,702,17500
14016,8925,50,703,17500
14017,10181,50,704,17500
14018,10182,50,705,17500
14019,8476,50,706,17500
14020,10183,50,707,17500
14021,4595,50,708,17500
14022,7053,50,709,17500
14023,8062,50,710,17500
14024,6290,50,711,17500
14025,5458,50,712,17500
14026,10184,50,713,17500
14027,8833,50,714,17500
14028,10185,50,715,17500
14029,10186,50,716,17500
14030,6640,50,717,17500
14031,2245,50,718,17500
14032,10187,50,719,17500
14033,2522,50,720,17500
14034,9049,50,721,17500
14035,10188,50,722,17500
14036,4257,50,723,17500
14037,10189,50,724,17500
14038,8672,50,725,17500
14039,10190,50,726,17500
14040,10191,50,727,17500
14041,10192,50,728,17500
14042,8629,50,729,17500
14043,6879,50,730,17500
14044,6346,50,731,17500
14045,10193,50,732,17500
14046,261,50,733,17500
14047,7664,50,734,17500
14048,7352,50,735,17500
14049,10194,50,736,17500
14050,10195,50,737,17500
14051,10196,50,739,17500
14052,10197,50,740,17500
14053,10198,50,741,17500
14054,9642,50,742,17500
14055,10199,50,743,17500
14056,10200,50,744,17500
14057,10201,50,745,17500
14058,10202,50,746,17500
14059,6743,50,747,17500
14060,10203,50,748,17500
14061,8420,50,749,17500
14062,10204,50,750,17500
14063,10205,50,751,17500
14064,10206,50,752,17500
14065,10207,50,753,17500
14066,8493,50,754,17500
14067,10208,50,755,17500
14068,630,50,756,17500
14069,7515,50,757,17500
14070,10209,50,758,17500
14071,10210,50,759,17500
14072,10211,50,760,17500
14073,10212,50,761,17500
14074,9235,50,762,17500
14075,10213,50,763,17500
14076,10214,50,764,17500
14077,10215,50,765,17500
14078,10216,50,766,17500
14079,10217,50,767,17500
14080,10218,50,768,17500
14081,7519,50,769,17500
14082,10219,50,770,17500
14083,9039,50,771,17500
14084,5975,50,772,17500
14085,2864,50,773,17500
14086,10220,50,774,17500
14087,3767,50,775,17500
14088,10221,50,776,17500
14089,10222,50,777,17500
14090,10223,50,778,17500
14091,10224,50,779,17500
14092,10225,50,780,17500
14093,10226,50,781,17500
14094,10227,50,782,17500
14095,8893,50,783,17500
14096,10228,50,784,17500
14097,10229,50,785,17500
14098,10230,50,786,17500
14099,9078,50,787,17500
14100,10231,50,788,17500
14101,6146,50,789,17500
14102,5048,50,790,17500
14103,10232,50,791,17500
14104,10233,50,792,17500
14105,10234,50,793,17500
14106,10235,50,794,17500
14107,10236,50,795,17500
14108,10237,50,796,17500
14109,10238,50,797,17500
14110,10239,50,798,17500
14111,10240,50,799,17500
14112,10241,50,800,17500
14113,10242,50,801,17500
14114,10243,50,802,17500
14115,10244,50,803,17500
14116,9258,50,804,17500
14117,669,50,805,17500
14118,10245,50,806,17500
14119,10246,50,807,17500
14120,10247,50,808,17500
14121,10248,50,809,17500
14122,10249,50,810,17500
14123,10250,50,811,17500
14124,10251,50,812,17500
14125,10252,50,813,17500
14126,4536,50,814,17500
14127,6897,50,815,17500
14128,10253,50,816,17500
14129,10254,50,817,17500
14130,8335,50,818,17500
14131,10255,50,819,17500
14132,4922,50,820,17500
14133,10256,50,821,17500
14134,10257,50,822,17500
14135,10258,50,823,17500
14136,8994,50,824,17500
14137,10259,50,825,17500
14138,9085,50,826,17500
14139,10260,50,827,17500
14140,6993,50,828,17500
14141,10261,50,829,15000
14142,4104,50,830,15000
14143,1964,50,831,15000
14144,835,50,832,15000
14145,10262,50,833,15000
14146,10263,50,834,15000
14147,10264,50,835,15000
14148,10265,50,836,15000
14149,7061,50,837,15000
14150,10266,50,838,15000
14151,10267,50,839,15000
14152,10268,50,840,15000
14153,10269,50,841,15000
14154,10270,50,842,15000
14155,9378,50,843,15000
14156,5650,50,844,15000
14157,10271,50,845,15000
14158,10272,50,846,15000
14159,10273,50,847,15000
14160,10274,50,848,15000
14161,5295,50,849,15000
14162,10275,50,850,15000
14163,9666,50,851,15000
14164,3864,50,852,15000
14165,10276,50,853,15000
14166,10277,50,854,15000
14167,10278,50,855,15000
14168,10279,50,856,15000
14169,6698,50,857,15000
14170,10280,50,858,15000
14171,4994,50,859,15000
14172,10281,50,860,15000
14173,10282,50,861,15000
14174,10283,50,862,15000
14175,10284,50,863,15000
14176,10285,50,864,15000
14177,10286,50,865,15000
14178,8621,50,866,15000
14179,9416,50,867,15000
14180,10287,50,868,15000
14181,5966,50,869,15000
14182,2391,50,870,15000
14183,10288,50,871,15000
14184,7827,50,872,15000
14185,1442,50,873,15000
14186,10289,50,874,15000
14187,10290,50,875,15000
14188,10291,50,876,15000
14189,10292,50,877,15000
14190,8935,50,878,15000
14191,10293,50,879,15000
14192,10294,50,880,15000
14193,7101,50,881,15000
14194,9297,50,882,15000
14195,10295,50,883,15000
14196,10296,50,884,15000
14197,10297,50,885,15000
14198,10298,50,886,15000
14199,10299,50,887,15000
14200,5927,50,888,15000
14201,5320,50,889,15000
14202,10300,50,890,15000
14203,10301,50,891,15000
14204,3153,50,893,15000
14205,10302,50,894,15000
14206,10303,50,895,15000
14207,10304,50,896,15000
14208,10305,50,897,15000
14209,10306,50,898,15000
14210,10307,50,899,15000
14211,10308,50,900,15000
14212,9141,50,901,15000
14213,8029,50,902,15000
14214,10309,50,903,15000
14215,10310,50,904,15000
14216,10311,50,905,15000
14217,10312,50,906,15000
14218,10313,50,907,15000
14219,10314,50,908,15000
14220,10315,50,909,15000
14221,4266,50,910,15000
14222,6055,50,911,15000
14223,2483,50,912,15000
14224,4871,50,913,15000
14225,10316,50,914,15000
14226,6185,50,915,15000
14227,10317,50,916,15000
14228,10318,50,917,15000
14229,10319,50,918,15000
14230,10320,50,919,15000
14231,10321,50,920,15000
14232,7468,50,921,15000
14233,4139,50,922,15000
14234,10322,50,923,15000
14235,10323,50,924,15000
14236,10324,50,925,15000
14237,10325,50,926,15000
14238,10326,50,927,15000
14239,10327,50,928,15000
14240,9488,50,929,15000
14241,10328,50,930,15000
14242,10329,50,931,15000
14243,10330,50,932,15000
14244,10331,50,933,15000
14245,10332,50,934,15000
14246,10333,50,935,15000
14247,10334,50,936,15000
14248,10335,50,937,15000
14249,277,50,938,15000
14250,7550,50,939,15000
14251,10336,50,940,15000
14252,9702,50,941,15000
14253,10337,50,942,15000
14254,10338,50,943,15000
14255,10339,50,944,15000
14256,10340,50,945,15000
14257,10341,50,946,15000
14258,10342,50,947,15000
14259,10343,50,948,15000
14260,10344,50,949,15000
14261,10345,50,950,15000
14262,10346,50,951,15000
14263,10347,50,952,15000
14264,10348,50,953,15000
14265,10349,50,954,15000
14266,10350,50,955,15000
14267,8365,50,956,15000
14268,10351,50,957,15000
14269,7517,50,958,15000
14270,10352,50,959,15000
14271,10353,50,960,15000
14272,9286,50,961,15000
14273,10354,50,963,15000
14274,10355,50,964,15000
14275,10356,50,965,15000
14276,10357,50,966,15000
14277,10358,50,967,15000
14278,10359,50,968,15000
14279,10360,50,969,15000
14280,5828,50,970,15000
14281,8437,50,971,15000
14282,1726,50,972,15000
14283,10361,50,973,15000
14284,10362,50,974,15000
14285,8818,50,975,15000
14286,10363,50,976,15000
14287,10364,50,977,15000
14288,10365,50,978,15000
14289,1374,50,979,15000
14290,10366,50,980,15000
14291,9356,50,981,15000
14292,10367,50,982,15000
14293,5672,50,983,15000
14294,10368,50,984,15000
14295,10369,50,985,15000
14296,10370,50,986,15000
14297,5026,50,987,15000
14298,8216,50,988,15000
14299,5669,50,989,15000
14300,10371,50,990,15000
14301,10372,50,991,15000
14302,10373,50,992,15000
14303,10374,50,993,15000
14304,10375,50,994,15000
14305,10376,50,995,15000
14306,4218,50,996,15000
14307,10377,50,997,15000
14308,763,50,998,15000
14309,10378,50,999,15000
14310,10379,50,1000,15000
14311,10380,51,1,10000000
14312,10381,51,2,6000000
14313,10382,51,3,4000000
14314,5906,51,4,3000000
14315,9779,51,5,2250000
14316,9605,51,6,1750000
14317,10383,51,7,1350000
14318,10311,51,8,1075000
14319,10384,51,9,850675
14320,9809,51,10,675000
14321,8355,51,11,675000
14322,8970,51,12,525000
14323,3110,51,13,525000
14324,10385,51,14,410000
14325,10016,51,15,410000
14326,10386,51,16,410000
14327,870,51,17,410000
14328,10387,51,18,323100
14329,10375,51,19,323100
14330,7765,51,20,323100
14331,8237,51,21,323100
14332,7650,51,22,323100
14333,5048,51,23,323100
14334,10388,51,24,323100
14335,1889,51,25,323100
14336,10389,51,26,323100
14337,5612,51,27,262300
14338,10026,51,28,262300
14339,2215,51,29,262300
14340,10390,51,30,262300
14341,8681,51,31,262300
14342,10391,51,32,262300
14343,10392,51,33,262300
14344,10393,51,34,262300
14345,6335,51,35,262300
14346,10394,51,36,214200
14347,10395,51,37,214200
14348,8224,51,38,214200
14349,9761,51,39,214200
14350,10396,51,40,214200
14351,8881,51,41,214200
14352,10397,51,42,214200
14353,10398,51,43,214200
14354,9987,51,44,214200
14355,10399,51,45,176200
14356,10400,51,46,176200
14357,10401,51,47,176200
14358,10402,51,48,176200
14359,10403,51,49,176200
14360,10404,51,50,176200
14361,10405,51,51,176200
14362,4561,51,52,176200
14363,10406,51,53,176200
14364,8792,51,54,145800
14365,10234,51,55,145800
14366,9056,51,56,145800
14367,10407,51,57,145800
14368,10408,51,58,145800
14369,5441,51,59,145800
14370,10409,51,60,145800
14371,10410,51,61,145800
14372,8279,51,62,145800
14373,10411,51,63,121500
14374,10412,51,64,121500
14375,10413,51,65,121500
14376,10414,51,66,121500
14377,5541,51,67,121500
14378,10415,51,68,121500
14379,10416,51,69,121500
14380,9893,51,70,121500
14381,2754,51,71,121500
14382,10417,51,72,101700
14383,10418,51,73,101700
14384,10419,51,74,101700
14385,6380,51,75,101700
14386,10420,51,76,101700
14387,8596,51,77,101700
14388,10421,51,78,101700
14389,10422,51,79,101700
14390,8052,51,80,101700
14391,10423,51,81,86000
14392,9788,51,82,86000
14393,5572,51,83,86000
14394,10424,51,84,86000
14395,10425,51,85,86000
14396,8294,51,86,86000
14397,10426,51,87,86000
14398,10427,51,88,86000
14399,10428,51,89,86000
14400,10082,51,90,73100
14401,6806,51,91,73100
14402,10242,51,92,73100
14403,7257,51,93,73100
14404,8699,51,94,73100
14405,2869,51,95,73100
14406,10429,51,96,73100
14407,10430,51,97,73100
14408,8278,51,98,73100
14409,10431,51,99,62500
14410,7338,51,100,62500
14411,7700,51,101,62500
14412,10432,51,102,62500
14413,6187,51,103,62500
14414,10433,51,104,62500
14415,10434,51,105,62500
14416,5468,51,106,62500
14417,9379,51,107,62500
14418,10435,51,108,62500
14419,8985,51,109,62500
14420,10436,51,110,62500
14421,10437,51,111,62500
14422,9808,51,112,62500
14423,10438,51,113,62500
14424,8295,51,114,62500
14425,7328,51,115,62500
14426,8002,51,116,62500
14427,10439,51,117,62500
14428,10440,51,118,62500
14429,10441,51,119,62500
14430,10442,51,120,62500
14431,5663,51,121,62500
14432,5733,51,122,62500
14433,2042,51,123,62500
14434,10443,51,124,62500
14435,10444,51,125,62500
14436,10445,51,126,62500
14437,10446,51,127,62500
14438,10447,51,128,62500
14439,10448,51,129,62500
14440,10449,51,130,62500
14441,3081,51,131,62500
14442,9265,51,132,62500
14443,10450,51,133,62500
14444,3957,51,134,62500
14445,10451,51,135,62500
14446,6272,51,136,62500
14447,5787,51,137,62500
14448,10452,51,138,62500
14449,7406,51,139,62500
14450,10453,51,140,62500
14451,10454,51,141,62500
14452,10455,51,142,62500
14453,9059,51,143,62500
14454,7929,51,144,62500
14455,10456,51,145,62500
14456,8119,51,146,62500
14457,6846,51,147,62500
14458,10457,51,148,62500
14459,10458,51,149,62500
14460,10459,51,150,62500
14461,10460,51,151,62500
14462,8869,51,152,62500
14463,10461,51,153,62500
14464,7163,51,154,62500
14465,10462,51,155,62500
14466,10463,51,156,62500
14467,10464,51,157,62500
14468,6108,51,158,62500
14469,10465,51,159,62500
14470,10466,51,160,62500
14471,5629,51,161,62500
14472,10467,51,162,53900
14473,6349,51,163,53900
14474,7895,51,164,53900
14475,1393,51,165,53900
14476,10468,51,166,53900
14477,9309,51,167,53900
14478,663,51,168,53900
14479,10469,51,169,53900
14480,4826,51,170,53900
14481,10470,51,171,53900
14482,10471,51,172,53900
14483,5627,51,173,53900
14484,7668,51,174,53900
14485,10472,51,175,53900
14486,10473,51,176,53900
14487,10474,51,177,53900
14488,10475,51,178,53900
14489,2155,51,179,53900
14490,10476,51,180,53900
14491,3239,51,181,53900
14492,10477,51,182,53900
14493,10478,51,183,53900
14494,10479,51,184,53900
14495,7969,51,185,53900
14496,10480,51,186,53900
14497,10481,51,187,53900
14498,7924,51,188,53900
14499,6447,51,189,53900
14500,10113,51,190,53900
14501,10482,51,191,53900
14502,6866,51,192,53900
14503,10483,51,193,53900
14504,10484,51,194,53900
14505,8703,51,195,53900
14506,10485,51,196,53900
14507,10486,51,197,53900
14508,10487,51,198,53900
14509,10488,51,199,53900
14510,6529,51,200,53900
14511,10489,51,201,53900
14512,5373,51,202,53900
14513,10490,51,203,53900
14514,10491,51,204,53900
14515,10492,51,205,53900
14516,10493,51,206,53900
14517,10494,51,207,53900
14518,6433,51,208,53900
14519,10495,51,209,53900
14520,9442,51,210,53900
14521,8818,51,211,53900
14522,10496,51,212,53900
14523,10497,51,213,53900
14524,6819,51,214,53900
14525,8078,51,215,53900
14526,10498,51,216,53900
14527,10338,51,217,53900
14528,4887,51,218,53900
14529,10499,51,219,53900
14530,7989,51,220,53900
14531,10500,51,221,53900
14532,9270,51,222,53900
14533,9885,51,223,53900
14534,5280,51,224,53900
14535,8566,51,225,46800
14536,10501,51,226,46800
14537,5224,51,227,46800
14538,10502,51,228,46800
14539,10503,51,229,46800
14540,10504,51,230,46800
14541,10505,51,231,46800
14542,9784,51,232,46800
14543,10275,51,233,46800
14544,9668,51,234,46800
14545,10506,51,235,46800
14546,10507,51,236,46800
14547,10508,51,237,46800
14548,6389,51,238,46800
14549,10509,51,239,46800
14550,10510,51,240,46800
14551,10511,51,241,46800
14552,6189,51,242,46800
14553,5725,51,243,46800
14554,10512,51,245,46800
14555,10513,51,246,46800
14556,10514,51,247,46800
14557,10310,51,248,46800
14558,8892,51,249,46800
14559,10515,51,250,46800
14560,8055,51,251,46800
14561,8664,51,252,46800
14562,10516,51,253,46800
14563,10517,51,254,46800
14564,10518,51,255,46800
14565,8227,51,256,46800
14566,8261,51,257,46800
14567,7691,51,258,46800
14568,10519,51,259,46800
14569,9020,51,260,46800
14570,10018,51,261,46800
14571,6888,51,262,46800
14572,10520,51,263,46800
14573,10521,51,264,46800
14574,10522,51,265,46800
14575,10523,51,266,46800
14576,8835,51,267,46800
14577,3679,51,268,46800
14578,8606,51,269,46800
14579,5553,51,270,46800
14580,10524,51,271,46800
14581,10525,51,272,46800
14582,5855,51,273,46800
14583,10526,51,274,46800
14584,10527,51,275,46800
14585,9260,51,276,46800
14586,5281,51,277,46800
14587,9812,51,278,46800
14588,10528,51,279,46800
14589,10529,51,280,46800
14590,10530,51,281,46800
14591,8640,51,282,46800
14592,9982,51,283,46800
14593,10531,51,284,46800
14594,6158,51,285,46800
14595,8205,51,286,46800
14596,3117,51,287,46800
14597,3615,51,288,40900
14598,10532,51,289,40900
14599,7293,51,290,40900
14600,10533,51,291,40900
14601,2476,51,292,40900
14602,10534,51,293,40900
14603,10535,51,294,40900
14604,10536,51,295,40900
14605,9766,51,297,40900
14606,6718,51,298,40900
14607,10537,51,299,40900
14608,6106,51,300,40900
14609,7361,51,301,40900
14610,4679,51,302,40900
14611,7566,51,303,40900
14612,10538,51,304,40900
14613,10539,51,305,40900
14614,10540,51,306,40900
14615,10541,51,307,40900
14616,10542,51,308,40900
14617,10543,51,309,40900
14618,10544,51,310,40900
14619,10545,51,311,40900
14620,10546,51,312,40900
14621,10547,51,313,40900
14622,5349,51,314,40900
14623,5091,51,315,40900
14624,10548,51,316,40900
14625,10549,51,317,40900
14626,10550,51,318,40900
14627,10551,51,319,40900
14628,10552,51,320,40900
14629,5277,51,321,40900
14630,10553,51,322,40900
14631,10554,51,323,40900
14632,3878,51,324,40900
14633,10555,51,325,40900
14634,10556,51,326,40900
14635,9155,51,327,40900
14636,10557,51,328,40900
14637,10558,51,329,40900
14638,9920,51,330,40900
14639,10559,51,331,40900
14640,10560,51,332,40900
14641,10561,51,333,40900
14642,7542,51,334,40900
14643,10562,51,335,40900
14644,6963,51,336,40900
14645,10563,51,337,40900
14646,10564,51,338,40900
14647,10565,51,339,40900
14648,10566,51,340,40900
14649,10567,51,341,40900
14650,10568,51,342,40900
14651,10569,51,343,40900
14652,10231,51,344,40900
14653,10570,51,345,40900
14654,6234,51,346,40900
14655,10571,51,347,40900
14656,10572,51,348,40900
14657,10573,51,349,40900
14658,10574,51,350,40900
14659,4684,51,351,36000
14660,10575,51,352,36000
14661,10576,51,353,36000
14662,10577,51,354,36000
14663,8759,51,355,36000
14664,4533,51,356,36000
14665,10578,51,357,36000
14666,7669,51,358,36000
14667,10579,51,359,36000
14668,7704,51,360,36000
14669,4775,51,361,36000
14670,10022,51,362,36000
14671,9745,51,363,36000
14672,7235,51,364,36000
14673,7601,51,365,36000
14674,416,51,366,36000
14675,10580,51,367,36000
14676,10581,51,368,36000
14677,10582,51,369,36000
14678,10583,51,370,36000
14679,10584,51,371,36000
14680,2072,51,372,36000
14681,10585,51,373,36000
14682,10586,51,374,36000
14683,10587,51,375,36000
14684,7757,51,376,36000
14685,8986,51,377,36000
14686,10588,51,378,36000
14687,10589,51,379,36000
14688,10590,51,380,36000
14689,10591,51,381,36000
14690,9768,51,382,36000
14691,10592,51,383,36000
14692,7356,51,384,36000
14693,6315,51,385,36000
14694,10593,51,386,36000
14695,10594,51,387,36000
14696,6180,51,388,36000
14697,10595,51,389,36000
14698,10596,51,390,36000
14699,8358,51,391,36000
14700,10597,51,392,36000
14701,6488,51,393,36000
14702,10598,51,394,36000
14703,9574,51,395,36000
14704,10599,51,396,36000
14705,10600,51,397,36000
14706,10601,51,398,36000
14707,9844,51,399,36000
14708,10602,51,400,36000
14709,10603,51,401,36000
14710,10604,51,402,36000
14711,7558,51,403,36000
14712,10605,51,404,36000
14713,10606,51,405,36000
14714,5695,51,406,36000
14715,10607,51,407,36000
14716,7994,51,408,36000
14717,5449,51,409,36000
14718,10608,51,410,36000
14719,10609,51,411,36000
14720,10610,51,412,36000
14721,5686,51,413,36000
14722,10611,51,414,31900
14723,10612,51,415,31900
14724,10037,51,416,31900
14725,9913,51,417,31900
14726,10613,51,418,31900
14727,10614,51,419,31900
14728,8639,51,420,31900
14729,10615,51,421,31900
14730,10616,51,422,31900
14731,9767,51,423,31900
14732,10617,51,424,31900
14733,2323,51,425,31900
14734,10618,51,426,31900
14735,10619,51,427,31900
14736,10620,51,428,31900
14737,10621,51,429,31900
14738,697,51,430,31900
14739,10622,51,431,31900
14740,9153,51,432,31900
14741,8101,51,433,31900
14742,10623,51,434,31900
14743,10624,51,435,31900
14744,10625,51,436,31900
14745,2536,51,437,31900
14746,10626,51,438,31900
14747,10627,51,439,31900
14748,10628,51,440,31900
14749,8848,51,441,31900
14750,6042,51,442,31900
14751,10629,51,443,31900
14752,10630,51,444,31900
14753,10631,51,445,31900
14754,10632,51,446,31900
14755,10633,51,447,31900
14756,10634,51,448,31900
14757,3740,51,449,31900
14758,10635,51,450,31900
14759,10636,51,451,31900
14760,10637,51,452,31900
14761,9943,51,453,31900
14762,8537,51,454,31900
14763,125,51,455,31900
14764,7779,51,456,31900
14765,10638,51,457,31900
14766,10639,51,458,31900
14767,5577,51,459,31900
14768,8032,51,460,31900
14769,10640,51,461,31900
14770,10034,51,462,31900
14771,10641,51,463,31900
14772,10642,51,464,31900
14773,9951,51,465,31900
14774,6815,51,467,31900
14775,3991,51,468,31900
14776,10643,51,469,31900
14777,10644,51,470,31900
14778,10645,51,472,31900
14779,5351,51,473,31900
14780,10646,51,474,31900
14781,10647,51,475,31900
14782,10648,51,476,31900
14783,10649,51,478,28400
14784,10650,51,479,28400
14785,10651,51,480,28400
14786,10652,51,481,28400
14787,10653,51,482,28400
14788,10654,51,483,28400
14789,7207,51,484,28400
14790,10655,51,485,28400
14791,10656,51,486,28400
14792,10657,51,487,28400
14793,10658,51,488,28400
14794,10659,51,489,28400
14795,10660,51,490,28400
14796,10661,51,491,28400
14797,10662,51,492,28400
14798,10663,51,493,28400
14799,10664,51,494,28400
14800,8099,51,495,28400
14801,10665,51,496,28400
14802,10666,51,497,28400
14803,10667,51,498,28400
14804,10668,51,499,28400
14805,8991,51,500,28400
14806,4793,51,501,28400
14807,10669,51,502,28400
14808,10670,51,503,28400
14809,4203,51,504,28400
14810,10671,51,505,28400
14811,10672,51,506,28400
14812,8025,51,507,28400
14813,10673,51,508,28400
14814,6304,51,509,28400
14815,9164,51,510,28400
14816,7945,51,511,28400
14817,8524,51,512,28400
14818,10674,51,513,28400
14819,7836,51,514,28400
14820,10675,51,515,28400
14821,10676,51,516,28400
14822,10677,51,517,28400
14823,10163,51,518,28400
14824,2651,51,519,28400
14825,5325,51,520,28400
14826,10678,51,521,28400
14827,2168,51,522,28400
14828,10679,51,523,28400
14829,10680,51,524,28400
14830,10681,51,525,28400
14831,10682,51,526,28400
14832,10683,51,527,28400
14833,8999,51,528,28400
14834,10684,51,529,28400
14835,10685,51,530,28400
14836,10686,51,531,28400
14837,10687,51,532,28400
14838,10325,51,533,28400
14839,10688,51,534,28400
14840,8396,51,535,28400
14841,10689,51,536,28400
14842,10690,51,537,28400
14843,10691,51,538,28400
14844,10692,51,539,28400
14845,10693,51,540,25500
14846,8597,51,541,25500
14847,9006,51,542,25500
14848,4310,51,543,25500
14849,4682,51,544,25500
14850,10694,51,545,25500
14851,8988,51,546,25500
14852,10695,51,547,25500
14853,10265,51,548,25500
14854,10696,51,549,25500
14855,6849,51,550,25500
14856,10697,51,551,25500
14857,10698,51,552,25500
14858,10699,51,553,25500
14859,6878,51,554,25500
14860,406,51,555,25500
14861,10700,51,556,25500
14862,10701,51,557,25500
14863,10702,51,558,25500
14864,7172,51,559,25500
14865,10703,51,560,25500
14866,5165,51,561,25500
14867,4796,51,562,25500
14868,10704,51,563,25500
14869,10705,51,564,25500
14870,10706,51,565,25500
14871,10707,51,566,25500
14872,10708,51,567,25500
14873,10709,51,568,25500
14874,4213,51,569,25500
14875,6923,51,570,25500
14876,10710,51,571,25500
14877,10711,51,572,25500
14878,10712,51,573,25500
14879,8997,51,574,25500
14880,10713,51,575,25500
14881,10714,51,576,25500
14882,10715,51,577,25500
14883,10716,51,578,25500
14884,9127,51,579,25500
14885,5447,51,580,25500
14886,10717,51,581,25500
14887,8510,51,582,25500
14888,4352,51,583,25500
14889,10718,51,584,25500
14890,9032,51,585,25500
14891,10719,51,586,25500
14892,10720,51,587,25500
14893,10721,51,588,25500
14894,10722,51,589,25500
14895,10723,51,590,25500
14896,10724,51,591,25500
14897,10725,51,592,25500
14898,9764,51,593,25500
14899,10726,51,594,25500
14900,5496,51,595,25500
14901,10727,51,596,25500
14902,5362,51,597,25500
14903,10728,51,598,25500
14904,10729,51,599,25500
14905,10730,51,600,25500
14906,5782,51,601,25500
14907,10731,51,602,25500
14908,10732,51,603,23000
14909,9276,51,604,23000
14910,10733,51,605,23000
14911,10734,51,606,23000
14912,10735,51,607,23000
14913,4976,51,608,23000
14914,10736,51,609,23000
14915,3518,51,610,23000
14916,10737,51,611,23000
14917,10738,51,612,23000
14918,10739,51,613,23000
14919,3716,51,614,23000
14920,10740,51,615,23000
14921,10741,51,616,23000
14922,10742,51,617,23000
14923,10045,51,618,23000
14924,10743,51,619,23000
14925,7573,51,620,23000
14926,10744,51,621,23000
14927,10745,51,622,23000
14928,5664,51,623,23000
14929,10746,51,624,23000
14930,10747,51,625,23000
14931,10748,51,626,23000
14932,9871,51,627,23000
14933,10749,51,628,23000
14934,8893,51,629,23000
14935,3257,51,630,23000
14936,10750,51,631,23000
14937,7872,51,632,23000
14938,8185,51,633,23000
14939,10751,51,634,23000
14940,10192,51,635,23000
14941,9453,51,636,23000
14942,10752,51,637,23000
14943,9319,51,638,23000
14944,1982,51,639,23000
14945,10753,51,640,23000
14946,10754,51,641,23000
14947,9216,51,642,23000
14948,6545,51,643,23000
14949,10755,51,644,23000
14950,7347,51,645,23000
14951,10756,51,646,23000
14952,10757,51,647,23000
14953,9209,51,648,23000
14954,10758,51,649,23000
14955,10759,51,650,23000
14956,10760,51,651,23000
14957,10761,51,652,23000
14958,10762,51,653,23000
14959,10763,51,654,23000
14960,10764,51,655,23000
14961,10765,51,656,23000
14962,10766,51,657,23000
14963,10767,51,658,23000
14964,4794,51,659,23000
14965,2978,51,660,23000
14966,372,51,661,23000
14967,3096,51,662,23000
14968,10768,51,663,23000
14969,10769,51,664,23000
14970,10770,51,665,23000
14971,10771,51,666,21000
14972,10772,51,667,21000
14973,6857,51,668,21000
14974,10773,51,669,21000
14975,10774,51,670,21000
14976,10775,51,671,21000
14977,10776,51,672,21000
14978,8191,51,673,21000
14979,10777,51,674,21000
14980,4886,51,675,21000
14981,10778,51,676,21000
14982,339,51,677,21000
14983,9025,51,678,21000
14984,10779,51,679,21000
14985,10780,51,680,21000
14986,10781,51,681,21000
14987,10782,51,682,21000
14988,6264,51,683,21000
14989,8882,51,684,21000
14990,10783,51,685,21000
14991,9769,51,686,21000
14992,10784,51,687,21000
14993,10785,51,688,21000
14994,6342,51,689,21000
14995,10786,51,690,21000
14996,10787,51,691,21000
14997,10788,51,692,21000
14998,7932,51,693,21000
14999,10789,51,694,21000
15000,10790,51,695,21000
15001,10791,51,696,21000
15002,1132,51,697,21000
15003,6876,51,698,21000
15004,10792,51,700,21000
15005,7537,51,701,21000
15006,10793,51,702,21000
15007,628,51,703,21000
15008,10794,51,704,21000
15009,10795,51,705,21000
15010,10796,51,706,21000
15011,10797,51,707,21000
15012,10798,51,708,21000
15013,10799,51,709,21000
15014,10800,51,710,21000
15015,10801,51,711,21000
15016,10802,51,712,21000
15017,10803,51,713,21000
15018,10804,51,714,21000
15019,9097,51,715,21000
15020,8460,51,716,21000
15021,10805,51,717,21000
15022,10806,51,718,21000
15023,10807,51,719,21000
15024,10808,51,720,21000
15025,5299,51,721,21000
15026,7524,51,723,21000
15027,10809,51,724,21000
15028,6370,51,725,21000
15029,5190,51,726,21000
15030,6386,51,727,21000
15031,9101,51,729,21000
15032,10810,51,730,21000
15033,9742,51,731,21000
15034,10811,51,732,21000
15035,10812,51,733,21000
15036,10813,51,734,21000
15037,10814,51,735,21000
15038,8390,51,736,21000
15039,3574,51,737,21000
15040,10000,51,739,21000
15041,10815,51,740,21000
15042,6154,51,741,21000
15043,9845,51,742,21000
15044,10816,51,743,21000
15045,5729,51,744,21000
15046,2889,51,745,21000
15047,7846,51,746,21000
15048,9541,51,747,21000
15049,10817,51,748,21000
15050,10818,51,749,21000
15051,10819,51,750,21000
15052,10820,51,751,21000
15053,10821,51,752,21000
15054,6484,51,753,21000
15055,10822,51,754,21000
15056,10823,51,755,21000
15057,9576,51,756,21000
15058,10824,51,757,21000
15059,10825,51,758,21000
15060,10826,51,759,21000
15061,10827,51,760,21000
15062,10828,51,761,21000
15063,8332,51,762,21000
15064,10829,51,763,21000
15065,10830,51,764,21000
15066,10831,51,765,19000
15067,6215,51,766,19000
15068,10832,51,767,19000
15069,10833,51,768,19000
15070,9104,51,769,19000
15071,10834,51,770,19000
15072,8425,51,771,19000
15073,10323,51,772,19000
15074,7674,51,773,19000
15075,10835,51,774,19000
15076,4065,51,775,19000
15077,10836,51,776,19000
15078,9933,51,777,19000
15079,10837,51,778,19000
15080,10838,51,779,19000
15081,7804,51,780,19000
15082,10839,51,781,19000
15083,6880,51,782,19000
15084,463,51,783,19000
15085,10840,51,784,19000
15086,3631,51,785,19000
15087,10841,51,786,19000
15088,10842,51,787,19000
15089,10843,51,788,19000
15090,10844,51,789,19000
15091,10845,51,790,19000
15092,10846,51,791,19000
15093,10847,51,792,19000
15094,10848,51,793,19000
15095,7582,51,794,19000
15096,4106,51,795,19000
15097,10849,51,796,19000
15098,10850,51,797,19000
15099,8505,51,798,19000
15100,10851,51,799,19000
15101,5113,51,800,19000
15102,10852,51,801,19000
15103,6960,51,802,19000
15104,10853,51,803,19000
15105,10854,51,804,19000
15106,5088,51,805,19000
15107,10855,51,806,19000
15108,8459,51,807,19000
15109,1392,51,808,19000
15110,10856,51,809,19000
15111,10857,51,810,19000
15112,10858,51,811,19000
15113,10859,51,812,19000
15114,5872,51,813,19000
15115,10860,51,814,19000
15116,10861,51,815,19000
15117,10862,51,816,19000
15118,10863,51,817,19000
15119,8940,51,818,19000
15120,9828,51,819,19000
15121,6934,51,820,19000
15122,10864,51,821,19000
15123,9023,51,822,19000
15124,10865,51,823,19000
15125,10866,51,824,19000
15126,1302,51,825,19000
15127,10867,51,826,19000
15128,10868,51,827,19000
15129,10869,51,828,19000
15130,6762,51,829,19000
15131,10870,51,830,19000
15132,10871,51,831,19000
15133,7415,51,832,19000
15134,10872,51,834,19000
15135,9924,51,835,19000
15136,10873,51,836,19000
15137,10874,51,837,19000
15138,10875,51,838,19000
15139,8749,51,839,19000
15140,10365,51,840,19000
15141,5512,51,841,19000
15142,10876,51,842,19000
15143,6334,51,843,19000
15144,7789,51,844,19000
15145,10877,51,845,19000
15146,10878,51,846,19000
15147,10191,51,847,19000
15148,10879,51,848,19000
15149,10880,51,849,19000
15150,2659,51,850,19000
15151,10881,51,851,19000
15152,10882,51,852,19000
15153,10883,51,853,19000
15154,10884,51,854,19000
15155,10885,51,855,19000
15156,10886,51,856,19000
15157,7362,51,857,19000
15158,10887,51,858,19000
15159,10888,51,859,19000
15160,10889,51,860,19000
15161,10890,51,861,19000
15162,4906,51,862,19000
15163,10891,51,863,19000
15164,10892,51,864,17000
15165,10893,51,865,17000
15166,10894,51,866,17000
15167,10895,51,867,17000
15168,10896,51,868,17000
15169,10897,51,869,17000
15170,6403,51,870,17000
15171,10898,51,871,17000
15172,5125,51,872,17000
15173,7518,51,873,17000
15174,9526,51,874,17000
15175,2073,51,875,17000
15176,10899,51,876,17000
15177,10900,51,877,17000
15178,10901,51,878,17000
15179,10902,51,879,17000
15180,10903,51,880,17000
15181,8347,51,881,17000
15182,8544,51,882,17000
15183,4603,51,883,17000
15184,10904,51,884,17000
15185,10905,51,885,17000
15186,10906,51,886,17000
15187,1903,51,887,17000
15188,10907,51,888,17000
15189,9384,51,889,17000
15190,10908,51,890,17000
15191,8298,51,891,17000
15192,10909,51,892,17000
15193,10910,51,893,17000
15194,10911,51,894,17000
15195,10912,51,895,17000
15196,2864,51,896,17000
15197,10913,51,897,17000
15198,7152,51,898,17000
15199,10914,51,899,17000
15200,5868,51,900,17000
15201,10915,51,901,17000
15202,10916,51,902,17000
15203,10120,51,903,17000
15204,10917,51,904,17000
15205,10918,51,905,17000
15206,10919,51,906,17000
15207,10920,51,907,17000
15208,6482,51,908,17000
15209,10921,51,909,17000
15210,10922,51,910,17000
15211,10923,51,911,17000
15212,10924,51,912,17000
15213,10925,51,913,17000
15214,9957,51,914,17000
15215,10926,51,915,17000
15216,10927,51,916,17000
15217,7449,51,917,17000
15218,541,51,918,17000
15219,10928,51,919,17000
15220,10929,51,920,17000
15221,10930,51,921,17000
15222,5532,51,922,17000
15223,10931,51,923,17000
15224,10932,51,924,17000
15225,2311,51,925,17000
15226,10933,51,926,17000
15227,10934,51,927,17000
15228,10935,51,928,17000
15229,10936,51,929,17000
15230,10937,51,930,17000
15231,10938,51,931,17000
15232,10939,51,932,17000
15233,10940,51,933,17000
15234,10941,51,934,17000
15235,10942,51,935,17000
15236,10943,51,936,17000
15237,10944,51,937,17000
15238,10945,51,938,17000
15239,2245,51,939,17000
15240,10946,51,940,17000
15241,10947,51,941,17000
15242,10948,51,942,17000
15243,10949,51,943,17000
15244,10950,51,945,17000
15245,5178,51,946,17000
15246,10951,51,947,17000
15247,10952,51,948,17000
15248,10953,51,949,17000
15249,6385,51,950,17000
15250,6172,51,951,17000
15251,10954,51,952,17000
15252,4025,51,953,17000
15253,796,51,954,17000
15254,10955,51,955,17000
15255,9017,51,956,17000
15256,7174,51,957,17000
15257,10956,51,958,17000
15258,10957,51,959,17000
15259,10958,51,960,17000
15260,10959,51,961,17000
15261,10960,51,962,17000
15262,10961,51,963,17000
15263,10962,51,964,17000
15264,10963,51,965,17000
15265,10964,51,966,17000
15266,7002,51,967,17000
15267,10965,51,968,17000
15268,10966,51,969,17000
15269,10967,51,970,17000
15270,10968,51,971,17000
15271,8139,51,972,17000
15272,10969,51,973,17000
15273,10970,51,974,17000
15274,10971,51,975,17000
15275,10972,51,977,17000
15276,8833,51,978,17000
15277,10973,51,979,17000
15278,10974,51,980,17000
15279,10975,51,981,17000
15280,6173,51,982,17000
15281,9034,51,983,17000
15282,10976,51,984,17000
15283,9671,51,985,17000
15284,10977,51,986,17000
15285,10978,51,987,17000
15286,10979,51,988,17000
15287,10980,51,989,17000
15288,10981,51,990,17000
15289,10982,51,991,17000
15290,9564,51,992,17000
15291,6659,51,993,17000
15292,8120,51,994,17000
15293,3992,51,995,17000
15294,5307,51,996,17000
15295,10983,51,997,17000
15296,9681,51,998,17000
15297,9212,51,999,17000
15298,10984,51,1000,17000
15299,10372,51,1001,17000
15300,10985,51,1003,17000
15301,10986,51,1004,17000
15302,10987,51,1005,17000
15303,10988,51,1006,17000
15304,4517,51,1007,17000
15305,10989,51,1008,17000
15306,10990,51,1009,17000
15307,6615,51,1010,17000
15308,10991,51,1011,17000
15309,669,51,1012,17000
15310,10992,51,1013,17000
15311,1669,51,1014,17000
15312,10993,51,1015,17000
15313,7022,51,1016,17000
15314,9296,51,1017,17000
15315,10994,51,1018,17000
15316,10995,51,1019,17000
15317,10996,51,1020,17000
15318,5738,51,1021,17000
15319,10997,51,1022,17000
15320,4016,51,1023,17000
15321,10998,51,1024,17000
15322,839,51,1025,17000
15323,10999,51,1026,17000
15324,11000,51,1027,17000
15325,11001,51,1028,17000
15326,5206,51,1029,17000
15327,7913,51,1030,17000
15328,2047,51,1031,17000
15329,11002,51,1032,17000
15330,267,51,1033,17000
15331,11003,51,1034,17000
15332,11004,51,1035,17000
15333,3548,51,1036,17000
15334,11005,51,1037,17000
15335,11006,51,1038,17000
15336,8702,51,1039,17000
15337,11007,51,1040,17000
15338,11008,51,1041,17000
15339,11009,51,1042,17000
15340,11010,51,1043,17000
15341,11011,51,1044,17000
15342,9093,51,1045,17000
15343,11012,51,1046,17000
15344,11013,51,1047,17000
15345,11014,51,1048,17000
15346,2625,51,1049,17000
15347,11015,51,1050,17000
15348,11016,51,1051,17000
15349,11017,51,1052,17000
15350,9670,51,1053,17000
15351,11018,51,1054,17000
15352,11019,51,1055,17000
15353,11020,51,1056,17000
15354,11021,51,1057,17000
15355,5946,51,1058,17000
15356,1681,51,1059,17000
15357,9254,51,1060,17000
15358,11022,51,1061,17000
15359,11023,51,1062,17000
15360,11024,51,1063,17000
15361,11025,51,1064,17000
15362,11026,51,1065,17000
15363,11027,51,1066,17000
15364,10233,51,1067,17000
15365,11028,51,1068,17000
15366,11029,51,1069,17000
15367,8316,51,1070,17000
15368,7394,51,1071,17000
15369,11030,51,1072,17000
15370,11031,51,1073,17000
15371,11032,51,1074,17000
15372,9089,51,1075,17000
15373,11033,51,1076,17000
15374,11034,51,1077,17000
15375,11035,51,1078,17000
15376,11036,51,1079,17000
15377,11037,51,1080,17000
15378,11038,51,1081,17000
15379,11039,51,1082,15000
15380,9824,51,1083,15000
15381,8480,51,1084,15000
15382,8787,51,1085,15000
15383,11040,51,1086,15000
15384,11041,51,1087,15000
15385,11042,51,1088,15000
15386,11043,51,1089,15000
15387,11044,51,1090,15000
15388,7992,51,1091,15000
15389,11045,51,1092,15000
15390,11046,51,1093,15000
15391,9770,51,1094,15000
15392,8431,51,1095,15000
15393,11047,51,1096,15000
15394,11048,51,1097,15000
15395,4958,51,1098,15000
15396,4595,51,1099,15000
15397,11049,51,1100,15000
15398,11050,51,1101,15000
15399,10032,51,1102,15000
15400,11051,51,1103,15000
15401,11052,51,1104,15000
15402,11053,51,1105,15000
15403,9832,51,1106,15000
15404,11054,51,1107,15000
15405,11055,51,1108,15000
15406,11056,51,1109,15000
15407,11057,51,1110,15000
15408,5772,51,1111,15000
15409,11058,51,1112,15000
15410,8200,51,1113,15000
15411,11059,51,1114,15000
15412,11060,51,1115,15000
15413,11061,51,1116,15000
15414,11062,51,1117,15000
15415,4028,51,1118,15000
15416,4484,51,1119,15000
15417,8648,51,1120,15000
15418,11063,51,1121,15000
15419,4789,51,1122,15000
15420,10011,51,1123,15000
15421,11064,51,1124,15000
15422,6979,51,1125,15000
15423,11065,51,1126,15000
15424,10125,51,1127,15000
15425,11066,51,1128,15000
15426,11067,51,1129,15000
15427,11068,51,1130,15000
15428,11069,51,1131,15000
15429,11070,51,1132,15000
15430,11071,51,1133,15000
15431,11072,51,1134,15000
15432,11073,51,1135,15000
15433,11074,51,1136,15000
15434,7224,51,1137,15000
15435,11075,51,1138,15000
15436,9688,51,1139,15000
15437,2675,51,1140,15000
15438,11076,51,1141,15000
15439,11077,51,1142,15000
15440,11078,51,1143,15000
15441,11079,51,1144,15000
15442,9895,51,1145,15000
15443,11080,51,1146,15000
15444,11081,51,1147,15000
15445,11082,51,1148,15000
15446,11083,51,1149,15000
15447,11084,51,1150,15000
15448,6531,51,1151,15000
15449,11085,51,1152,15000
15450,6141,51,1153,15000
15451,11086,51,1154,15000
15452,11087,51,1155,15000
15453,11088,51,1156,15000
15454,11089,51,1157,15000
15455,9852,51,1158,15000
15456,11090,51,1159,15000
15457,10042,51,1160,15000
15458,9556,51,1161,15000
15459,11091,51,1162,15000
15460,11092,51,1163,15000
15461,6358,51,1164,15000
15462,11093,51,1165,15000
15463,5095,51,1166,15000
15464,11094,51,1167,15000
15465,5052,51,1168,15000
15466,11095,51,1169,15000
15467,6398,51,1170,15000
15468,11096,51,1171,15000
15469,11097,51,1172,15000
15470,11098,51,1173,15000
15471,11099,51,1174,15000
15472,11100,51,1175,15000
15473,11101,51,1176,15000
15474,3338,51,1177,15000
15475,11102,51,1178,15000
15476,11103,51,1179,15000
15477,7850,51,1180,15000
15478,11104,51,1181,15000
15479,5185,51,1182,15000
15480,11105,51,1183,15000
15481,6993,51,1184,15000
15482,2444,51,1185,15000
15483,11106,51,1186,15000
15484,11107,51,1187,15000
15485,11108,51,1188,15000
15486,11109,51,1189,15000
15487,11110,51,1190,15000
15488,11111,51,1191,15000
15489,11112,51,1192,15000
15490,11113,51,1193,15000
15491,5741,51,1194,15000
15492,11114,51,1195,15000
15493,6959,51,1196,15000
15494,11115,51,1197,15000
15495,398,51,1198,15000
15496,11116,51,1199,15000
15497,11117,51,1200,15000
15498,11118,51,1201,15000
15499,3780,51,1202,15000
15500,10301,51,1203,15000
15501,7016,51,1204,15000
15502,11119,51,1206,15000
15503,6974,51,1207,15000
15504,11120,51,1208,15000
15505,9389,51,1209,15000
15506,11121,51,1210,15000
15507,3862,51,1211,15000
15508,9928,51,1212,15000
15509,8257,51,1213,15000
15510,11122,51,1214,15000
15511,7465,51,1215,15000
15512,11123,51,1216,15000
15513,11124,51,1217,15000
15514,11125,51,1218,15000
15515,11126,51,1219,15000
15516,11127,51,1220,15000
15517,11128,51,1221,15000
15518,11129,51,1222,15000
15519,4539,51,1223,15000
15520,11130,51,1224,15000
15521,11131,51,1225,15000
15522,11132,51,1226,15000
15523,9962,51,1227,15000
15524,11133,51,1228,15000
15525,11134,51,1229,15000
15526,8326,51,1230,15000
15527,5724,51,1231,15000
15528,11135,51,1232,15000
15529,6289,51,1233,15000
15530,6049,51,1234,15000
15531,11136,51,1235,15000
15532,11137,51,1236,15000
15533,11138,51,1237,15000
15534,4368,51,1238,15000
15535,11139,51,1239,15000
15536,11140,51,1240,15000
15537,11141,51,1241,15000
15538,4301,51,1242,15000
15539,4107,51,1243,15000
15540,7594,51,1244,15000
15541,11142,51,1245,15000
15542,11143,51,1246,15000
15543,11144,51,1247,15000
15544,11145,51,1248,15000
15545,6022,51,1249,15000
15546,7214,51,1250,15000
15547,11146,51,1251,15000
15548,11147,51,1252,15000
15549,11148,51,1253,15000
15550,11149,51,1254,15000
15551,6951,51,1255,15000
15552,10014,51,1256,15000
15553,11150,51,1257,15000
15554,11151,51,1258,15000
15555,11152,51,1259,15000
15556,11153,51,1260,15000
15557,11154,51,1261,15000
15558,11155,51,1262,15000
15559,10366,51,1263,15000
15560,11156,51,1264,15000
15561,11157,51,1265,15000
15562,4497,51,1266,15000
15563,11158,51,1267,15000
15564,8263,51,1268,15000
15565,6682,51,1269,15000
15566,11159,51,1270,15000
15567,149,51,1271,15000
15568,11160,51,1272,15000
15569,11161,51,1273,15000
15570,4554,51,1275,15000
15571,11162,51,1276,15000
15572,11163,51,1277,15000
15573,11164,51,1278,15000
15574,11165,51,1279,15000
15575,11166,51,1280,15000
15576,11167,51,1281,15000
15577,11168,51,1282,15000
15578,11169,51,1283,15000
15579,11170,51,1284,15000
15580,11171,51,1285,15000
15581,11172,51,1286,15000
15582,8410,51,1287,15000
15583,11173,51,1288,15000
15584,11174,51,1289,15000
15585,11175,51,1290,15000
15586,8910,51,1291,15000
15587,11176,51,1292,15000
15588,11177,51,1293,15000
15589,11178,51,1294,15000
15590,11179,51,1295,15000
15591,11180,51,1296,15000
15592,9749,51,1297,15000
15593,6113,51,1298,15000
15594,11181,51,1299,15000
15595,2425,51,1300,5000
15596,8275,51,1301,5000
15597,2309,51,1302,5000
15598,9858,52,1,12100000
15599,11182,52,2,6500000
15600,8467,52,3,4000000
15601,11183,52,4,3000000
15602,11184,52,5,2400000
15603,11185,52,6,1850000
15604,6180,52,7,1425000
15605,11186,52,8,1125000
15606,11187,52,9,900000
15607,11188,52,10,700000
15608,11189,52,11,700000
15609,11190,52,12,535000
15610,11191,52,13,535000
15611,10699,52,14,430200
15612,8730,52,15,430200
15613,11192,52,16,430200
15614,4138,52,17,430200
15615,11193,52,18,345000
15616,11194,52,19,345000
15617,11195,52,20,345000
15618,11196,52,21,345000
15619,11197,52,22,345000
15620,11198,52,23,345000
15621,10533,52,24,345000
15622,6763,52,25,345000
15623,6187,52,26,345000
15624,11199,52,27,280100
15625,7353,52,28,280100
15626,4213,52,29,280100
15627,11200,52,30,280100
15628,11201,52,31,280100
15629,3713,52,32,280100
15630,11202,52,33,280100
15631,11203,52,34,280100
15632,4869,52,35,280100
15633,4648,52,36,229000
15634,11204,52,37,229000
15635,11205,52,38,229000
15636,11066,52,39,229000
15637,11206,52,40,229000
15638,11207,52,41,229000
15639,11208,52,42,229000
15640,11209,52,43,229000
15641,11210,52,44,229000
15642,11211,52,45,188400
15643,7611,52,46,188400
15644,11212,52,47,188400
15645,7404,52,48,188400
15646,9767,52,49,188400
15647,11213,52,50,188400
15648,11214,52,51,188400
15649,11215,52,52,188400
15650,3529,52,53,188400
15651,4670,52,54,156100
15652,11216,52,55,156100
15653,11217,52,56,156100
15654,4120,52,57,156100
15655,6018,52,58,156100
15656,7256,52,59,156100
15657,11218,52,60,156100
15658,7406,52,61,156100
15659,11219,52,62,156100
15660,11220,52,63,130300
15661,11221,52,64,130300
15662,11222,52,65,130300
15663,1327,52,66,130300
15664,11141,52,67,130300
15665,11223,52,68,130300
15666,11224,52,69,130300
15667,11225,52,70,130300
15668,11046,52,71,130300
15669,11226,52,72,109400
15670,11227,52,73,109400
15671,11228,52,74,109400
15672,5987,52,75,109400
15673,8374,52,76,109400
15674,11229,52,77,109400
15675,11230,52,78,109400
15676,11231,52,79,109400
15677,11232,52,80,109400
15678,11233,52,81,92600
15679,11234,52,82,92600
15680,11235,52,83,92600
15681,2776,52,84,92600
15682,8781,52,85,92600
15683,3920,52,86,92600
15684,11236,52,87,92600
15685,11237,52,88,92600
15686,11238,52,89,92600
15687,11239,52,90,78900
15688,8911,52,91,78900
15689,11240,52,92,78900
15690,11241,52,93,78900
15691,8223,52,94,78900
15692,11242,52,95,78900
15693,11243,52,96,78900
15694,11244,52,97,78900
15695,11245,52,98,78900
15696,11246,52,99,67700
15697,10372,52,100,67700
15698,11247,52,101,67700
15699,11248,52,102,67700
15700,8460,52,103,67700
15701,6433,52,104,67700
15702,10144,52,105,67700
15703,11249,52,106,67700
15704,3606,52,107,67700
15705,5896,52,108,67700
15706,10713,52,109,67700
15707,4236,52,110,67700
15708,11022,52,111,67700
15709,11250,52,112,67700
15710,11251,52,113,67700
15711,11252,52,114,67700
15712,9755,52,115,67700
15713,5954,52,116,67700
15714,8869,52,117,67700
15715,10650,52,118,67700
15716,11253,52,119,67700
15717,11254,52,120,67700
15718,11255,52,121,67700
15719,11256,52,122,67700
15720,11257,52,123,67700
15721,11258,52,124,67700
15722,11259,52,125,67700
15723,8205,52,126,67700
15724,9556,52,127,67700
15725,9804,52,128,67700
15726,11260,52,129,67700
15727,11261,52,130,67700
15728,9789,52,131,67700
15729,11262,52,132,67700
15730,11263,52,133,67700
15731,11264,52,134,67700
15732,11265,52,135,67700
15733,11266,52,136,67700
15734,11267,52,137,67700
15735,11268,52,138,67700
15736,11269,52,139,67700
15737,11270,52,140,67700
15738,10967,52,141,67700
15739,11271,52,142,67700
15740,11272,52,143,67700
15741,11273,52,144,67700
15742,11274,52,145,67700
15743,11275,52,146,67700
15744,9325,52,147,67700
15745,11276,52,148,67700
15746,11277,52,149,67700
15747,11278,52,150,67700
15748,11279,52,151,67700
15749,9111,52,152,67700
15750,11280,52,153,67700
15751,9988,52,154,67700
15752,11281,52,155,67700
15753,11282,52,156,67700
15754,11283,52,157,67700
15755,11284,52,158,67700
15756,11285,52,159,67700
15757,4181,52,160,67700
15758,7983,52,161,67700
15759,11286,52,162,58500
15760,11287,52,163,58500
15761,11288,52,164,58500
15762,11289,52,165,58500
15763,11290,52,166,58500
15764,11291,52,167,58500
15765,11059,52,168,58500
15766,11292,52,169,58500
15767,2284,52,170,58500
15768,11020,52,171,58500
15769,11293,52,172,58500
15770,7517,52,173,58500
15771,11294,52,174,58500
15772,11295,52,175,58500
15773,11296,52,176,58500
15774,11297,52,177,58500
15775,10382,52,178,58500
15776,11174,52,179,58500
15777,5693,52,180,58500
15778,11298,52,181,58500
15779,6933,52,182,58500
15780,11299,52,183,58500
15781,8974,52,184,58500
15782,11300,52,185,58500
15783,11301,52,186,58500
15784,10088,52,187,58500
15785,11302,52,188,58500
15786,10302,52,189,58500
15787,10674,52,190,58500
15788,9805,52,191,58500
15789,11303,52,192,58500
15790,7306,52,193,58500
15791,5719,52,194,58500
15792,9378,52,195,58500
15793,6315,52,196,58500
15794,11304,52,197,58500
15795,1323,52,198,58500
15796,7989,52,199,58500
15797,11305,52,200,58500
15798,10716,52,201,58500
15799,11306,52,202,58500
15800,9742,52,203,58500
15801,11307,52,204,58500
15802,11308,52,205,58500
15803,11309,52,206,58500
15804,11310,52,207,58500
15805,11311,52,208,58500
15806,9773,52,209,58500
15807,11312,52,210,58500
15808,11313,52,211,58500
15809,2928,52,212,58500
15810,11314,52,213,58500
15811,11315,52,214,58500
15812,11316,52,215,58500
15813,8328,52,216,58500
15814,9001,52,217,58500
15815,11317,52,218,58500
15816,5889,52,219,58500
15817,11318,52,220,58500
15818,8476,52,221,58500
15819,10481,52,222,58500
15820,11319,52,223,58500
15821,11320,52,224,58500
15822,11321,52,225,50900
15823,11322,52,226,50900
15824,7129,52,227,50900
15825,10905,52,228,50900
15826,11323,52,229,50900
15827,11324,52,230,50900
15828,11325,52,231,50900
15829,11326,52,232,50900
15830,11327,52,233,50900
15831,5699,52,234,50900
15832,8317,52,235,50900
15833,11328,52,236,50900
15834,11329,52,237,50900
15835,11330,52,238,50900
15836,9815,52,239,50900
15837,11331,52,240,50900
15838,11332,52,241,50900
15839,11333,52,242,50900
15840,11334,52,243,50900
15841,11335,52,244,50900
15842,9900,52,245,50900
15843,11336,52,246,50900
15844,8211,52,247,50900
15845,11337,52,248,50900
15846,11338,52,249,50900
15847,8306,52,250,50900
15848,5949,52,251,50900
15849,11339,52,252,50900
15850,11340,52,253,50900
15851,11341,52,254,50900
15852,11342,52,255,50900
15853,11343,52,256,50900
15854,11344,52,257,50900
15855,6304,52,258,50900
15856,9802,52,259,50900
15857,4836,52,260,50900
15858,9070,52,261,50900
15859,11345,52,262,50900
15860,9852,52,263,50900
15861,11346,52,264,50900
15862,11347,52,265,50900
15863,11348,52,266,50900
15864,11349,52,267,50900
15865,11350,52,268,50900
15866,9973,52,269,50900
15867,11351,52,270,50900
15868,11352,52,271,50900
15869,5689,52,272,50900
15870,11353,52,273,50900
15871,11354,52,274,50900
15872,7972,52,275,50900
15873,11355,52,276,50900
15874,7790,52,277,50900
15875,9315,52,278,50900
15876,11356,52,279,50900
15877,11357,52,280,50900
15878,7835,52,281,50900
15879,11358,52,282,50900
15880,11359,52,283,50900
15881,9048,52,284,50900
15882,11360,52,285,50900
15883,9281,52,286,50900
15884,11361,52,287,50900
15885,3863,52,288,44700
15886,8015,52,289,44700
15887,11362,52,290,44700
15888,5386,52,291,44700
15889,11363,52,292,44700
15890,11364,52,293,44700
15891,10675,52,294,44700
15892,11365,52,295,44700
15893,11366,52,296,44700
15894,11367,52,297,44700
15895,11368,52,298,44700
15896,6632,52,299,44700
15897,11369,52,300,44700
15898,4781,52,301,44700
15899,11370,52,302,44700
15900,11371,52,303,44700
15901,11372,52,304,44700
15902,11025,52,305,44700
15903,11373,52,306,44700
15904,6479,52,307,44700
15905,11374,52,308,44700
15906,11375,52,309,44700
15907,11376,52,310,44700
15908,11377,52,311,44700
15909,6264,52,312,44700
15910,11378,52,313,44700
15911,11379,52,314,44700
15912,11380,52,315,44700
15913,11381,52,316,44700
15914,11382,52,317,44700
15915,11383,52,318,44700
15916,4539,52,319,44700
15917,11384,52,320,44700
15918,11385,52,321,44700
15919,8068,52,322,44700
15920,6851,52,323,44700
15921,9570,52,324,44700
15922,4974,52,325,44700
15923,10474,52,326,44700
15924,11386,52,327,44700
15925,11387,52,328,44700
15926,9124,52,329,44700
15927,11388,52,330,44700
15928,11389,52,331,44700
15929,11390,52,332,44700
15930,11391,52,333,44700
15931,10592,52,334,44700
15932,9057,52,335,44700
15933,11392,52,336,44700
15934,10482,52,337,44700
15935,11393,52,338,44700
15936,6022,52,339,44700
15937,11394,52,340,44700
15938,11395,52,341,44700
15939,7962,52,342,44700
15940,10978,52,343,44700
15941,11396,52,344,44700
15942,11397,52,345,44700
15943,11398,52,346,44700
15944,11399,52,347,44700
15945,11400,52,348,44700
15946,9860,52,349,44700
15947,10475,52,350,44700
15948,11401,52,351,40000
15949,11402,52,352,40000
15950,10402,52,353,40000
15951,4218,52,354,40000
15952,11403,52,355,40000
15953,11039,52,356,40000
15954,11404,52,357,40000
15955,11405,52,358,40000
15956,11406,52,359,40000
15957,11407,52,360,40000
15958,11408,52,361,40000
15959,11409,52,362,40000
15960,11410,52,363,40000
15961,5523,52,364,40000
15962,11411,52,365,40000
15963,11412,52,366,40000
15964,3715,52,367,40000
15965,7929,52,368,40000
15966,11413,52,369,40000
15967,4178,52,370,40000
15968,11414,52,371,40000
15969,11415,52,372,40000
15970,8636,52,373,40000
15971,11416,52,374,40000
15972,11417,52,375,40000
15973,11418,52,376,40000
15974,4777,52,377,40000
15975,11419,52,378,40000
15976,11420,52,379,40000
15977,8191,52,380,40000
15978,11421,52,381,40000
15979,11422,52,382,40000
15980,11423,52,383,40000
15981,11424,52,384,40000
15982,11425,52,385,40000
15983,10423,52,386,40000
15984,11426,52,387,40000
15985,6888,52,388,40000
15986,11427,52,389,40000
15987,11428,52,390,40000
15988,11429,52,391,40000
15989,11430,52,392,40000
15990,9658,52,393,40000
15991,10595,52,394,40000
15992,11431,52,395,40000
15993,11432,52,396,40000
15994,6137,52,397,40000
15995,8997,52,398,40000
15996,11433,52,399,40000
15997,11434,52,400,40000
15998,11435,52,401,40000
15999,639,52,402,40000
16000,398,52,403,40000
16001,11436,52,404,40000
16002,10861,52,405,40000
16003,11437,52,406,40000
16004,11438,52,407,40000
16005,10400,52,408,40000
16006,4034,52,409,40000
16007,11439,52,410,40000
16008,11440,52,411,40000
16009,11441,52,412,40000
16010,11442,52,413,40000
16011,3673,52,414,37500
16012,11443,52,415,37500
16013,11444,52,416,37500
16014,10535,52,417,37500
16015,11445,52,418,37500
16016,11446,52,419,37500
16017,7545,52,420,37500
16018,11447,52,421,37500
16019,11448,52,422,37500
16020,7146,52,423,37500
16021,11449,52,424,37500
16022,11450,52,425,37500
16023,11451,52,426,37500
16024,11452,52,427,37500
16025,7547,52,428,37500
16026,9726,52,429,37500
16027,11453,52,430,37500
16028,11454,52,431,37500
16029,10176,52,432,37500
16030,7344,52,433,37500
16031,11455,52,434,37500
16032,11456,52,435,37500
16033,11457,52,436,37500
16034,11458,52,437,37500
16035,8249,52,438,37500
16036,11459,52,439,37500
16037,4642,52,440,37500
16038,11460,52,441,37500
16039,11058,52,442,37500
16040,11461,52,443,37500
16041,11462,52,444,37500
16042,10023,52,445,37500
16043,11463,52,446,37500
16044,11464,52,447,37500
16045,10652,52,448,37500
16046,11465,52,449,37500
16047,11466,52,450,37500
16048,11467,52,451,37500
16049,4394,52,452,37500
16050,11468,52,453,37500
16051,11469,52,454,37500
16052,11470,52,455,37500
16053,6914,52,456,37500
16054,11471,52,457,37500
16055,7917,52,458,37500
16056,11472,52,459,37500
16057,416,52,460,37500
16058,3680,52,461,37500
16059,11473,52,462,37500
16060,11474,52,463,37500
16061,10566,52,464,37500
16062,11475,52,465,37500
16063,7735,52,466,37500
16064,11476,52,467,37500
16065,6715,52,468,37500
16066,4484,52,469,37500
16067,2775,52,470,37500
16068,11477,52,471,37500
16069,7933,52,472,37500
16070,8637,52,473,37500
16071,11478,52,474,37500
16072,11479,52,475,37500
16073,11480,52,476,37500
16074,11481,52,477,35000
16075,11482,52,478,35000
16076,11483,52,479,35000
16077,6250,52,480,35000
16078,9065,52,481,35000
16079,10226,52,482,35000
16080,11484,52,483,35000
16081,11485,52,484,35000
16082,11486,52,485,35000
16083,11487,52,486,35000
16084,11488,52,487,35000
16085,11489,52,488,35000
16086,9033,52,489,35000
16087,6205,52,490,35000
16088,11490,52,491,35000
16089,11491,52,492,35000
16090,11492,52,493,35000
16091,10391,52,494,35000
16092,11493,52,495,35000
16093,11494,52,496,35000
16094,11495,52,497,35000
16095,2982,52,498,35000
16096,10418,52,499,35000
16097,11496,52,500,35000
16098,11497,52,501,35000
16099,2463,52,502,35000
16100,8495,52,503,35000
16101,11498,52,504,35000
16102,9788,52,505,35000
16103,2523,52,506,35000
16104,10490,52,507,35000
16105,10315,52,508,35000
16106,11499,52,509,35000
16107,11500,52,510,35000
16108,11501,52,511,35000
16109,5218,52,512,35000
16110,3117,52,513,35000
16111,11502,52,514,35000
16112,11503,52,515,35000
16113,11504,52,516,35000
16114,6804,52,517,35000
16115,11505,52,518,35000
16116,10759,52,519,35000
16117,11506,52,520,35000
16118,11507,52,521,35000
16119,11508,52,522,35000
16120,8667,52,523,35000
16121,11509,52,524,35000
16122,11510,52,525,35000
16123,11511,52,526,35000
16124,1768,52,527,35000
16125,11512,52,528,35000
16126,10087,52,529,35000
16127,5852,52,530,35000
16128,11513,52,531,35000
16129,11514,52,532,35000
16130,11515,52,533,35000
16131,11516,52,534,35000
16132,11517,52,535,35000
16133,11518,52,536,35000
16134,11519,52,537,35000
16135,11520,52,538,35000
16136,11521,52,539,35000
16137,7356,52,540,32500
16138,9850,52,541,32500
16139,10444,52,542,32500
16140,11522,52,543,32500
16141,11523,52,544,32500
16142,6846,52,545,32500
16143,7257,52,546,32500
16144,11524,52,547,32500
16145,11525,52,548,32500
16146,11526,52,549,32500
16147,11527,52,550,32500
16148,4659,52,551,32500
16149,11528,52,552,32500
16150,11529,52,553,32500
16151,11530,52,554,32500
16152,11531,52,555,32500
16153,11532,52,556,32500
16154,10354,52,557,32500
16155,9991,52,558,32500
16156,10508,52,559,32500
16157,11533,52,560,32500
16158,11534,52,561,32500
16159,11535,52,562,32500
16160,6812,52,563,32500
16161,11536,52,564,32500
16162,11537,52,565,32500
16163,11538,52,566,32500
16164,11010,52,567,32500
16165,3596,52,568,32500
16166,11539,52,569,32500
16167,11540,52,570,32500
16168,5371,52,571,32500
16169,11541,52,572,32500
16170,2315,52,573,32500
16171,11542,52,574,32500
16172,11543,52,575,32500
16173,11544,52,576,32500
16174,11545,52,577,32500
16175,11546,52,578,32500
16176,11547,52,579,32500
16177,11548,52,580,32500
16178,11549,52,581,32500
16179,11550,52,582,32500
16180,11551,52,583,32500
16181,11552,52,584,32500
16182,11553,52,585,32500
16183,11554,52,586,32500
16184,4010,52,587,32500
16185,10376,52,588,32500
16186,11555,52,589,32500
16187,11556,52,590,32500
16188,4742,52,591,32500
16189,10434,52,592,32500
16190,4873,52,593,32500
16191,10261,52,594,32500
16192,9239,52,595,32500
16193,842,52,596,32500
16194,6684,52,597,32500
16195,6502,52,598,32500
16196,11557,52,599,32500
16197,11558,52,600,32500
16198,11559,52,601,32500
16199,11560,52,602,32500
16200,11561,52,603,30000
16201,7985,52,604,30000
16202,11562,52,605,30000
16203,5513,52,606,30000
16204,11563,52,607,30000
16205,11564,52,608,30000
16206,3830,52,609,30000
16207,11565,52,610,30000
16208,11566,52,611,30000
16209,2670,52,612,30000
16210,10307,52,613,30000
16211,11567,52,614,30000
16212,11568,52,615,30000
16213,11569,52,616,30000
16214,6527,52,617,30000
16215,11570,52,618,30000
16216,9812,52,619,30000
16217,11571,52,620,30000
16218,7535,52,621,30000
16219,11572,52,622,30000
16220,8255,52,623,30000
16221,11573,52,624,30000
16222,10776,52,625,30000
16223,11574,52,626,30000
16224,5429,52,627,30000
16225,11575,52,628,30000
16226,11576,52,629,30000
16227,11577,52,630,30000
16228,1842,52,631,30000
16229,11578,52,632,30000
16230,11579,52,633,30000
16231,5750,52,634,30000
16232,11580,52,635,30000
16233,6594,52,636,30000
16234,11581,52,637,30000
16235,5664,52,638,30000
16236,11582,52,639,30000
16237,11583,52,640,30000
16238,11584,52,641,30000
16239,11585,52,642,30000
16240,11586,52,643,30000
16241,11587,52,644,30000
16242,7271,52,645,30000
16243,11588,52,646,30000
16244,10742,52,647,30000
16245,6876,52,648,30000
16246,11589,52,649,30000
16247,5435,52,650,30000
16248,11590,52,651,30000
16249,11591,52,652,30000
16250,2080,52,653,30000
16251,11592,52,654,30000
16252,11593,52,655,30000
16253,10868,52,656,30000
16254,11594,52,657,30000
16255,11595,52,658,30000
16256,11596,52,659,30000
16257,11597,52,660,30000
16258,11598,52,661,30000
16259,11599,52,662,30000
16260,11600,52,663,30000
16261,2840,52,664,30000
16262,11601,52,665,30000
16263,8919,52,666,27500
16264,11602,52,667,27500
16265,7371,52,668,27500
16266,5492,52,669,27500
16267,7920,52,670,27500
16268,11603,52,671,27500
16269,11604,52,672,27500
16270,11605,52,673,27500
16271,4592,52,674,27500
16272,11606,52,675,27500
16273,320,52,676,27500
16274,11607,52,677,27500
16275,11608,52,678,27500
16276,3082,52,679,27500
16277,11609,52,680,27500
16278,11610,52,681,27500
16279,11611,52,682,27500
16280,11612,52,683,27500
16281,11613,52,684,27500
16282,10485,52,685,27500
16283,11614,52,686,27500
16284,11615,52,687,27500
16285,9498,52,688,27500
16286,11616,52,689,27500
16287,11617,52,690,27500
16288,2772,52,691,27500
16289,11618,52,692,27500
16290,9401,52,693,27500
16291,11619,52,694,27500
16292,6439,52,695,27500
16293,11620,52,696,27500
16294,11621,52,697,27500
16295,11622,52,698,27500
16296,11623,52,699,27500
16297,8046,52,700,27500
16298,839,52,701,27500
16299,11624,52,702,27500
16300,3236,52,703,27500
16301,11625,52,704,27500
16302,11626,52,705,27500
16303,11627,52,706,27500
16304,11006,52,707,27500
16305,11628,52,708,27500
16306,7602,52,709,27500
16307,11629,52,710,27500
16308,11630,52,711,27500
16309,11631,52,712,27500
16310,6789,52,713,27500
16311,11632,52,714,27500
16312,11633,52,715,27500
16313,4734,52,716,27500
16314,10044,52,717,27500
16315,11634,52,718,27500
16316,7831,52,719,27500
16317,11635,52,720,27500
16318,11636,52,721,27500
16319,11637,52,722,27500
16320,3862,52,723,27500
16321,11638,52,724,27500
16322,11639,52,725,27500
16323,9824,52,726,27500
16324,11640,52,727,27500
16325,11641,52,728,27500
16326,11642,52,729,27500
16327,11643,52,730,27500
16328,5856,52,731,27500
16329,9734,52,732,27500
16330,8865,52,733,27500
16331,11644,52,734,27500
16332,11645,52,735,27500
16333,11646,52,736,27500
16334,6046,52,737,27500
16335,10883,52,738,27500
16336,10681,52,739,27500
16337,6335,52,740,27500
16338,11647,52,741,27500
16339,11648,52,742,27500
16340,11649,52,743,27500
16341,8525,52,744,27500
16342,11650,52,745,27500
16343,3296,52,746,27500
16344,11651,52,747,27500
16345,10689,52,748,27500
16346,6159,52,749,27500
16347,11652,52,750,27500
16348,11653,52,751,27500
16349,11654,52,752,27500
16350,8272,52,753,27500
16351,597,52,754,27500
16352,11655,52,755,27500
16353,11656,52,756,27500
16354,11657,52,757,27500
16355,10412,52,758,27500
16356,7789,52,759,27500
16357,11658,52,760,27500
16358,11659,52,761,27500
16359,7346,52,762,27500
16360,11660,52,763,27500
16361,11661,52,764,27500
16362,11662,52,765,25000
16363,6931,52,766,25000
16364,11663,52,767,25000
16365,11664,52,768,25000
16366,10002,52,769,25000
16367,10741,52,770,25000
16368,11665,52,771,25000
16369,11666,52,772,25000
16370,11667,52,773,25000
16371,11668,52,774,25000
16372,10899,52,775,25000
16373,11669,52,776,25000
16374,11670,52,777,25000
16375,7527,52,778,25000
16376,4212,52,779,25000
16377,11671,52,780,25000
16378,11672,52,781,25000
16379,7526,52,782,25000
16380,11673,52,783,25000
16381,11674,52,784,25000
16382,9410,52,785,25000
16383,11675,52,786,25000
16384,11676,52,787,25000
16385,11677,52,788,25000
16386,673,52,789,25000
16387,11678,52,790,25000
16388,4310,52,791,25000
16389,11679,52,792,25000
16390,1931,52,793,25000
16391,11680,52,794,25000
16392,11681,52,795,25000
16393,11682,52,796,25000
16394,10769,52,797,25000
16395,11683,52,798,25000
16396,8453,52,799,25000
16397,11684,52,800,25000
16398,4707,52,801,25000
16399,11685,52,802,25000
16400,10730,52,803,25000
16401,11686,52,804,25000
16402,11687,52,805,25000
16403,10056,52,806,25000
16404,3194,52,807,25000
16405,7624,52,808,25000
16406,11688,52,809,25000
16407,8009,52,810,25000
16408,11689,52,811,25000
16409,11690,52,812,25000
16410,11691,52,813,25000
16411,11692,52,814,25000
16412,11693,52,815,25000
16413,5766,52,816,25000
16414,11694,52,817,25000
16415,10239,52,818,25000
16416,11695,52,819,25000
16417,11696,52,820,25000
16418,11697,52,821,25000
16419,11698,52,822,25000
16420,9128,52,823,25000
16421,11699,52,824,25000
16422,5603,52,825,25000
16423,8063,52,826,25000
16424,11700,52,827,25000
16425,11701,52,828,25000
16426,11702,52,829,25000
16427,8200,52,830,25000
16428,8210,52,831,25000
16429,11703,52,832,25000
16430,11704,52,833,25000
16431,11705,52,834,25000
16432,11706,52,835,25000
16433,10346,52,836,25000
16434,11707,52,837,25000
16435,11708,52,838,25000
16436,11709,52,839,25000
16437,11710,52,840,25000
16438,7027,52,841,25000
16439,11711,52,842,25000
16440,10854,52,843,25000
16441,11712,52,844,25000
16442,5393,52,845,25000
16443,11713,52,846,25000
16444,5530,52,847,25000
16445,11714,52,848,25000
16446,10706,52,849,25000
16447,5816,52,850,25000
16448,11715,52,851,25000
16449,11716,52,852,25000
16450,11717,52,853,25000
16451,10808,52,854,25000
16452,7885,52,855,25000
16453,11718,52,856,25000
16454,11719,52,857,25000
16455,11720,52,858,25000
16456,3364,52,859,25000
16457,8127,52,860,25000
16458,11721,52,861,25000
16459,11722,52,862,25000
16460,11723,52,863,25000
16461,11724,52,864,22500
16462,11725,52,865,22500
16463,8098,52,866,22500
16464,11726,52,867,22500
16465,9582,52,868,22500
16466,5828,52,869,22500
16467,1378,52,870,22500
16468,11727,52,871,22500
16469,8626,52,872,22500
16470,8626,52,873,22500
16471,11728,52,874,22500
16472,5573,52,875,22500
16473,11729,52,876,22500
16474,11730,52,877,22500
16475,11731,52,878,22500
16476,11094,52,879,22500
16477,9206,52,880,22500
16478,6873,52,881,22500
16479,11732,52,882,22500
16480,11733,52,883,22500
16481,11734,52,884,22500
16482,11735,52,885,22500
16483,11736,52,886,22500
16484,11737,52,887,22500
16485,5794,52,888,22500
16486,6565,52,889,22500
16487,904,52,890,22500
16488,11738,52,891,22500
16489,11739,52,892,22500
16490,6909,52,893,22500
16491,11740,52,894,22500
16492,3229,52,895,22500
16493,8990,52,896,22500
16494,11741,52,897,22500
16495,11742,52,898,22500
16496,11743,52,899,22500
16497,11744,52,900,22500
16498,11745,52,901,22500
16499,11746,52,902,22500
16500,11747,52,903,22500
16501,11748,52,904,22500
16502,11749,52,905,22500
16503,11750,52,906,22500
16504,11751,52,907,22500
16505,11752,52,908,22500
16506,2874,52,909,22500
16507,11753,52,910,22500
16508,8388,52,911,22500
16509,11754,52,912,22500
16510,5990,52,913,22500
16511,11755,52,914,22500
16512,11756,52,915,22500
16513,11757,52,916,22500
16514,11758,52,917,22500
16515,11759,52,918,22500
16516,3787,52,919,22500
16517,11760,52,920,22500
16518,10723,52,921,22500
16519,11761,52,922,22500
16520,10158,52,923,22500
16521,11762,52,924,22500
16522,5956,52,925,22500
16523,11763,52,926,22500
16524,11764,52,927,22500
16525,10695,52,928,22500
16526,6376,52,929,22500
16527,10363,52,930,22500
16528,11765,52,931,22500
16529,10977,52,932,22500
16530,11766,52,933,22500
16531,11767,52,934,22500
16532,6403,52,935,22500
16533,11768,52,936,22500
16534,11769,52,937,22500
16535,11770,52,938,22500
16536,9270,52,939,22500
16537,3893,52,940,22500
16538,11771,52,941,22500
16539,11772,52,942,22500
16540,11773,52,943,22500
16541,5768,52,944,22500
16542,10805,52,945,22500
16543,11774,52,946,22500
16544,11775,52,947,22500
16545,11776,52,948,22500
16546,11777,52,949,22500
16547,5777,52,950,22500
16548,7423,52,951,22500
16549,10743,52,952,22500
16550,11778,52,953,22500
16551,3978,52,954,22500
16552,5496,52,955,22500
16553,11779,52,956,22500
16554,8682,52,957,22500
16555,11780,52,958,22500
16556,9839,52,959,22500
16557,11781,52,960,22500
16558,11782,52,961,22500
16559,8078,52,962,22500
16560,11783,52,963,20000
16561,10583,52,964,20000
16562,11784,52,965,20000
16563,6559,52,966,20000
16564,11785,52,967,20000
16565,11786,52,968,20000
16566,11787,52,969,20000
16567,11788,52,970,20000
16568,11789,52,971,20000
16569,11790,52,972,20000
16570,11791,52,973,20000
16571,11792,52,974,20000
16572,9370,52,975,20000
16573,11793,52,976,20000
16574,828,52,977,20000
16575,11794,52,978,20000
16576,11795,52,979,20000
16577,4028,52,980,20000
16578,11796,52,981,20000
16579,11797,52,982,20000
16580,11798,52,983,20000
16581,10118,52,984,20000
16582,11799,52,985,20000
16583,11800,52,986,20000
16584,11801,52,987,20000
16585,2183,52,988,20000
16586,11802,52,989,20000
16587,11803,52,990,20000
16588,7769,52,991,20000
16589,8797,52,992,20000
16590,11804,52,993,20000
16591,11805,52,994,20000
16592,11806,52,995,20000
16593,2323,52,996,20000
16594,11807,52,997,20000
16595,11808,52,998,20000
16596,10510,52,999,20000
16597,11809,52,1000,20000
16598,8980,52,1001,20000
16599,11810,52,1002,20000
16600,11811,52,1003,20000
16601,11812,52,1004,20000
16602,11813,52,1005,17500
16603,5187,52,1006,17500
16604,11814,52,1007,17500
16605,11815,52,1008,17500
16606,11816,52,1009,17500
16607,5329,52,1010,17500
16608,11817,52,1011,17500
16609,6134,52,1012,17500
16610,8536,52,1013,17500
16611,10150,52,1014,17500
16612,7144,52,1015,17500
16613,11818,52,1016,17500
16614,9042,52,1017,17500
16615,11819,52,1018,17500
16616,11820,52,1019,17500
16617,11821,52,1020,17500
16618,8984,52,1021,17500
16619,8142,52,1022,17500
16620,8707,52,1023,17500
16621,11822,52,1024,17500
16622,11148,52,1025,17500
16623,8238,52,1026,17500
16624,6596,52,1027,17500
16625,11823,52,1028,17500
16626,11824,52,1029,17500
16627,11825,52,1030,17500
16628,11826,52,1031,17500
16629,11827,52,1032,17500
16630,11828,52,1033,17500
16631,3132,52,1034,17500
16632,7698,52,1035,17500
16633,11829,52,1036,17500
16634,11830,52,1037,17500
16635,11831,52,1038,17500
16636,11832,52,1039,17500
16637,11833,52,1040,17500
16638,11834,52,1041,17500
16639,11835,52,1042,17500
16640,10208,52,1043,17500
16641,7394,52,1044,17500
16642,11836,52,1045,17500
16643,11837,52,1046,17500
16644,6067,52,1047,17500
16645,10820,52,1048,17500
16646,11838,52,1049,17500
16647,11839,52,1050,17500
16648,11840,52,1051,17500
16649,3505,52,1052,17500
16650,5026,52,1053,17500
16651,2106,52,1054,17500
16652,11841,52,1055,17500
16653,11842,52,1056,17500
16654,8256,52,1057,17500
16655,11843,52,1058,17500
16656,2751,52,1059,17500
16657,11844,52,1060,17500
16658,11845,52,1061,17500
16659,11846,52,1062,17500
16660,7554,52,1063,17500
16661,11847,52,1064,17500
16662,11848,52,1065,17500
16663,11849,52,1066,17500
16664,81,52,1067,17500
16665,11850,52,1068,17500
16666,11851,52,1069,17500
16667,11852,52,1070,17500
16668,11853,52,1071,17500
16669,11854,52,1072,17500
16670,6270,52,1073,17500
16671,4641,52,1074,17500
16672,11855,52,1075,17500
16673,11856,52,1076,17500
16674,11857,52,1077,17500
16675,7582,52,1078,17500
16676,11858,52,1079,17500
16677,11105,52,1080,17500
16678,11859,52,1081,17500
16679,1145,52,1082,17500
16680,11860,52,1083,17500
16681,5364,52,1084,17500
16682,11861,52,1085,17500
16683,10514,52,1086,17500
16684,11862,52,1087,17500
16685,8936,52,1088,17500
16686,11863,52,1089,17500
16687,11864,52,1090,17500
16688,4481,52,1091,17500
16689,11865,52,1092,17500
16690,8449,52,1093,17500
16691,11866,52,1094,17500
16692,11867,52,1095,17500
16693,10827,52,1096,17500
16694,7092,52,1097,17500
16695,11868,52,1098,17500
16696,5572,52,1099,17500
16697,6616,52,1100,17500
16698,11869,52,1101,17500
16699,11870,52,1102,17500
16700,11871,52,1103,17500
16701,11872,52,1104,17500
16702,11873,52,1105,17500
16703,11874,52,1106,17500
16704,11875,52,1107,17500
16705,11876,52,1108,17500
16706,11877,52,1109,17500
16707,11878,52,1110,17500
16708,11879,52,1111,17500
16709,11880,52,1112,17500
16710,11881,52,1113,17500
16711,5003,52,1114,17500
16712,1034,52,1115,17500
16713,11882,52,1116,17500
16714,9984,52,1117,17500
16715,11883,52,1118,17500
16716,11884,52,1119,17500
16717,10504,52,1120,17500
16718,2858,52,1121,17500
16719,11885,52,1122,17500
16720,11886,52,1123,17500
16721,4674,52,1124,17500
16722,11887,52,1125,17500
16723,9084,52,1126,17500
16724,11888,52,1127,17500
16725,8291,52,1128,17500
16726,11889,52,1129,17500
16727,5338,52,1130,17500
16728,11890,52,1131,17500
16729,11891,52,1132,17500
16730,11892,52,1133,17500
16731,7051,52,1134,17500
16732,11893,52,1135,17500
16733,1985,52,1136,17500
16734,11894,52,1137,17500
16735,11895,52,1138,17500
16736,11896,52,1139,17500
16737,11897,52,1140,17500
16738,11898,52,1141,17500
16739,185,52,1142,17500
16740,11899,52,1143,17500
16741,11900,52,1144,17500
16742,11901,52,1145,17500
16743,11902,52,1146,17500
16744,11903,52,1147,17500
16745,3542,52,1148,17500
16746,6501,52,1149,17500
16747,10892,52,1150,17500
16748,3188,52,1151,17500
16749,11904,52,1152,17500
16750,10737,52,1153,17500
16751,5532,52,1154,17500
16752,7930,52,1155,17500
16753,11905,52,1156,17500
16754,6189,52,1157,17500
16755,4569,52,1158,17500
16756,10124,52,1159,17500
16757,11906,52,1160,17500
16758,11907,52,1161,17500
16759,11908,52,1162,17500
16760,11909,52,1163,17500
16761,7351,52,1164,17500
16762,11910,52,1165,17500
16763,11911,52,1166,17500
16764,11912,52,1167,17500
16765,11913,52,1168,17500
16766,10997,52,1169,17500
16767,5969,52,1170,17500
16768,9558,52,1171,17500
16769,36,52,1172,17500
16770,11914,52,1173,17500
16771,11915,52,1174,17500
16772,5629,52,1175,17500
16773,11916,52,1176,17500
16774,9416,52,1177,17500
16775,4256,52,1178,17500
16776,11917,52,1179,17500
16777,11918,52,1180,17500
16778,11919,52,1181,17500
16779,11920,52,1182,17500
16780,11921,52,1183,17500
16781,11018,52,1184,17500
16782,11922,52,1185,17500
16783,11923,52,1186,17500
16784,11924,52,1187,17500
16785,5487,52,1188,17500
16786,11925,52,1189,17500
16787,11926,52,1190,17500
16788,11927,52,1191,17500
16789,11928,52,1192,17500
16790,11929,52,1193,17500
16791,11930,52,1194,17500
16792,10366,52,1195,17500
16793,11931,52,1196,17500
16794,11932,52,1197,17500
16795,11933,52,1198,17500
16796,11934,52,1199,17500
16797,11935,52,1200,17500
16798,8591,52,1201,17500
16799,11936,52,1202,17500
16800,8661,52,1203,17500
16801,11937,52,1204,17500
16802,11938,52,1205,17500
16803,11939,52,1206,17500
16804,11940,52,1207,17500
16805,4755,52,1208,17500
16806,11941,52,1209,17500
16807,11942,52,1210,17500
16808,11943,52,1211,17500
16809,11944,52,1212,17500
16810,11945,52,1213,17500
16811,11946,52,1214,17500
16812,11947,52,1215,17500
16813,9746,52,1216,17500
16814,6523,52,1217,17500
16815,2649,52,1218,17500
16816,11948,52,1219,17500
16817,11949,52,1220,17500
16818,6448,52,1221,17500
16819,11950,52,1222,17500
16820,9830,52,1223,17500
16821,11951,52,1224,17500
16822,11952,52,1225,17500
16823,11953,52,1226,17500
16824,11954,52,1227,17500
16825,11955,52,1228,17500
16826,2869,52,1229,17500
16827,11956,52,1230,17500
16828,11957,52,1231,17500
16829,6424,52,1232,17500
16830,7931,52,1233,17500
16831,10721,52,1234,17500
16832,11958,52,1235,17500
16833,11959,52,1236,17500
16834,11960,52,1237,17500
16835,11961,52,1238,17500
16836,11962,52,1239,17500
16837,11963,52,1240,17500
16838,11964,52,1241,17500
16839,11965,52,1242,17500
16840,11966,52,1243,17500
16841,5050,52,1244,17500
16842,11115,52,1245,17500
16843,11967,52,1246,17500
16844,11968,52,1247,17500
16845,11969,52,1248,17500
16846,11970,52,1249,17500
16847,3310,52,1250,15000
16848,11971,52,1251,15000
16849,11972,52,1252,15000
16850,11973,52,1253,15000
16851,11974,52,1254,15000
16852,11975,52,1255,15000
16853,11976,52,1256,15000
16854,11977,52,1257,15000
16855,11978,52,1258,15000
16856,11979,52,1259,15000
16857,11980,52,1260,15000
16858,7837,52,1261,15000
16859,11981,52,1262,15000
16860,11982,52,1263,15000
16861,6579,52,1264,15000
16862,11983,52,1265,15000
16863,7245,52,1266,15000
16864,11984,52,1267,15000
16865,11985,52,1268,15000
16866,11986,52,1269,15000
16867,11987,52,1270,15000
16868,11988,52,1271,15000
16869,11989,52,1272,15000
16870,9116,52,1273,15000
16871,11990,52,1274,15000
16872,11991,52,1275,15000
16873,11992,52,1276,15000
16874,11993,52,1277,15000
16875,11994,52,1278,15000
16876,11995,52,1279,15000
16877,11996,52,1280,15000
16878,5104,52,1281,15000
16879,11997,52,1282,15000
16880,11998,52,1283,15000
16881,11999,52,1284,15000
16882,12000,52,1285,15000
16883,12001,52,1286,15000
16884,12002,52,1287,15000
16885,4591,52,1288,15000
16886,12003,52,1289,15000
16887,9519,52,1290,15000
16888,12004,52,1291,15000
16889,12005,52,1292,15000
16890,12006,52,1293,15000
16891,12007,52,1294,15000
16892,12008,52,1295,15000
16893,12009,52,1296,15000
16894,8767,52,1297,15000
16895,9465,52,1298,15000
16896,12010,52,1299,15000
16897,12011,52,1300,15000
16898,10679,52,1301,15000
16899,12012,52,1302,15000
16900,12013,52,1303,15000
16901,12014,52,1304,15000
16902,12015,52,1305,15000
16903,12016,52,1306,15000
16904,10764,52,1307,15000
16905,7578,52,1308,15000
16906,12017,52,1309,15000
16907,9319,52,1310,15000
16908,12018,52,1311,15000
16909,10809,52,1312,15000
16910,12019,52,1313,15000
16911,2257,52,1314,15000
16912,12020,52,1315,15000
16913,12021,52,1316,15000
16914,7338,52,1317,15000
16915,12022,52,1318,15000
16916,12023,52,1319,15000
16917,12024,52,1320,15000
16918,12025,52,1321,15000
16919,8370,52,1322,15000
16920,5725,52,1323,15000
16921,12026,52,1324,15000
16922,12027,52,1325,15000
16923,12028,52,1326,15000
16924,12029,52,1327,15000
16925,9888,52,1328,15000
16926,8414,52,1329,15000
16927,7303,52,1330,15000
16928,12030,52,1331,15000
16929,12031,52,1332,15000
16930,12032,52,1333,15000
16931,7310,52,1334,15000
16932,12033,52,1335,15000
16933,8057,52,1336,15000
16934,12034,52,1337,15000
16935,12035,52,1338,15000
16936,12036,52,1339,15000
16937,4204,52,1340,15000
16938,12037,52,1341,15000
16939,6172,52,1342,15000
16940,12038,52,1343,15000
16941,8139,52,1344,15000
16942,12039,52,1345,15000
16943,5752,52,1346,15000
16944,9259,52,1347,15000
16945,12040,52,1348,15000
16946,10495,52,1349,15000
16947,12041,52,1350,15000
16948,8629,52,1351,15000
16949,12042,52,1352,15000
16950,5534,52,1353,15000
16951,12043,52,1354,15000
16952,8059,52,1355,15000
16953,9505,52,1356,15000
16954,8524,52,1357,15000
16955,3026,52,1358,15000
16956,12044,52,1359,15000
16957,12045,52,1360,15000
16958,12046,52,1361,15000
16959,9765,52,1362,15000
16960,5653,52,1363,15000
16961,12047,52,1364,15000
16962,12048,52,1365,15000
16963,12049,52,1366,15000
16964,12050,52,1367,15000
16965,12051,52,1368,15000
16966,12052,52,1369,15000
16967,12053,52,1370,15000
16968,12054,52,1371,15000
16969,12055,52,1372,15000
16970,12056,52,1373,15000
16971,10501,52,1374,15000
16972,12057,52,1375,15000
16973,12058,52,1376,15000
16974,12059,52,1377,15000
16975,11052,52,1378,15000
16976,12060,52,1379,15000
16977,12061,52,1380,15000
16978,9144,52,1381,15000
16979,5712,52,1382,15000
16980,12062,52,1383,15000
16981,12063,52,1384,15000
16982,12064,52,1385,15000
16983,12065,52,1386,15000
16984,12066,52,1387,15000
16985,12067,52,1388,15000
16986,8250,52,1389,15000
16987,12068,52,1390,15000
16988,12069,52,1391,15000
16989,2168,52,1392,15000
16990,12070,52,1393,15000
16991,12071,52,1394,15000
16992,4085,52,1395,15000
16993,6682,52,1396,15000
16994,8840,52,1397,15000
16995,12072,52,1398,15000
16996,12073,52,1399,15000
16997,7186,52,1400,15000
16998,12074,52,1401,15000
16999,5347,52,1402,15000
17000,12075,52,1403,15000
17001,12076,52,1404,15000
17002,10085,52,1405,15000
17003,3663,52,1406,15000
17004,12077,52,1407,15000
17005,12078,52,1408,15000
17006,12079,52,1409,15000
17007,12080,52,1410,15000
17008,12081,52,1411,15000
17009,12082,52,1412,15000
17010,12083,52,1413,15000
17011,12084,52,1414,15000
17012,12085,52,1415,15000
17013,12086,52,1416,15000
17014,12087,52,1417,15000
17015,12088,52,1418,15000
17016,12089,52,1419,15000
17017,12090,52,1420,15000
17018,12091,52,1421,15000
17019,12092,52,1422,15000
17020,12093,52,1423,15000
17021,5221,52,1424,15000
17022,12094,52,1425,15000
17023,12095,52,1426,15000
17024,12096,52,1427,15000
17025,12097,52,1428,15000
17026,12098,52,1429,15000
17027,1909,52,1430,15000
17028,11087,52,1431,15000
17029,316,52,1432,15000
17030,5754,52,1433,15000
17031,12099,52,1434,15000
17032,12100,52,1435,15000
17033,12101,52,1436,15000
17034,12102,52,1437,15000
17035,5415,52,1438,15000
17036,12103,52,1439,15000
17037,12104,52,1440,15000
17038,12105,52,1441,15000
17039,7797,52,1442,15000
17040,12106,52,1443,15000
17041,8573,52,1444,15000
17042,9948,52,1445,15000
17043,12107,52,1446,15000
17044,12108,52,1447,15000
17045,12109,52,1448,15000
17046,12110,52,1449,15000
17047,12111,52,1450,15000
17048,6228,52,1451,15000
17049,12112,52,1452,15000
17050,12113,52,1453,15000
17051,12114,52,1454,15000
17052,12115,52,1455,15000
17053,12116,52,1456,15000
17054,10484,52,1457,15000
17055,9895,52,1458,15000
17056,8512,52,1459,15000
17057,10874,52,1460,15000
17058,12117,52,1461,15000
17059,12118,52,1462,15000
17060,12119,52,1463,15000
17061,12120,52,1464,15000
17062,12121,52,1465,15000
17063,12122,52,1466,15000
17064,12123,52,1467,15000
17065,12124,52,1468,15000
17066,9869,52,1469,15000
17067,12125,52,1470,15000
17068,7294,52,1471,15000
17069,7322,52,1472,15000
17070,12126,52,1473,15000
17071,10511,52,1474,15000
17072,12127,52,1475,15000
17073,12128,52,1476,15000
17074,7305,52,1477,15000
17075,12129,52,1478,15000
17076,12130,52,1479,15000
17077,6358,52,1480,15000
17078,12131,52,1481,15000
17079,2508,52,1482,15000
17080,12132,52,1483,15000
17081,6857,52,1484,15000
17082,12133,52,1485,15000
17083,7138,52,1486,15000
17084,12134,52,1487,15000
17085,2765,52,1488,15000
17086,12135,52,1489,15000
17087,12136,52,1490,15000
17088,8014,52,1491,15000
17089,12137,52,1492,15000
17090,12138,52,1493,15000
17091,12139,52,1494,15000
17092,5932,52,1495,15000
17093,12140,52,1496,15000
17094,12141,52,1497,15000
17095,12142,52,1498,15000
17096,12143,52,1499,15000
17097,12144,52,1500,15000
17098,12145,52,1501,15000
17099,12146,52,1502,15000
17100,10591,52,1503,15000
17101,12147,52,1504,15000
17102,10500,52,1505,15000
17103,6508,52,1506,15000
17104,6055,52,1507,15000
17105,3041,53,1,10000000
17106,12148,53,2,6000000
17107,6956,53,3,4000000
17108,12149,53,4,3000000
17109,12150,53,5,2500000
17110,12151,53,6,2000000
17111,5048,53,7,1500000
17112,3132,53,8,1250000
17113,12152,53,9,1000000
17114,12153,53,10,800000
17115,12154,53,11,800000
17116,12155,53,12,600000
17117,7436,53,13,600000
17118,6948,53,14,450400
17119,12156,53,15,450400
17120,12157,53,16,450400
17121,9167,53,17,450400
17122,12158,53,18,350000
17123,12159,53,19,350000
17124,12160,53,20,350000
17125,12161,53,21,350000
17126,12162,53,22,350000
17127,12163,53,23,350000
17128,3957,53,24,350000
17129,12164,53,25,350000
17130,6248,53,26,350000
17131,12165,53,27,300000
17132,12166,53,28,300000
17133,12167,53,29,300000
17134,8572,53,30,300000
17135,12168,53,31,300000
17136,7495,53,32,300000
17137,12169,53,33,300000
17138,5898,53,34,300000
17139,12170,53,35,300000
17140,10770,53,36,250000
17141,11170,53,37,250000
17142,11936,53,38,250000
17143,2497,53,39,250000
17144,8810,53,40,250000
17145,12171,53,41,250000
17146,12172,53,42,250000
17147,8444,53,43,250000
17148,12173,53,44,250000
17149,8983,53,45,200000
17150,372,53,46,200000
17151,12174,53,47,200000
17152,12175,53,48,200000
17153,12176,53,49,200000
17154,12177,53,50,200000
17155,10346,53,51,200000
17156,12178,53,52,200000
17157,12179,53,53,200000
17158,12180,53,54,160000
17159,6866,53,55,160000
17160,12181,53,56,160000
17161,8487,53,57,160000
17162,12182,53,58,160000
17163,12183,53,59,160000
17164,12184,53,60,160000
17165,12185,53,61,160000
17166,8236,53,62,160000
17167,12186,53,63,140000
17168,12187,53,64,140000
17169,10112,53,65,140000
17170,12188,53,66,140000
17171,12189,53,67,140000
17172,12190,53,68,140000
17173,12191,53,69,140000
17174,7929,53,70,140000
17175,12192,53,71,140000
17176,12193,53,72,120000
17177,12194,53,73,120000
17178,10902,53,74,120000
17179,8084,53,75,120000
17180,3577,53,76,120000
17181,12195,53,77,120000
17182,12196,53,78,120000
17183,11132,53,79,120000
17184,11867,53,80,120000
17185,12197,53,81,100000
17186,12198,53,82,100000
17187,12199,53,83,100000
17188,12200,53,84,100000
17189,9768,53,85,100000
17190,11655,53,86,100000
17191,12201,53,87,100000
17192,12202,53,88,100000
17193,12203,53,89,100000
17194,12204,53,90,100000
17195,8281,53,91,100000
17196,12205,53,92,100000
17197,12206,53,93,100000
17198,12207,53,94,100000
17199,8801,53,95,100000
17200,12208,53,96,100000
17201,12209,53,97,100000
17202,12210,53,98,100000
17203,5664,53,99,100000
17204,12211,53,100,100000
17205,12212,53,101,100000
17206,12213,53,102,100000
17207,7559,53,103,100000
17208,9060,53,104,100000
17209,12214,53,105,100000
17210,5723,53,106,100000
17211,6262,53,107,100000
17212,12215,53,108,100000
17213,12216,53,109,100000
17214,10210,53,110,100000
17215,12217,53,111,100000
17216,12218,53,112,100000
17217,12219,53,113,100000
17218,12220,53,114,100000
17219,12221,53,115,100000
17220,7750,53,116,100000
17221,10539,53,117,100000
17222,4269,53,118,100000
17223,12222,53,119,100000
17224,5203,53,120,100000
17225,12223,53,121,100000
17226,12224,53,122,100000
17227,11821,53,123,100000
17228,11343,53,124,100000
17229,12225,53,125,100000
17230,10322,53,126,85000
17231,9290,53,127,85000
17232,12226,53,128,85000
17233,11317,53,129,85000
17234,12227,53,130,85000
17235,12228,53,131,85000
17236,12229,53,132,85000
17237,9631,53,133,85000
17238,11927,53,134,85000
17239,10470,53,135,70000
17240,12230,53,136,70000
17241,6804,53,137,70000
17242,6218,53,138,70000
17243,12231,53,139,70000
17244,9883,53,140,70000
17245,12232,53,141,70000
17246,12233,53,142,70000
17247,12234,53,143,70000
17248,1327,53,144,70000
17249,12235,53,145,70000
17250,12236,53,146,70000
17251,12237,53,147,70000
17252,12238,53,148,70000
17253,12239,53,149,70000
17254,6975,53,150,70000
17255,12240,53,151,70000
17256,12241,53,152,70000
17257,12242,53,153,70000
17258,12243,53,154,70000
17259,12244,53,155,70000
17260,12245,53,156,70000
17261,3418,53,157,70000
17262,12246,53,158,70000
17263,4665,53,159,70000
17264,10411,53,160,70000
17265,12247,53,161,70000
17266,12248,53,162,70000
17267,12249,53,163,60000
17268,12250,53,164,60000
17269,7825,53,165,60000
17270,3372,53,166,60000
17271,12251,53,167,60000
17272,12252,53,168,60000
17273,10045,53,169,60000
17274,12253,53,170,60000
17275,4349,53,171,60000
17276,12254,53,172,60000
17277,12255,53,173,60000
17278,8205,53,174,60000
17279,10686,53,175,60000
17280,9773,53,176,60000
17281,5596,53,177,60000
17282,12256,53,178,60000
17283,9017,53,179,60000
17284,12257,53,180,60000
17285,8167,53,181,60000
17286,12258,53,182,60000
17287,3196,53,183,60000
17288,2681,53,184,60000
17289,12259,53,185,60000
17290,9171,53,186,60000
17291,12260,53,187,60000
17292,12261,53,188,60000
17293,12262,53,189,60000
17294,2050,53,190,60000
17295,7777,53,191,60000
17296,9087,53,192,60000
17297,12263,53,193,60000
17298,8290,53,194,60000
17299,11843,53,195,60000
17300,10512,53,196,60000
17301,12264,53,197,60000
17302,12265,53,198,60000
17303,12266,53,199,60000
17304,6632,53,200,60000
17305,11501,53,201,60000
17306,8803,53,202,60000
17307,12267,53,203,60000
17308,9065,53,204,60000
17309,12268,53,205,60000
17310,12269,53,206,60000
17311,6594,53,207,60000
17312,9771,53,208,60000
17313,10014,53,209,60000
17314,12270,53,210,60000
17315,2020,53,211,60000
17316,12271,53,212,60000
17317,12272,53,213,60000
17318,12273,53,214,60000
17319,8032,53,215,60000
17320,12119,53,216,60000
17321,12274,53,217,60000
17322,8015,53,218,60000
17323,12275,53,219,60000
17324,12276,53,220,60000
17325,12277,53,221,60000
17326,12278,53,222,60000
17327,12279,53,223,60000
17328,11842,53,224,60000
17329,9946,53,225,50000
17330,12280,53,226,50000
17331,4360,53,227,50000
17332,5192,53,228,50000
17333,7190,53,229,50000
17334,12281,53,230,50000
17335,12282,53,231,50000
17336,12283,53,232,50000
17337,3034,53,233,50000
17338,12284,53,234,50000
17339,12134,53,235,50000
17340,7757,53,236,50000
17341,12285,53,237,50000
17342,11532,53,238,50000
17343,6909,53,239,50000
17344,12286,53,240,50000
17345,11366,53,241,50000
17346,12287,53,242,50000
17347,12288,53,243,50000
17348,12289,53,244,50000
17349,12290,53,245,50000
17350,12291,53,246,50000
17351,12292,53,247,50000
17352,3847,53,248,50000
17353,6912,53,249,50000
17354,7566,53,250,50000
17355,12293,53,251,50000
17356,12294,53,252,50000
17357,12295,53,253,50000
17358,12296,53,254,50000
17359,12297,53,255,50000
17360,12298,53,256,50000
17361,11250,53,257,50000
17362,6922,53,258,50000
17363,12299,53,259,50000
17364,12300,53,260,50000
17365,12301,53,261,50000
17366,12302,53,262,50000
17367,12303,53,263,50000
17368,11151,53,264,50000
17369,9265,53,265,50000
17370,12304,53,266,50000
17371,2858,53,267,50000
17372,7790,53,268,50000
17373,12305,53,269,50000
17374,10990,53,270,50000
17375,10757,53,271,50000
17376,12306,53,272,50000
17377,12307,53,273,50000
17378,12308,53,274,50000
17379,10805,53,275,50000
17380,12309,53,276,50000
17381,8318,53,277,50000
17382,12310,53,278,50000
17383,10791,53,279,50000
17384,12311,53,280,50000
17385,12312,53,281,50000
17386,12313,53,282,50000
17387,3704,53,283,50000
17388,8420,53,284,50000
17389,12314,53,285,50000
17390,11432,53,286,50000
17391,5846,53,287,50000
17392,9028,53,288,45000
17393,12315,53,289,45000
17394,12316,53,290,45000
17395,10587,53,291,45000
17396,12317,53,292,45000
17397,12318,53,293,45000
17398,8141,53,294,45000
17399,5189,53,295,45000
17400,12319,53,296,45000
17401,9965,53,297,45000
17402,12102,53,298,45000
17403,12320,53,299,45000
17404,9013,53,300,45000
17405,2366,53,301,45000
17406,12321,53,302,45000
17407,12322,53,303,45000
17408,12323,53,304,45000
17409,12324,53,305,45000
17410,10894,53,306,45000
17411,10471,53,307,45000
17412,12325,53,308,45000
17413,12326,53,309,45000
17414,3028,53,310,45000
17415,7189,53,311,45000
17416,12327,53,312,45000
17417,9761,53,313,45000
17418,12328,53,314,45000
17419,12329,53,315,45000
17420,6000,53,316,45000
17421,6659,53,317,45000
17422,11468,53,318,45000
17423,7344,53,319,45000
17424,12330,53,320,45000
17425,7556,53,321,45000
17426,12331,53,322,45000
17427,12332,53,323,45000
17428,10402,53,324,45000
17429,12333,53,325,45000
17430,10684,53,326,45000
17431,5712,53,327,45000
17432,8051,53,328,45000
17433,7914,53,329,45000
17434,12334,53,330,45000
17435,9658,53,331,45000
17436,7809,53,332,45000
17437,12335,53,333,45000
17438,12336,53,334,45000
17439,10678,53,335,45000
17440,5994,53,336,45000
17441,3709,53,337,45000
17442,12337,53,338,45000
17443,3096,53,339,45000
17444,382,53,340,45000
17445,12338,53,341,45000
17446,12339,53,342,45000
17447,9995,53,343,45000
17448,12340,53,344,45000
17449,12341,53,345,45000
17450,12342,53,346,45000
17451,12343,53,347,45000
17452,12344,53,348,45000
17453,12345,53,349,45000
17454,12346,53,350,45000
17455,5787,53,351,40000
17456,11369,53,352,40000
17457,12347,53,353,40000
17458,9385,53,354,40000
17459,12348,53,355,40000
17460,12349,53,356,40000
17461,12350,53,357,40000
17462,12351,53,358,40000
17463,12352,53,359,40000
17464,8414,53,360,40000
17465,12353,53,361,40000
17466,10166,53,362,40000
17467,12354,53,363,40000
17468,11188,53,364,40000
17469,12355,53,365,40000
17470,8635,53,366,40000
17471,11890,53,367,40000
17472,12356,53,368,40000
17473,12357,53,369,40000
17474,9759,53,370,40000
17475,7925,53,371,40000
17476,12358,53,372,40000
17477,7804,53,373,40000
17478,12359,53,374,40000
17479,12360,53,375,40000
17480,12361,53,376,40000
17481,7461,53,377,40000
17482,11566,53,378,40000
17483,5159,53,379,40000
17484,7356,53,380,40000
17485,9839,53,381,40000
17486,12362,53,382,40000
17487,11577,53,383,40000
17488,8369,53,384,40000
17489,10504,53,385,40000
17490,12363,53,386,40000
17491,6702,53,387,40000
17492,12364,53,388,40000
17493,11504,53,389,40000
17494,12365,53,390,40000
17495,6106,53,391,40000
17496,12366,53,392,40000
17497,3572,53,393,40000
17498,12367,53,394,40000
17499,12368,53,395,40000
17500,12369,53,396,40000
17501,12370,53,397,40000
17502,12371,53,398,40000
17503,12372,53,399,40000
17504,267,53,400,40000
17505,12373,53,401,40000
17506,12374,53,402,40000
17507,12375,53,403,40000
17508,12376,53,404,40000
17509,12377,53,405,40000
17510,7476,53,406,40000
17511,12378,53,407,40000
17512,10688,53,408,40000
17513,12379,53,409,40000
17514,12380,53,410,40000
17515,12381,53,411,40000
17516,8664,53,412,40000
17517,7336,53,413,40000
17518,12382,53,414,37500
17519,7650,53,415,37500
17520,673,53,416,37500
17521,12383,53,417,37500
17522,10827,53,418,37500
17523,12384,53,419,37500
17524,12385,53,420,37500
17525,12386,53,421,37500
17526,12387,53,422,37500
17527,12388,53,423,37500
17528,12389,53,424,37500
17529,6529,53,425,37500
17530,12390,53,426,37500
17531,12391,53,427,37500
17532,12392,53,428,37500
17533,8019,53,429,37500
17534,12393,53,430,37500
17535,12394,53,431,37500
17536,11885,53,432,37500
17537,12395,53,433,37500
17538,12396,53,434,37500
17539,12397,53,435,37500
17540,12398,53,436,37500
17541,12399,53,437,37500
17542,12400,53,438,37500
17543,12401,53,439,37500
17544,11948,53,440,37500
17545,1116,53,441,37500
17546,9989,53,442,37500
17547,12402,53,443,37500
17548,9444,53,444,37500
17549,1983,53,445,37500
17550,5716,53,446,37500
17551,10508,53,447,37500
17552,12403,53,448,37500
17553,12404,53,449,37500
17554,12405,53,450,37500
17555,12406,53,451,37500
17556,12407,53,452,37500
17557,12408,53,453,37500
17558,6019,53,454,37500
17559,12409,53,455,37500
17560,12410,53,456,37500
17561,10465,53,457,37500
17562,12411,53,458,37500
17563,12412,53,459,37500
17564,11688,53,460,37500
17565,12413,53,461,37500
17566,8924,53,462,37500
17567,12414,53,463,37500
17568,5772,53,464,37500
17569,12415,53,465,37500
17570,7985,53,466,37500
17571,12416,53,467,37500
17572,9866,53,468,37500
17573,6372,53,469,37500
17574,12417,53,470,37500
17575,12418,53,471,37500
17576,12419,53,472,37500
17577,12420,53,473,37500
17578,10965,53,474,37500
17579,12421,53,475,37500
17580,12422,53,476,37500
17581,12423,53,477,35000
17582,12424,53,478,35000
17583,12425,53,479,35000
17584,12426,53,480,35000
17585,8371,53,481,35000
17586,12427,53,482,35000
17587,5718,53,483,35000
17588,12428,53,484,35000
17589,12429,53,485,35000
17590,12430,53,486,35000
17591,9202,53,487,35000
17592,8579,53,488,35000
17593,12431,53,489,35000
17594,3540,53,490,35000
17595,12432,53,491,35000
17596,12433,53,492,35000
17597,12434,53,493,35000
17598,7846,53,494,35000
17599,12435,53,495,35000
17600,12436,53,496,35000
17601,12437,53,497,35000
17602,12438,53,498,35000
17603,5521,53,499,35000
17604,12439,53,500,35000
17605,12440,53,501,35000
17606,12441,53,502,35000
17607,8984,53,503,35000
17608,12442,53,504,35000
17609,12443,53,505,35000
17610,12444,53,506,35000
17611,5428,53,507,35000
17612,12445,53,508,35000
17613,12446,53,509,35000
17614,6477,53,510,35000
17615,10900,53,511,35000
17616,12447,53,512,35000
17617,12448,53,513,35000
17618,11365,53,514,35000
17619,12449,53,515,35000
17620,12010,53,516,35000
17621,12450,53,517,35000
17622,12451,53,518,35000
17623,12452,53,519,35000
17624,12453,53,520,35000
17625,12454,53,521,35000
17626,8045,53,522,35000
17627,6464,53,523,35000
17628,6414,53,524,35000
17629,12455,53,525,35000
17630,8305,53,526,35000
17631,12456,53,527,35000
17632,12457,53,528,35000
17633,5069,53,529,35000
17634,12458,53,530,35000
17635,5219,53,531,35000
17636,296,53,532,35000
17637,7083,53,533,35000
17638,11435,53,534,35000
17639,12459,53,535,35000
17640,12460,53,536,35000
17641,12461,53,537,35000
17642,12462,53,538,35000
17643,12463,53,539,35000
17644,11256,53,540,32500
17645,12464,53,541,32500
17646,3086,53,542,32500
17647,12465,53,543,32500
17648,12466,53,544,32500
17649,12467,53,545,32500
17650,12468,53,546,32500
17651,12469,53,547,32500
17652,9511,53,548,32500
17653,10855,53,549,32500
17654,12470,53,550,32500
17655,12471,53,551,32500
17656,12472,53,552,32500
17657,12473,53,553,32500
17658,12474,53,554,32500
17659,12003,53,555,32500
17660,12475,53,556,32500
17661,12476,53,557,32500
17662,5384,53,558,32500
17663,12477,53,559,32500
17664,5870,53,560,32500
17665,12478,53,561,32500
17666,12479,53,562,32500
17667,6685,53,563,32500
17668,12480,53,564,32500
17669,12481,53,565,32500
17670,3863,53,566,32500
17671,10468,53,567,32500
17672,5235,53,568,32500
17673,12482,53,569,32500
17674,12483,53,570,32500
17675,12484,53,571,32500
17676,6926,53,572,32500
17677,6684,53,573,32500
17678,7967,53,574,32500
17679,12485,53,575,32500
17680,8836,53,576,32500
17681,12486,53,577,32500
17682,12487,53,578,32500
17683,12488,53,579,32500
17684,12489,53,580,32500
17685,12490,53,581,32500
17686,11006,53,582,32500
17687,12491,53,583,32500
17688,12492,53,584,32500
17689,12493,53,585,32500
17690,11749,53,586,32500
17691,8524,53,587,32500
17692,12494,53,588,32500
17693,12495,53,589,32500
17694,11580,53,590,32500
17695,12496,53,591,32500
17696,12497,53,592,32500
17697,12498,53,593,32500
17698,12499,53,594,32500
17699,12500,53,595,32500
17700,12501,53,596,32500
17701,12502,53,597,32500
17702,6380,53,598,32500
17703,12503,53,599,32500
17704,11825,53,600,32500
17705,12504,53,601,32500
17706,10777,53,602,32500
17707,3596,53,603,30000
17708,4104,53,604,30000
17709,5012,53,605,30000
17710,10034,53,606,30000
17711,12505,53,607,30000
17712,8439,53,608,30000
17713,12506,53,609,30000
17714,8546,53,610,30000
17715,12507,53,611,30000
17716,6264,53,612,30000
17717,6187,53,613,30000
17718,4755,53,614,30000
17719,3988,53,615,30000
17720,8490,53,616,30000
17721,180,53,617,30000
17722,12508,53,618,30000
17723,5947,53,619,30000
17724,12509,53,620,30000
17725,11673,53,621,30000
17726,12510,53,622,30000
17727,12511,53,623,30000
17728,9176,53,624,30000
17729,12512,53,625,30000
17730,6046,53,626,30000
17731,12513,53,627,30000
17732,4449,53,628,30000
17733,8294,53,629,30000
17734,9726,53,630,30000
17735,12514,53,631,30000
17736,12515,53,632,30000
17737,8548,53,633,30000
17738,12516,53,634,30000
17739,3536,53,635,30000
17740,12517,53,636,30000
17741,12518,53,637,30000
17742,12519,53,638,30000
17743,12520,53,639,30000
17744,5573,53,640,30000
17745,12521,53,641,30000
17746,12522,53,642,30000
17747,7589,53,643,30000
17748,12523,53,644,30000
17749,12068,53,645,30000
17750,12524,53,646,30000
17751,8233,53,647,30000
17752,11697,53,648,30000
17753,12525,53,649,30000
17754,12526,53,650,30000
17755,7173,53,651,30000
17756,11681,53,652,30000
17757,12527,53,653,30000
17758,8359,53,654,30000
17759,10955,53,655,30000
17760,12528,53,656,30000
17761,11424,53,657,30000
17762,12529,53,658,30000
17763,7801,53,659,30000
17764,6078,53,660,30000
17765,12530,53,661,30000
17766,12531,53,662,30000
17767,12532,53,663,30000
17768,12533,53,664,30000
17769,12534,53,665,30000
17770,12535,53,666,27500
17771,12536,53,667,27500
17772,12537,53,668,27500
17773,12538,53,669,27500
17774,5900,53,670,27500
17775,12539,53,671,27500
17776,12540,53,672,27500
17777,12541,53,673,27500
17778,10157,53,674,27500
17779,12542,53,675,27500
17780,12543,53,676,27500
17781,5692,53,677,27500
17782,3223,53,678,27500
17783,12544,53,679,27500
17784,9702,53,680,27500
17785,12545,53,681,27500
17786,12546,53,682,27500
17787,12547,53,683,27500
17788,12548,53,684,27500
17789,12549,53,685,27500
17790,9006,53,686,27500
17791,12550,53,687,27500
17792,12551,53,688,27500
17793,12552,53,689,27500
17794,12553,53,690,27500
17795,12554,53,691,27500
17796,12555,53,692,27500
17797,12556,53,693,27500
17798,10738,53,694,27500
17799,5262,53,695,27500
17800,12557,53,696,27500
17801,12558,53,697,27500
17802,12559,53,698,27500
17803,12560,53,699,27500
17804,12561,53,700,27500
17805,12562,53,701,27500
17806,11011,53,702,27500
17807,12563,53,703,27500
17808,12564,53,704,27500
17809,12565,53,705,27500
17810,12566,53,706,27500
17811,12567,53,707,27500
17812,12568,53,708,27500
17813,10255,53,709,27500
17814,9184,53,710,27500
17815,369,53,711,27500
17816,11231,53,712,27500
17817,12569,53,713,27500
17818,1306,53,714,27500
17819,12570,53,715,27500
17820,11543,53,716,27500
17821,12571,53,717,27500
17822,12572,53,718,27500
17823,12573,53,719,27500
17824,10449,53,720,27500
17825,12574,53,721,27500
17826,12575,53,722,27500
17827,9193,53,723,27500
17828,3390,53,724,27500
17829,12576,53,725,27500
17830,12577,53,726,27500
17831,12578,53,727,27500
17832,12579,53,728,27500
17833,12580,53,729,27500
17834,12581,53,730,27500
17835,12582,53,731,27500
17836,12583,53,732,27500
17837,12584,53,733,27500
17838,12585,53,734,27500
17839,12586,53,735,27500
17840,12587,53,736,27500
17841,12588,53,737,27500
17842,12589,53,738,27500
17843,12590,53,739,27500
17844,8111,53,740,27500
17845,12591,53,741,27500
17846,12592,53,742,27500
17847,11118,53,743,27500
17848,8625,53,744,27500
17849,12593,53,745,27500
17850,12594,53,746,27500
17851,12595,53,747,27500
17852,12596,53,748,27500
17853,12597,53,749,27500
17854,12598,53,750,27500
17855,12599,53,751,27500
17856,12600,53,752,27500
17857,8974,53,753,27500
17858,12601,53,754,27500
17859,8292,53,755,27500
17860,12602,53,756,27500
17861,12603,53,757,27500
17862,720,53,758,27500
17863,12604,53,759,27500
17864,12605,53,760,27500
17865,12606,53,761,27500
17866,7061,53,762,27500
17867,5777,53,763,27500
17868,4307,53,764,27500
17869,8222,53,765,25000
17870,12607,53,766,25000
17871,10771,53,767,25000
17872,11835,53,768,25000
17873,12608,53,769,25000
17874,11269,53,770,25000
17875,7752,53,771,25000
17876,12609,53,772,25000
17877,10494,53,773,25000
17878,8973,53,774,25000
17879,12610,53,775,25000
17880,11240,53,776,25000
17881,12611,53,777,25000
17882,12612,53,778,25000
17883,12613,53,779,25000
17884,12614,53,780,25000
17885,12615,53,781,25000
17886,12616,53,782,25000
17887,12617,53,783,25000
17888,12618,53,784,25000
17889,9709,53,785,25000
17890,9909,53,786,25000
17891,4352,53,787,25000
17892,12619,53,788,25000
17893,12620,53,789,25000
17894,12621,53,790,25000
17895,9113,53,791,25000
17896,12622,53,792,25000
17897,9943,53,793,25000
17898,8276,53,794,25000
17899,3302,53,795,25000
17900,10615,53,796,25000
17901,12623,53,797,25000
17902,12624,53,798,25000
17903,11811,53,799,25000
17904,12625,53,800,25000
17905,11451,53,801,25000
17906,12626,53,802,25000
17907,9828,53,803,25000
17908,3053,53,804,25000
17909,11280,53,805,25000
17910,12627,53,806,25000
17911,10699,53,807,25000
17912,10576,53,808,25000
17913,12628,53,809,25000
17914,12629,53,810,25000
17915,10192,53,811,25000
17916,10751,53,812,25000
17917,8877,53,813,25000
17918,12630,53,814,25000
17919,12631,53,815,25000
17920,12632,53,816,25000
17921,12633,53,817,25000
17922,12634,53,818,25000
17923,7727,53,819,25000
17924,12635,53,820,25000
17925,12636,53,821,25000
17926,12637,53,822,25000
17927,12638,53,823,25000
17928,12639,53,824,25000
17929,12640,53,825,25000
17930,12641,53,826,25000
17931,12642,53,827,25000
17932,12643,53,828,25000
17933,12644,53,829,25000
17934,7616,53,830,25000
17935,12645,53,831,25000
17936,10806,53,832,25000
17937,3837,53,833,25000
17938,8776,53,834,25000
17939,882,53,835,25000
17940,8889,53,836,25000
17941,8245,53,837,25000
17942,12646,53,838,25000
17943,12647,53,839,25000
17944,12648,53,840,25000
17945,9553,53,841,25000
17946,12649,53,842,25000
17947,10844,53,843,25000
17948,12650,53,844,25000
17949,12651,53,845,25000
17950,12652,53,846,25000
17951,12653,53,847,25000
17952,5074,53,848,25000
17953,12654,53,849,25000
17954,12655,53,850,25000
17955,9973,53,851,25000
17956,367,53,852,25000
17957,11357,53,853,25000
17958,12656,53,854,25000
17959,7931,53,855,25000
17960,12657,53,856,25000
17961,12658,53,857,25000
17962,10953,53,858,25000
17963,12659,53,859,25000
17964,12660,53,860,25000
17965,6879,53,861,25000
17966,12661,53,862,25000
17967,12662,53,863,25000
17968,5702,53,864,22500
17969,3532,53,865,22500
17970,12663,53,866,22500
17971,12664,53,867,22500
17972,12665,53,868,22500
17973,12666,53,869,22500
17974,12667,53,870,22500
17975,12668,53,871,22500
17976,12669,53,872,22500
17977,12670,53,873,22500
17978,12671,53,874,22500
17979,12672,53,875,22500
17980,8135,53,876,22500
17981,12673,53,877,22500
17982,12674,53,878,22500
17983,12675,53,879,22500
17984,12676,53,880,22500
17985,12677,53,881,22500
17986,12678,53,882,22500
17987,12679,53,883,22500
17988,1034,53,884,22500
17989,12680,53,885,22500
17990,12681,53,886,22500
17991,6979,53,887,22500
17992,12682,53,888,22500
17993,10022,53,889,22500
17994,6251,53,890,22500
17995,12683,53,891,22500
17996,12684,53,892,22500
17997,12685,53,893,22500
17998,4637,53,894,22500
17999,12686,53,895,22500
18000,10199,53,896,22500
18001,12687,53,897,22500
18002,12688,53,898,22500
18003,12689,53,899,22500
18004,11391,53,900,22500
18005,12690,53,901,22500
18006,12691,53,902,22500
18007,12692,53,903,22500
18008,12693,53,904,22500
18009,12694,53,905,22500
18010,12695,53,906,22500
18011,12696,53,907,22500
18012,12697,53,908,22500
18013,8372,53,909,22500
18014,12698,53,910,22500
18015,12699,53,911,22500
18016,12700,53,912,22500
18017,12701,53,913,22500
18018,12702,53,914,22500
18019,12703,53,915,22500
18020,12704,53,916,22500
18021,12705,53,917,22500
18022,12706,53,918,22500
18023,12707,53,919,22500
18024,11691,53,920,22500
18025,12708,53,921,22500
18026,5408,53,922,22500
18027,10593,53,923,22500
18028,12709,53,924,22500
18029,9860,53,925,22500
18030,12710,53,926,22500
18031,12711,53,927,22500
18032,6194,53,928,22500
18033,12712,53,929,22500
18034,10437,53,930,22500
18035,12713,53,931,22500
18036,9455,53,932,22500
18037,5288,53,933,22500
18038,12714,53,934,22500
18039,12715,53,935,22500
18040,12716,53,936,22500
18041,2642,53,937,22500
18042,8029,53,938,22500
18043,12717,53,939,22500
18044,6088,53,940,22500
18045,12718,53,941,22500
18046,12719,53,942,22500
18047,12720,53,943,22500
18048,11925,53,944,22500
18049,2643,53,945,22500
18050,12721,53,946,22500
18051,2304,53,947,22500
18052,11613,53,948,22500
18053,12722,53,949,22500
18054,12723,53,950,22500
18055,11712,53,951,20000
18056,12724,53,952,20000
18057,12725,53,953,20000
18058,12726,53,954,20000
18059,12727,53,955,20000
18060,12728,53,956,20000
18061,6609,53,957,20000
18062,12729,53,958,20000
18063,12730,53,959,20000
18064,12731,53,960,20000
18065,12732,53,961,20000
18066,12733,53,962,20000
18067,12734,53,963,20000
18068,12735,53,964,20000
18069,12736,53,965,20000
18070,11744,53,966,20000
18071,12737,53,967,20000
18072,7658,53,968,20000
18073,12738,53,969,20000
18074,5467,53,970,20000
18075,12739,53,971,20000
18076,12740,53,972,20000
18077,12741,53,973,20000
18078,12742,53,974,20000
18079,12743,53,975,20000
18080,12744,53,976,20000
18081,12745,53,977,20000
18082,12746,53,978,20000
18083,8058,53,979,20000
18084,12747,53,980,20000
18085,12748,53,981,20000
18086,12749,53,982,20000
18087,8561,53,983,20000
18088,6810,53,984,20000
18089,10663,53,985,20000
18090,4409,53,986,20000
18091,12750,53,987,20000
18092,12751,53,988,20000
18093,12752,53,989,20000
18094,12753,53,990,20000
18095,6567,53,991,20000
18096,6913,53,992,20000
18097,1982,53,993,20000
18098,10284,53,994,20000
18099,149,53,995,20000
18100,12754,53,996,20000
18101,3364,53,997,20000
18102,12755,53,998,20000
18103,12756,53,999,20000
18104,2008,53,1000,20000
18105,12757,53,1001,20000
18106,12758,53,1002,20000
18107,12759,53,1003,20000
18108,9196,53,1004,20000
18109,10015,53,1005,20000
18110,6147,53,1006,20000
18111,12760,53,1007,20000
18112,3710,53,1008,20000
18113,12761,53,1009,17500
18114,12762,53,1010,17500
18115,12763,53,1011,17500
18116,11529,53,1012,17500
18117,12764,53,1013,17500
18118,12765,53,1014,17500
18119,12766,53,1015,17500
18120,12767,53,1016,17500
18121,12768,53,1017,17500
18122,12769,53,1018,17500
18123,12770,53,1019,17500
18124,6360,53,1020,17500
18125,12771,53,1021,17500
18126,12772,53,1022,17500
18127,12773,53,1023,17500
18128,7323,53,1024,17500
18129,12774,53,1025,17500
18130,3746,53,1026,17500
18131,8367,53,1027,17500
18132,12775,53,1028,17500
18133,7016,53,1029,17500
18134,10113,53,1030,17500
18135,12776,53,1031,17500
18136,12777,53,1032,17500
18137,9111,53,1033,17500
18138,12778,53,1034,17500
18139,12779,53,1035,17500
18140,11081,53,1036,17500
18141,12780,53,1037,17500
18142,12781,53,1038,17500
18143,12782,53,1039,17500
18144,12783,53,1040,17500
18145,7242,53,1041,17500
18146,12784,53,1042,17500
18147,12785,53,1043,17500
18148,12786,53,1044,17500
18149,12787,53,1045,17500
18150,12788,53,1046,17500
18151,12789,53,1047,17500
18152,12790,53,1048,17500
18153,12791,53,1049,17500
18154,11511,53,1050,17500
18155,12792,53,1051,17500
18156,355,53,1052,17500
18157,8204,53,1053,17500
18158,9286,53,1054,17500
18159,10514,53,1055,17500
18160,12793,53,1056,17500
18161,2670,53,1057,17500
18162,12794,53,1058,17500
18163,7301,53,1059,17500
18164,11226,53,1060,17500
18165,11162,53,1061,17500
18166,9933,53,1062,17500
18167,12795,53,1063,17500
18168,12796,53,1064,17500
18169,12797,53,1065,17500
18170,12798,53,1066,17500
18171,12799,53,1067,17500
18172,12800,53,1068,17500
18173,12801,53,1069,17500
18174,12802,53,1070,17500
18175,12803,53,1071,17500
18176,12804,53,1072,17500
18177,11324,53,1073,17500
18178,5826,53,1074,17500
18179,12805,53,1075,17500
18180,11541,53,1076,17500
18181,12806,53,1077,17500
18182,5124,53,1078,17500
18183,12807,53,1079,17500
18184,12808,53,1080,17500
18185,9997,53,1081,17500
18186,8992,53,1082,17500
18187,8596,53,1083,17500
18188,2468,53,1084,17500
18189,12809,53,1085,17500
18190,12810,53,1086,17500
18191,12811,53,1087,17500
18192,12812,53,1088,17500
18193,11752,53,1089,17500
18194,12139,53,1090,17500
18195,12813,53,1091,17500
18196,9394,53,1092,17500
18197,12814,53,1093,17500
18198,11578,53,1094,17500
18199,12815,53,1095,17500
18200,3165,53,1096,17500
18201,12112,53,1097,17500
18202,12816,53,1098,17500
18203,12817,53,1099,17500
18204,11000,53,1100,17500
18205,12818,53,1101,17500
18206,7352,53,1102,17500
18207,12819,53,1103,17500
18208,10522,53,1104,17500
18209,12820,53,1105,17500
18210,5424,53,1106,17500
18211,8781,53,1107,17500
18212,5827,53,1108,17500
18213,6740,53,1109,17500
18214,12821,53,1110,17500
18215,12822,53,1111,17500
18216,10487,53,1112,17500
18217,12823,53,1113,17500
18218,12824,53,1114,17500
18219,8980,53,1115,17500
18220,7806,53,1116,17500
18221,12825,53,1117,17500
18222,12826,53,1118,17500
18223,11281,53,1119,17500
18224,11149,53,1120,17500
18225,11120,53,1121,17500
18226,8232,53,1122,17500
18227,12827,53,1123,17500
18228,12828,53,1124,17500
18229,12829,53,1125,17500
18230,12830,53,1126,17500
18231,12831,53,1127,17500
18232,5046,53,1128,17500
18233,12832,53,1129,17500
18234,11741,53,1130,17500
18235,4139,53,1131,17500
18236,12833,53,1132,17500
18237,12834,53,1133,17500
18238,6296,53,1134,17500
18239,5138,53,1135,17500
18240,12835,53,1136,17500
18241,7526,53,1137,17500
18242,8730,53,1138,17500
18243,11447,53,1139,17500
18244,12836,53,1140,17500
18245,12837,53,1141,17500
18246,12838,53,1142,17500
18247,8231,53,1143,17500
18248,12839,53,1144,17500
18249,12840,53,1145,17500
18250,12841,53,1146,17500
18251,12842,53,1147,17500
18252,12843,53,1148,17500
18253,12844,53,1149,17500
18254,12845,53,1150,17500
18255,12846,53,1151,17500
18256,12847,53,1152,17500
18257,12848,53,1153,17500
18258,12849,53,1154,17500
18259,12850,53,1155,17500
18260,12851,53,1156,17500
18261,3326,53,1157,17500
18262,9281,53,1158,17500
18263,12852,53,1159,17500
18264,12853,53,1160,17500
18265,12854,53,1161,17500
18266,10652,53,1162,17500
18267,8481,53,1163,17500
18268,7058,53,1164,17500
18269,6208,53,1165,17500
18270,12855,53,1166,17500
18271,10155,53,1167,17500
18272,12856,53,1168,17500
18273,8157,53,1169,17500
18274,12857,53,1170,17500
18275,12858,53,1171,17500
18276,7208,53,1172,17500
18277,11515,53,1173,17500
18278,12859,53,1174,17500
18279,12860,53,1175,17500
18280,11610,53,1176,17500
18281,7642,53,1177,17500
18282,4867,53,1178,17500
18283,2288,53,1179,17500
18284,12861,53,1180,17500
18285,9742,53,1181,17500
18286,12862,53,1182,17500
18287,12863,53,1183,17500
18288,12864,53,1184,17500
18289,12865,53,1185,17500
18290,12866,53,1186,17500
18291,9971,53,1187,17500
18292,9465,53,1188,17500
18293,12867,53,1189,17500
18294,1681,53,1190,17500
18295,12868,53,1191,17500
18296,10252,53,1192,17500
18297,12869,53,1193,17500
18298,9765,53,1194,17500
18299,12870,53,1195,17500
18300,7601,53,1196,17500
18301,12871,53,1197,17500
18302,12872,53,1198,17500
18303,7193,53,1199,17500
18304,5083,53,1200,17500
18305,10472,53,1201,17500
18306,12873,53,1202,17500
18307,12874,53,1203,17500
18308,9819,53,1204,17500
18309,12875,53,1205,17500
18310,12876,53,1206,17500
18311,3411,53,1207,17500
18312,10839,53,1208,17500
18313,7071,53,1209,17500
18314,9794,53,1210,17500
18315,7567,53,1211,17500
18316,12877,53,1212,17500
18317,12878,53,1213,17500
18318,12879,53,1214,17500
18319,12880,53,1215,17500
18320,6972,53,1216,17500
18321,10707,53,1217,17500
18322,12881,53,1218,17500
18323,12882,53,1219,17500
18324,12883,53,1220,17500
18325,8382,53,1221,17500
18326,12884,53,1222,17500
18327,12885,53,1223,17500
18328,12886,53,1224,17500
18329,7639,53,1225,17500
18330,7329,53,1226,17500
18331,12887,53,1227,17500
18332,12888,53,1228,17500
18333,12889,53,1229,17500
18334,10404,53,1230,17500
18335,12890,53,1231,17500
18336,12891,53,1232,17500
18337,12892,53,1233,17500
18338,12893,53,1234,17500
18339,12894,53,1235,17500
18340,12137,53,1236,17500
18341,12895,53,1237,17500
18342,5987,53,1238,17500
18343,12896,53,1239,17500
18344,7494,53,1240,17500
18345,7115,53,1241,17500
18346,6183,53,1242,17500
18347,12897,53,1243,17500
18348,12898,53,1244,17500
18349,12899,53,1245,17500
18350,12900,53,1246,17500
18351,6919,53,1247,17500
18352,12901,53,1248,17500
18353,4715,53,1249,17500
18354,12902,53,1250,17500
18355,12903,53,1251,15000
18356,12904,53,1252,15000
18357,12905,53,1253,15000
18358,12906,53,1254,15000
18359,12907,53,1255,15000
18360,12908,53,1256,15000
18361,8291,53,1257,15000
18362,12909,53,1258,15000
18363,12910,53,1259,15000
18364,12911,53,1260,15000
18365,12912,53,1261,15000
18366,2772,53,1262,15000
18367,12913,53,1263,15000
18368,12914,53,1264,15000
18369,12915,53,1265,15000
18370,11840,53,1266,15000
18371,12916,53,1267,15000
18372,12917,53,1268,15000
18373,12918,53,1269,15000
18374,10361,53,1270,15000
18375,12919,53,1271,15000
18376,12920,53,1272,15000
18377,6047,53,1273,15000
18378,12921,53,1274,15000
18379,12922,53,1275,15000
18380,12923,53,1276,15000
18381,12924,53,1277,15000
18382,12925,53,1278,15000
18383,12926,53,1279,15000
18384,12927,53,1280,15000
18385,12928,53,1281,15000
18386,8818,53,1282,15000
18387,12929,53,1283,15000
18388,12930,53,1284,15000
18389,8589,53,1285,15000
18390,11382,53,1286,15000
18391,12931,53,1287,15000
18392,12932,53,1288,15000
18393,12933,53,1289,15000
18394,8553,53,1290,15000
18395,12934,53,1291,15000
18396,9236,53,1292,15000
18397,9508,53,1293,15000
18398,9032,53,1294,15000
18399,12935,53,1295,15000
18400,12936,53,1296,15000
18401,8357,53,1297,15000
18402,3731,53,1298,15000
18403,12937,53,1299,15000
18404,12938,53,1300,15000
18405,12939,53,1301,15000
18406,11307,53,1302,15000
18407,12940,53,1303,15000
18408,12941,53,1304,15000
18409,11786,53,1305,15000
18410,12942,53,1306,15000
18411,12943,53,1307,15000
18412,12944,53,1308,15000
18413,12945,53,1309,15000
18414,3257,53,1310,15000
18415,9863,53,1311,15000
18416,12946,53,1312,15000
18417,4826,53,1313,15000
18418,12947,53,1314,15000
18419,9174,53,1315,15000
18420,12948,53,1316,15000
18421,12949,53,1317,15000
18422,7226,53,1318,15000
18423,12950,53,1319,15000
18424,12951,53,1320,15000
18425,12952,53,1321,15000
18426,12953,53,1322,15000
18427,10621,53,1323,15000
18428,12954,53,1324,15000
18429,12955,53,1325,15000
18430,12956,53,1326,15000
18431,9093,53,1327,15000
18432,5879,53,1328,15000
18433,12957,53,1329,15000
18434,12958,53,1330,15000
18435,6729,53,1331,15000
18436,12959,53,1332,15000
18437,8215,53,1333,15000
18438,12960,53,1334,15000
18439,9115,53,1335,15000
18440,9446,53,1336,15000
18441,1389,53,1337,15000
18442,4004,53,1338,15000
18443,10650,53,1339,15000
18444,12961,53,1340,15000
18445,10469,53,1341,15000
18446,12962,53,1342,15000
18447,12963,53,1343,15000
18448,12964,53,1344,15000
18449,12965,53,1345,15000
18450,12966,53,1346,15000
18451,12967,53,1347,15000
18452,12968,53,1348,15000
18453,12969,53,1349,15000
18454,10721,53,1350,15000
18455,12970,53,1351,15000
18456,12971,53,1352,15000
18457,12972,53,1353,15000
18458,997,53,1354,15000
18459,12973,53,1355,15000
18460,8936,53,1356,15000
18461,9858,53,1357,15000
18462,12974,53,1358,15000
18463,8981,53,1359,15000
18464,12975,53,1360,15000
18465,12976,53,1361,15000
18466,12977,53,1362,15000
18467,11724,53,1363,15000
18468,12978,53,1364,15000
18469,5825,53,1365,15000
18470,12979,53,1366,15000
18471,6376,53,1367,15000
18472,12980,53,1368,15000
18473,102,53,1369,15000
18474,12981,53,1370,15000
18475,12982,53,1371,15000
18476,12983,53,1372,15000
18477,12984,53,1373,15000
18478,12985,53,1374,15000
18479,11873,53,1375,15000
18480,12986,53,1376,15000
18481,12987,53,1377,15000
18482,12988,53,1378,15000
18483,12989,53,1379,15000
18484,12990,53,1380,15000
18485,7542,53,1381,15000
18486,12991,53,1382,15000
18487,12992,53,1383,15000
18488,12993,53,1384,15000
18489,12994,53,1385,15000
18490,12995,53,1386,15000
18491,7103,53,1387,15000
18492,12996,53,1388,15000
18493,12997,53,1389,15000
18494,12998,53,1390,15000
18495,12999,53,1391,15000
18496,13000,53,1392,15000
18497,10380,53,1393,15000
18498,5386,53,1394,15000
18499,13001,53,1395,15000
18500,13002,53,1396,15000
18501,5587,53,1397,15000
18502,13003,53,1398,15000
18503,5031,53,1399,15000
18504,6134,53,1400,15000
18505,13004,53,1401,15000
18506,13005,53,1402,15000
18507,13006,53,1403,15000
18508,13007,53,1404,15000
18509,13008,53,1405,15000
18510,7835,53,1406,15000
18511,11845,53,1407,15000
18512,13009,53,1408,15000
18513,11392,53,1409,15000
18514,5797,53,1410,15000
18515,10778,53,1411,15000
18516,13010,53,1412,15000
18517,9198,53,1413,15000
18518,13011,53,1414,15000
18519,13012,53,1415,15000
18520,13013,53,1416,15000
18521,13014,53,1417,15000
18522,13015,53,1418,15000
18523,13016,53,1419,15000
18524,13017,53,1420,15000
18525,5320,53,1421,15000
18526,13018,53,1422,15000
18527,11489,53,1423,15000
18528,13019,53,1424,15000
18529,4742,53,1425,15000
18530,13020,53,1426,15000
18531,13021,53,1427,15000
18532,4966,53,1428,15000
18533,13022,53,1429,15000
18534,13023,53,1430,15000
18535,13024,53,1431,15000
18536,13025,53,1432,15000
18537,13026,53,1433,15000
18538,13027,53,1434,15000
18539,7260,53,1435,15000
18540,13028,53,1436,15000
18541,8537,53,1437,15000
18542,13029,53,1438,15000
18543,10842,53,1439,15000
18544,13030,53,1440,15000
18545,11298,53,1441,15000
18546,4892,53,1442,15000
18547,13031,53,1443,15000
18548,13032,53,1444,15000
18549,13033,53,1445,15000
18550,5449,53,1446,15000
18551,13034,53,1447,15000
18552,13035,53,1448,15000
18553,13036,53,1449,15000
18554,13037,53,1450,15000
18555,3997,53,1451,15000
18556,13038,53,1452,15000
18557,7099,53,1453,15000
18558,13039,53,1454,15000
18559,11955,53,1455,15000
18560,13040,53,1456,15000
18561,13041,53,1457,15000
18562,13042,53,1458,15000
18563,13043,53,1459,15000
18564,7355,53,1460,15000
18565,13044,53,1461,15000
18566,13045,53,1462,15000
18567,13046,53,1463,15000
18568,6152,53,1464,15000
18569,13047,53,1465,15000
18570,9791,53,1466,15000
18571,5198,53,1467,15000
18572,343,53,1468,15000
18573,13048,53,1469,15000
18574,10523,53,1470,15000
18575,11758,53,1471,15000
18576,6398,53,1472,15000
18577,13049,53,1473,15000
18578,13050,53,1474,15000
18579,6185,53,1475,15000
18580,13051,53,1476,15000
18581,13052,53,1477,15000
18582,9887,53,1478,15000
18583,13053,53,1479,15000
18584,8459,53,1480,15000
18585,13054,53,1481,15000
18586,4026,53,1482,15000
18587,13055,53,1483,15000
18588,13056,53,1484,15000
18589,13057,53,1485,15000
18590,13058,53,1486,15000
18591,13059,53,1487,15000
18592,13060,53,1488,15000
18593,10501,53,1489,15000
18594,13061,53,1490,15000
18595,8689,53,1491,15000
18596,13062,53,1492,15000
18597,13063,53,1493,15000
18598,13064,53,1494,15000
18599,4533,53,1495,15000
18600,13065,53,1496,15000
18601,5936,53,1497,15000
18602,13066,53,1498,15000
18603,13067,53,1499,15000
18604,5768,53,1500,15000
18605,13068,53,1501,15000
18606,13069,53,1502,15000
18607,13070,53,1503,15000
18608,13071,53,1504,15000
18609,13072,53,1505,15000
18610,13073,53,1506,15000
18611,13074,53,1507,15000
18612,13075,53,1508,15000
18613,13076,53,1509,15000
18614,13077,53,1510,15000
18615,13078,53,1511,15000
18616,13079,53,1512,15000
18617,13080,53,1513,15000
18618,13081,53,1514,15000
18619,13082,53,1515,15000
18620,13083,53,1516,15000
18621,13084,53,1517,7500
18622,13085,54,1,10000000
18623,13086,54,2,6000000
18624,13087,54,3,4000000
18625,13088,54,4,3000000
18626,13089,54,5,2400000
18627,13090,54,6,1900000
18628,13091,54,7,1500000
18629,13092,54,8,1250000
18630,13093,54,9,1000000
18631,13094,54,10,750000
18632,13095,54,11,750000
18633,13096,54,12,560250
18634,13097,54,13,560250
18635,13098,54,14,450000
18636,13099,54,15,450000
18637,13100,54,16,450000
18638,13101,54,17,450000
18639,13102,54,18,360000
18640,13103,54,19,360000
18641,13104,54,20,360000
18642,13105,54,21,360000
18643,13106,54,22,360000
18644,13107,54,23,360000
18645,13108,54,24,360000
18646,13109,54,25,360000
18647,13110,54,26,360000
18648,13111,54,27,300000
18649,13112,54,28,300000
18650,13113,54,29,300000
18651,13114,54,30,300000
18652,13115,54,31,300000
18653,13116,54,32,300000
18654,13117,54,33,300000
18655,13118,54,34,300000
18656,13119,54,35,300000
18657,13120,54,36,240000
18658,13121,54,37,240000
18659,13122,54,38,240000
18660,13123,54,39,240000
18661,13124,54,40,240000
18662,13125,54,41,240000
18663,13126,54,42,240000
18664,13127,54,43,240000
18665,13128,54,44,240000
18666,13129,54,45,200000
18667,13130,54,46,200000
18668,13131,54,47,200000
18669,13132,54,48,200000
18670,13133,54,49,200000
18671,13134,54,50,200000
18672,13135,54,51,200000
18673,13136,54,52,200000
18674,13137,54,53,200000
18675,13138,54,54,165000
18676,13139,54,55,165000
18677,13140,54,56,165000
18678,13141,54,57,165000
18679,13142,54,58,165000
18680,13143,54,59,165000
18681,13144,54,60,165000
18682,13145,54,61,165000
18683,13146,54,62,165000
18684,13147,54,63,135000
18685,13148,54,64,135000
18686,13149,54,65,135000
18687,13150,54,66,135000
18688,13151,54,67,135000
18689,13152,54,68,135000
18690,13153,54,69,135000
18691,13154,54,70,135000
18692,13155,54,71,135000
18693,13156,54,72,115000
18694,13157,54,73,115000
18695,13158,54,74,115000
18696,13159,54,75,115000
18697,13160,54,76,115000
18698,13161,54,77,115000
18699,13162,54,78,115000
18700,13163,54,79,115000
18701,13164,54,80,115000
18702,13165,54,81,100000
18703,13166,54,82,100000
18704,13167,54,83,100000
18705,13168,54,84,100000
18706,13169,54,85,100000
18707,13170,54,86,100000
18708,13171,54,87,100000
18709,13172,54,88,100000
18710,13173,54,89,100000
18711,13174,54,90,85000
18712,13175,54,91,85000
18713,13176,54,92,85000
18714,13177,54,93,85000
18715,13178,54,94,85000
18716,13179,54,95,85000
18717,13180,54,96,85000
18718,13181,54,97,85000
18719,13182,54,98,85000
18720,13183,54,99,70000
18721,13184,54,100,70000
18722,13185,54,101,70000
18723,13186,54,102,70000
18724,13187,54,103,70000
18725,13188,54,104,70000
18726,13189,54,105,70000
18727,13190,54,106,70000
18728,13191,54,107,70000
18729,13192,54,108,70000
18730,13193,54,109,70000
18731,13194,54,110,70000
18732,13195,54,111,70000
18733,13196,54,112,70000
18734,13197,54,113,70000
18735,13198,54,114,70000
18736,13199,54,115,70000
18737,13200,54,116,70000
18738,13201,54,117,70000
18739,13202,54,118,70000
18740,13203,54,119,70000
18741,13204,54,120,70000
18742,13205,54,121,70000
18743,13206,54,122,70000
18744,13207,54,123,70000
18745,13208,54,124,70000
18746,13209,54,125,70000
18747,13210,54,126,70000
18748,13211,54,127,70000
18749,13212,54,128,70000
18750,13213,54,129,70000
18751,13214,54,130,70000
18752,13215,54,131,70000
18753,13216,54,132,70000
18754,13217,54,133,70000
18755,13218,54,134,70000
18756,13219,54,135,70000
18757,13220,54,136,70000
18758,13221,54,137,70000
18759,13222,54,138,70000
18760,13223,54,139,70000
18761,13224,54,140,70000
18762,13225,54,141,70000
18763,13226,54,142,70000
18764,13227,54,143,70000
18765,13228,54,144,70000
18766,13229,54,145,70000
18767,13230,54,146,70000
18768,13231,54,147,70000
18769,13232,54,148,70000
18770,13233,54,149,70000
18771,13234,54,150,70000
18772,13235,54,151,70000
18773,13236,54,152,70000
18774,13237,54,153,70000
18775,13238,54,154,70000
18776,13239,54,155,70000
18777,13240,54,156,70000
18778,13241,54,157,70000
18779,13242,54,158,70000
18780,13243,54,159,70000
18781,13244,54,160,70000
18782,13245,54,161,70000
18783,13246,54,162,60000
18784,13247,54,163,60000
18785,13248,54,164,60000
18786,13249,54,165,60000
18787,13250,54,166,60000
18788,13251,54,167,60000
18789,13252,54,168,60000
18790,13253,54,169,60000
18791,13254,54,170,60000
18792,13255,54,171,60000
18793,13256,54,172,60000
18794,13257,54,173,60000
18795,13258,54,174,60000
18796,13259,54,175,60000
18797,13260,54,176,60000
18798,13261,54,177,60000
18799,13262,54,178,60000
18800,13263,54,179,60000
18801,13264,54,180,60000
18802,13265,54,181,60000
18803,13266,54,182,60000
18804,13267,54,183,60000
18805,13268,54,184,60000
18806,13269,54,185,60000
18807,13270,54,186,60000
18808,13271,54,187,60000
18809,13272,54,188,60000
18810,13273,54,189,60000
18811,13274,54,190,60000
18812,13275,54,191,60000
18813,13276,54,192,60000
18814,13277,54,193,60000
18815,13278,54,194,60000
18816,13279,54,195,60000
18817,13280,54,196,60000
18818,13281,54,197,60000
18819,13282,54,198,60000
18820,13283,54,199,60000
18821,13284,54,200,60000
18822,13285,54,201,60000
18823,13286,54,202,60000
18824,13287,54,203,60000
18825,13288,54,204,60000
18826,13289,54,205,60000
18827,13290,54,206,60000
18828,13291,54,207,60000
18829,13292,54,208,60000
18830,13293,54,209,60000
18831,13294,54,210,60000
18832,13295,54,211,60000
18833,13296,54,212,60000
18834,13297,54,213,60000
18835,13298,54,214,60000
18836,13299,54,215,60000
18837,13300,54,216,60000
18838,13301,54,217,60000
18839,13302,54,218,60000
18840,13303,54,219,60000
18841,13304,54,220,60000
18842,13305,54,221,60000
18843,13306,54,222,60000
18844,13307,54,223,60000
18845,13308,54,224,60000
18846,13309,54,225,52500
18847,13310,54,226,52500
18848,13311,54,227,52500
18849,13312,54,228,52500
18850,13313,54,229,52500
18851,13314,54,230,52500
18852,13315,54,231,52500
18853,13316,54,232,52500
18854,13317,54,233,52500
18855,13318,54,234,52500
18856,13319,54,235,52500
18857,13320,54,236,52500
18858,13321,54,237,52500
18859,13322,54,238,52500
18860,13323,54,239,52500
18861,13324,54,240,52500
18862,13325,54,241,52500
18863,13326,54,242,52500
18864,13327,54,243,52500
18865,13328,54,244,52500
18866,13329,54,245,52500
18867,13330,54,246,52500
18868,13331,54,247,52500
18869,13332,54,248,52500
18870,13333,54,249,52500
18871,13334,54,250,52500
18872,13335,54,251,52500
18873,13336,54,252,52500
18874,13337,54,253,52500
18875,13338,54,254,52500
18876,13339,54,255,52500
18877,13340,54,256,52500
18878,13341,54,257,52500
18879,13342,54,258,52500
18880,13343,54,259,52500
18881,13344,54,260,52500
18882,13345,54,261,52500
18883,13346,54,262,52500
18884,13347,54,263,52500
18885,13348,54,264,52500
18886,13349,54,265,52500
18887,13350,54,266,52500
18888,13351,54,267,52500
18889,13352,54,268,52500
18890,13353,54,269,52500
18891,13354,54,270,52500
18892,13355,54,271,52500
18893,13356,54,272,52500
18894,13357,54,273,52500
18895,13358,54,274,52500
18896,13359,54,275,52500
18897,13360,54,276,52500
18898,13361,54,277,52500
18899,13362,54,278,52500
18900,13363,54,279,52500
18901,13364,54,280,52500
18902,13365,54,281,52500
18903,13366,54,282,52500
18904,13367,54,283,52500
18905,13368,54,284,52500
18906,13369,54,285,52500
18907,13370,54,286,52500
18908,13371,54,287,52500
18909,13372,54,288,45000
18910,13373,54,289,45000
18911,13374,54,290,45000
18912,13375,54,291,45000
18913,13376,54,292,45000
18914,13377,54,293,45000
18915,13378,54,294,45000
18916,13379,54,295,45000
18917,13380,54,296,45000
18918,13381,54,297,45000
18919,13382,54,298,45000
18920,13383,54,299,45000
18921,13384,54,300,45000
18922,13385,54,301,45000
18923,13386,54,302,45000
18924,13387,54,303,45000
18925,13388,54,304,45000
18926,13389,54,305,45000
18927,13390,54,306,45000
18928,13391,54,307,45000
18929,13392,54,308,45000
18930,13393,54,309,45000
18931,13394,54,310,45000
18932,13395,54,311,45000
18933,13396,54,312,45000
18934,13397,54,313,45000
18935,13398,54,314,45000
18936,13399,54,315,45000
18937,13400,54,316,45000
18938,13401,54,317,45000
18939,13402,54,318,45000
18940,13403,54,319,45000
18941,13404,54,320,45000
18942,13405,54,321,45000
18943,13406,54,322,45000
18944,13407,54,323,45000
18945,13408,54,324,45000
18946,13409,54,325,45000
18947,13410,54,326,45000
18948,13411,54,327,45000
18949,13412,54,328,45000
18950,13413,54,329,45000
18951,13414,54,330,45000
18952,13415,54,331,45000
18953,13416,54,332,45000
18954,13417,54,333,45000
18955,13418,54,334,45000
18956,13419,54,335,45000
18957,13420,54,336,45000
18958,13421,54,337,45000
18959,13422,54,338,45000
18960,13423,54,339,45000
18961,13424,54,340,45000
18962,13425,54,341,45000
18963,13426,54,342,45000
18964,13427,54,343,45000
18965,13428,54,344,45000
18966,13429,54,345,45000
18967,13430,54,346,45000
18968,13431,54,347,45000
18969,13432,54,348,45000
18970,13433,54,349,45000
18971,13434,54,350,45000
18972,13435,54,351,40000
18973,13436,54,352,40000
18974,13437,54,353,40000
18975,13438,54,354,40000
18976,13439,54,355,40000
18977,13440,54,356,40000
18978,13441,54,357,40000
18979,13442,54,358,40000
18980,13443,54,359,40000
18981,13444,54,360,40000
18982,13445,54,361,40000
18983,13446,54,362,40000
18984,13447,54,363,40000
18985,13448,54,364,40000
18986,13449,54,365,40000
18987,13450,54,366,40000
18988,13451,54,367,40000
18989,13452,54,368,40000
18990,13453,54,369,40000
18991,13454,54,370,40000
18992,13455,54,371,40000
18993,13456,54,372,40000
18994,13457,54,373,40000
18995,13458,54,374,40000
18996,13459,54,375,40000
18997,13460,54,376,40000
18998,13461,54,377,40000
18999,13462,54,378,40000
19000,13463,54,379,40000
19001,13464,54,380,40000
19002,13465,54,381,40000
19003,13466,54,382,40000
19004,13467,54,383,40000
19005,13468,54,384,40000
19006,13469,54,385,40000
19007,13470,54,386,40000
19008,13471,54,387,40000
19009,13472,54,388,40000
19010,13473,54,389,40000
19011,13474,54,390,40000
19012,13475,54,391,40000
19013,13476,54,392,40000
19014,13477,54,393,40000
19015,13478,54,394,40000
19016,13479,54,395,40000
19017,13480,54,396,40000
19018,13481,54,397,40000
19019,13482,54,398,40000
19020,13483,54,399,40000
19021,13484,54,400,40000
19022,13485,54,401,40000
19023,13486,54,402,40000
19024,13487,54,403,40000
19025,13488,54,404,40000
19026,13489,54,405,40000
19027,13490,54,406,40000
19028,13491,54,407,40000
19029,13492,54,408,40000
19030,13493,54,409,40000
19031,13494,54,410,40000
19032,13495,54,411,40000
19033,13496,54,412,40000
19034,13497,54,413,40000
19035,13498,54,414,35000
19036,13499,54,415,35000
19037,13500,54,416,35000
19038,13501,54,417,35000
19039,13502,54,418,35000
19040,13503,54,419,35000
19041,13504,54,420,35000
19042,13505,54,421,35000
19043,13506,54,422,35000
19044,13507,54,423,35000
19045,13508,54,424,35000
19046,13509,54,425,35000
19047,13510,54,426,35000
19048,13511,54,427,35000
19049,13512,54,428,35000
19050,13513,54,429,35000
19051,13514,54,430,35000
19052,13515,54,431,35000
19053,13516,54,432,35000
19054,13517,54,433,35000
19055,13518,54,434,35000
19056,13519,54,435,35000
19057,13520,54,436,35000
19058,13521,54,437,35000
19059,13522,54,438,35000
19060,13523,54,439,35000
19061,13524,54,440,35000
19062,13525,54,441,35000
19063,13526,54,442,35000
19064,13527,54,443,35000
19065,13528,54,444,35000
19066,13529,54,445,35000
19067,13530,54,446,35000
19068,13531,54,447,35000
19069,13532,54,448,35000
19070,13533,54,449,35000
19071,13534,54,450,35000
19072,13535,54,451,35000
19073,13536,54,452,35000
19074,13537,54,453,35000
19075,13538,54,454,35000
19076,13539,54,455,35000
19077,13540,54,456,35000
19078,13541,54,457,35000
19079,13542,54,458,35000
19080,13543,54,459,35000
19081,13544,54,460,35000
19082,13545,54,461,35000
19083,13546,54,462,35000
19084,13547,54,463,35000
19085,13548,54,464,35000
19086,13549,54,465,35000
19087,13550,54,466,35000
19088,13551,54,467,35000
19089,13552,54,468,35000
19090,13553,54,469,35000
19091,13554,54,470,35000
19092,13555,54,471,35000
19093,13556,54,472,35000
19094,13557,54,473,35000
19095,13558,54,474,35000
19096,13559,54,475,35000
19097,13560,54,476,35000
19098,13561,54,477,32500
19099,13562,54,478,32500
19100,13563,54,479,32500
19101,13564,54,480,32500
19102,13565,54,481,32500
19103,13566,54,482,32500
19104,13567,54,483,32500
19105,13568,54,484,32500
19106,13569,54,485,32500
19107,13570,54,486,32500
19108,13571,54,487,32500
19109,13572,54,488,32500
19110,13573,54,489,32500
19111,13574,54,490,32500
19112,13575,54,491,32500
19113,13576,54,492,32500
19114,13577,54,493,32500
19115,13578,54,494,32500
19116,13579,54,495,32500
19117,13580,54,496,32500
19118,13581,54,497,32500
19119,13582,54,498,32500
19120,13583,54,499,32500
19121,13584,54,500,32500
19122,13585,54,501,32500
19123,13586,54,502,32500
19124,13587,54,503,32500
19125,13588,54,504,32500
19126,13589,54,505,32500
19127,13590,54,506,32500
19128,13591,54,507,32500
19129,13592,54,508,32500
19130,13593,54,509,32500
19131,13594,54,510,32500
19132,13595,54,511,32500
19133,13596,54,512,32500
19134,13597,54,513,32500
19135,13598,54,514,32500
19136,13599,54,515,32500
19137,13600,54,516,32500
19138,13601,54,517,32500
19139,13602,54,518,32500
19140,13603,54,519,32500
19141,13604,54,520,32500
19142,13605,54,521,32500
19143,13606,54,522,32500
19144,13607,54,523,32500
19145,13608,54,524,32500
19146,13609,54,525,32500
19147,13610,54,526,32500
19148,13611,54,527,32500
19149,13612,54,528,32500
19150,13613,54,529,32500
19151,13614,54,530,32500
19152,13615,54,531,32500
19153,13616,54,532,32500
19154,13617,54,533,32500
19155,13618,54,534,32500
19156,13619,54,535,32500
19157,13620,54,536,32500
19158,13621,54,537,32500
19159,13622,54,538,32500
19160,13623,54,539,32500
19161,13624,54,540,30000
19162,13625,54,541,30000
19163,13626,54,542,30000
19164,13627,54,543,30000
19165,13628,54,544,30000
19166,13629,54,545,30000
19167,13630,54,546,30000
19168,13631,54,547,30000
19169,13632,54,548,30000
19170,13633,54,549,30000
19171,13634,54,550,30000
19172,13635,54,551,30000
19173,13636,54,552,30000
19174,13637,54,553,30000
19175,13638,54,554,30000
19176,13639,54,555,30000
19177,13640,54,556,30000
19178,13641,54,557,30000
19179,13642,54,558,30000
19180,13643,54,559,30000
19181,13644,54,560,30000
19182,13645,54,561,30000
19183,13646,54,562,30000
19184,13647,54,563,30000
19185,13648,54,564,30000
19186,13649,54,565,30000
19187,13650,54,566,30000
19188,13651,54,567,30000
19189,13652,54,568,30000
19190,13653,54,569,30000
19191,13654,54,570,30000
19192,13655,54,571,30000
19193,13656,54,572,30000
19194,13657,54,573,30000
19195,13658,54,574,30000
19196,13659,54,575,30000
19197,13660,54,576,30000
19198,13661,54,577,30000
19199,13662,54,578,30000
19200,13663,54,579,30000
19201,13664,54,580,30000
19202,13665,54,581,30000
19203,13666,54,582,30000
19204,13667,54,583,30000
19205,13668,54,584,30000
19206,13669,54,585,30000
19207,13670,54,586,30000
19208,13671,54,587,30000
19209,13672,54,588,30000
19210,13673,54,589,30000
19211,13674,54,590,30000
19212,13675,54,591,30000
19213,13676,54,592,30000
19214,13677,54,593,30000
19215,13678,54,594,30000
19216,13679,54,595,30000
19217,13680,54,596,30000
19218,13681,54,597,30000
19219,13682,54,598,30000
19220,13683,54,599,30000
19221,13684,54,600,30000
19222,13685,54,601,30000
19223,13686,54,602,30000
19224,13687,54,603,27500
19225,13688,54,604,27500
19226,13689,54,605,27500
19227,13690,54,606,27500
19228,13691,54,607,27500
19229,13692,54,608,27500
19230,13693,54,609,27500
19231,13694,54,610,27500
19232,13695,54,611,27500
19233,13696,54,612,27500
19234,13697,54,613,27500
19235,13698,54,614,27500
19236,13699,54,615,27500
19237,13700,54,616,27500
19238,13701,54,617,27500
19239,13702,54,618,27500
19240,13703,54,619,27500
19241,13704,54,620,27500
19242,13705,54,621,27500
19243,13706,54,622,27500
19244,13707,54,623,27500
19245,13708,54,624,27500
19246,13709,54,625,27500
19247,13710,54,626,27500
19248,13711,54,627,27500
19249,13712,54,628,27500
19250,13713,54,629,27500
19251,13714,54,630,27500
19252,13715,54,631,27500
19253,13716,54,632,27500
19254,13717,54,633,27500
19255,13718,54,634,27500
19256,13719,54,635,27500
19257,13720,54,636,27500
19258,13721,54,637,27500
19259,13722,54,638,27500
19260,13723,54,639,27500
19261,13724,54,640,27500
19262,13725,54,641,27500
19263,13726,54,642,27500
19264,13727,54,643,27500
19265,13728,54,644,27500
19266,13729,54,645,27500
19267,13730,54,646,27500
19268,13731,54,647,27500
19269,13732,54,648,27500
19270,13733,54,649,27500
19271,13734,54,650,27500
19272,13735,54,651,27500
19273,13736,54,652,27500
19274,13737,54,653,27500
19275,13738,54,654,27500
19276,13739,54,655,27500
19277,13740,54,656,27500
19278,13741,54,657,27500
19279,13742,54,658,27500
19280,13743,54,659,27500
19281,13744,54,660,27500
19282,13745,54,661,27500
19283,13746,54,662,27500
19284,13747,54,663,27500
19285,13748,54,664,27500
19286,13749,54,665,27500
19287,13750,54,666,25000
19288,13751,54,667,25000
19289,13752,54,668,25000
19290,13753,54,669,25000
19291,13754,54,670,25000
19292,13755,54,671,25000
19293,13756,54,672,25000
19294,13757,54,673,25000
19295,13758,54,674,25000
19296,13759,54,675,25000
19297,13760,54,676,25000
19298,13761,54,677,25000
19299,13762,54,678,25000
19300,13763,54,679,25000
19301,13764,54,680,25000
19302,13765,54,681,25000
19303,13766,54,682,25000
19304,13767,54,683,25000
19305,13768,54,684,25000
19306,13769,54,685,25000
19307,13770,54,686,25000
19308,13771,54,687,25000
19309,13772,54,688,25000
19310,13773,54,689,25000
19311,13774,54,690,25000
19312,13775,54,691,25000
19313,13776,54,692,25000
19314,13777,54,693,25000
19315,13778,54,694,25000
19316,13779,54,695,25000
19317,13780,54,696,25000
19318,13781,54,697,25000
19319,13782,54,698,25000
19320,13783,54,699,25000
19321,13784,54,700,25000
19322,13785,54,701,25000
19323,13786,54,702,25000
19324,13787,54,703,25000
19325,13788,54,704,25000
19326,13789,54,705,25000
19327,13790,54,706,25000
19328,13791,54,707,25000
19329,13792,54,708,25000
19330,13793,54,709,25000
19331,13794,54,710,25000
19332,13795,54,711,25000
19333,13796,54,712,25000
19334,13797,54,713,25000
19335,13798,54,714,25000
19336,13799,54,715,25000
19337,13800,54,716,25000
19338,13801,54,717,25000
19339,13802,54,718,25000
19340,13803,54,719,25000
19341,13804,54,720,25000
19342,13805,54,721,25000
19343,13806,54,722,25000
19344,13807,54,723,25000
19345,13808,54,724,25000
19346,13809,54,725,25000
19347,13810,54,726,25000
19348,13811,54,727,25000
19349,13812,54,728,25000
19350,13813,54,729,25000
19351,13814,54,730,25000
19352,13815,54,731,25000
19353,13816,54,732,25000
19354,13817,54,733,25000
19355,13818,54,734,25000
19356,6797,54,735,25000
19357,13819,54,736,25000
19358,13820,54,737,25000
19359,13821,54,738,25000
19360,13822,54,739,25000
19361,13823,54,740,25000
19362,13824,54,741,25000
19363,13825,54,742,25000
19364,13826,54,743,25000
19365,13827,54,744,25000
19366,13828,54,745,25000
19367,13829,54,746,25000
19368,13830,54,747,25000
19369,13831,54,748,25000
19370,13832,54,749,25000
19371,13833,54,750,25000
19372,13834,54,751,25000
19373,13835,54,752,25000
19374,13836,54,753,25000
19375,13837,54,754,25000
19376,13838,54,755,25000
19377,13839,54,756,25000
19378,13840,54,757,25000
19379,13841,54,758,25000
19380,13842,54,759,25000
19381,13843,54,760,25000
19382,13844,54,761,25000
19383,13845,54,762,25000
19384,13846,54,763,25000
19385,13847,54,764,25000
19386,13848,54,765,22500
19387,13849,54,766,22500
19388,13850,54,767,22500
19389,13851,54,768,22500
19390,13852,54,769,22500
19391,13853,54,770,22500
19392,13854,54,771,22500
19393,13855,54,772,22500
19394,13856,54,773,22500
19395,13857,54,774,22500
19396,13858,54,775,22500
19397,13859,54,776,22500
19398,13860,54,777,22500
19399,13861,54,778,22500
19400,13862,54,779,22500
19401,13863,54,780,22500
19402,13864,54,781,22500
19403,13865,54,782,22500
19404,13866,54,783,22500
19405,13867,54,784,22500
19406,13868,54,785,22500
19407,13869,54,786,22500
19408,13870,54,787,22500
19409,13871,54,788,22500
19410,13872,54,789,22500
19411,13873,54,790,22500
19412,13874,54,791,22500
19413,13875,54,792,22500
19414,13876,54,793,22500
19415,13877,54,794,22500
19416,13878,54,795,22500
19417,13879,54,796,22500
19418,13880,54,797,22500
19419,13881,54,798,22500
19420,13882,54,799,22500
19421,13883,54,800,22500
19422,13884,54,801,22500
19423,13885,54,802,22500
19424,13886,54,803,22500
19425,13887,54,804,22500
19426,13888,54,805,22500
19427,13889,54,806,22500
19428,13890,54,807,22500
19429,13891,54,808,22500
19430,13892,54,809,22500
19431,13893,54,810,22500
19432,13894,54,811,22500
19433,13895,54,812,22500
19434,13896,54,813,22500
19435,13897,54,814,22500
19436,13898,54,815,22500
19437,13899,54,816,22500
19438,13900,54,817,22500
19439,13901,54,818,22500
19440,13902,54,819,22500
19441,13903,54,820,22500
19442,13904,54,821,22500
19443,13905,54,822,22500
19444,13906,54,823,22500
19445,13907,54,824,22500
19446,13908,54,825,22500
19447,13909,54,826,22500
19448,13910,54,827,22500
19449,13911,54,828,22500
19450,13912,54,829,22500
19451,13913,54,830,22500
19452,13914,54,831,22500
19453,13915,54,832,22500
19454,13916,54,833,22500
19455,13917,54,834,22500
19456,13918,54,835,22500
19457,13919,54,836,22500
19458,13920,54,837,22500
19459,13921,54,838,22500
19460,13922,54,839,22500
19461,13923,54,840,22500
19462,13924,54,841,22500
19463,13925,54,842,22500
19464,13926,54,843,22500
19465,13927,54,844,22500
19466,13928,54,845,22500
19467,13929,54,846,22500
19468,13930,54,847,22500
19469,13931,54,848,22500
19470,13932,54,849,22500
19471,13933,54,850,22500
19472,13934,54,851,22500
19473,13935,54,852,22500
19474,13936,54,853,22500
19475,13937,54,854,22500
19476,13938,54,855,22500
19477,13939,54,856,22500
19478,13940,54,857,22500
19479,13941,54,858,22500
19480,13942,54,859,22500
19481,13943,54,860,22500
19482,13944,54,861,22500
19483,13945,54,862,22500
19484,13946,54,863,22500
19485,13947,54,864,20000
19486,13948,54,865,20000
19487,13949,54,866,20000
19488,13950,54,867,20000
19489,13951,54,868,20000
19490,13952,54,869,20000
19491,13953,54,870,20000
19492,13954,54,871,20000
19493,13955,54,872,20000
19494,13956,54,873,20000
19495,13957,54,874,20000
19496,13958,54,875,20000
19497,13959,54,876,20000
19498,13960,54,877,20000
19499,13961,54,878,20000
19500,13962,54,879,20000
19501,13963,54,880,20000
19502,13964,54,881,20000
19503,13965,54,882,20000
19504,13966,54,883,20000
19505,13967,54,884,20000
19506,13968,54,885,20000
19507,13969,54,886,20000
19508,13970,54,887,20000
19509,13971,54,888,20000
19510,13972,54,889,20000
19511,13973,54,890,20000
19512,13974,54,891,20000
19513,13975,54,892,20000
19514,13976,54,893,20000
19515,13977,54,894,20000
19516,13978,54,895,20000
19517,13979,54,896,20000
19518,13980,54,897,20000
19519,13981,54,898,20000
19520,13982,54,899,20000
19521,13983,54,900,20000
19522,13984,54,901,20000
19523,13985,54,902,20000
19524,13986,54,903,20000
19525,13987,54,904,20000
19526,13988,54,905,20000
19527,13989,54,906,20000
19528,13990,54,907,20000
19529,13991,54,908,20000
19530,13992,54,909,20000
19531,13993,54,910,20000
19532,13994,54,911,20000
19533,13995,54,912,20000
19534,13996,54,913,20000
19535,13997,54,914,20000
19536,13998,54,915,20000
19537,13999,54,916,20000
19538,14000,54,917,20000
19539,14001,54,918,20000
19540,14002,54,919,20000
19541,14003,54,920,20000
19542,14004,54,921,20000
19543,14005,54,922,20000
19544,14006,54,923,20000
19545,14007,54,924,20000
19546,14008,54,925,20000
19547,14009,54,926,20000
19548,14010,54,927,20000
19549,14011,54,928,20000
19550,14012,54,929,20000
19551,14013,54,930,20000
19552,14014,54,931,20000
19553,14015,54,932,20000
19554,14016,54,933,20000
19555,14017,54,934,20000
19556,14018,54,935,20000
19557,14019,54,936,20000
19558,14020,54,937,20000
19559,14021,54,938,20000
19560,14022,54,939,20000
19561,14023,54,940,20000
19562,14024,54,941,20000
19563,14025,54,942,20000
19564,14026,54,943,20000
19565,14027,54,944,20000
19566,14028,54,945,20000
19567,14029,54,946,20000
19568,14030,54,947,20000
19569,14031,54,948,20000
19570,14032,54,949,20000
19571,14033,54,950,20000
19572,14034,54,951,20000
19573,14035,54,952,20000
19574,14036,54,953,20000
19575,14037,54,954,20000
19576,14038,54,955,20000
19577,14039,54,956,20000
19578,14040,54,957,20000
19579,14041,54,958,20000
19580,14042,54,959,20000
19581,14043,54,960,20000
19582,14044,54,961,20000
19583,14045,54,962,20000
19584,14046,54,963,20000
19585,14047,54,964,20000
19586,14048,54,965,20000
19587,14049,54,966,20000
19588,14050,54,967,20000
19589,14051,54,968,20000
19590,14052,54,969,20000
19591,14053,54,970,20000
19592,14054,54,971,20000
19593,14055,54,972,20000
19594,14056,54,973,20000
19595,14057,54,974,20000
19596,14058,54,975,20000
19597,14059,54,976,20000
19598,14060,54,977,20000
19599,14061,54,978,20000
19600,14062,54,979,20000
19601,14063,54,980,20000
19602,14064,54,981,20000
19603,14065,54,982,20000
19604,14066,54,983,20000
19605,14067,54,984,20000
19606,14068,54,985,20000
19607,14069,54,986,20000
19608,14070,54,987,20000
19609,14071,54,988,20000
19610,14072,54,989,20000
19611,14073,54,990,20000
19612,14074,54,991,20000
19613,14075,54,992,20000
19614,14076,54,993,20000
19615,14077,54,994,20000
19616,14078,54,995,20000
19617,14079,54,996,20000
19618,14080,54,997,20000
19619,14081,54,998,20000
19620,14082,54,999,20000
19621,14083,54,1000,20000
19622,14084,54,1001,20000
19623,14085,54,1002,20000
19624,14086,54,1003,20000
19625,14087,54,1004,20000
19626,14088,54,1005,20000
19627,14089,54,1006,20000
19628,14090,54,1007,20000
19629,14091,54,1008,20000
19630,14092,54,1009,20000
19631,14093,54,1010,20000
19632,14094,54,1011,20000
19633,14095,54,1012,20000
19634,14096,54,1013,20000
19635,14097,54,1014,20000
19636,14098,54,1015,17500
19637,14099,54,1016,17500
19638,14100,54,1017,17500
19639,14101,54,1018,17500
19640,14102,54,1019,17500
19641,14103,54,1020,17500
19642,14104,54,1021,17500
19643,14105,54,1022,17500
19644,14106,54,1023,17500
19645,14107,54,1024,17500
19646,14108,54,1025,17500
19647,14109,54,1026,17500
19648,14110,54,1027,17500
19649,14111,54,1028,17500
19650,14112,54,1029,17500
19651,14113,54,1030,17500
19652,14114,54,1031,17500
19653,14115,54,1032,17500
19654,14116,54,1033,17500
19655,14117,54,1034,17500
19656,14118,54,1035,17500
19657,14119,54,1036,17500
19658,14120,54,1037,17500
19659,14121,54,1038,17500
19660,14122,54,1039,17500
19661,14123,54,1040,17500
19662,14124,54,1041,17500
19663,14125,54,1042,17500
19664,14126,54,1043,17500
19665,14127,54,1044,17500
19666,14128,54,1045,17500
19667,14129,54,1046,17500
19668,14130,54,1047,17500
19669,14131,54,1048,17500
19670,14132,54,1049,17500
19671,14133,54,1050,17500
19672,14134,54,1051,17500
19673,14135,54,1052,17500
19674,14136,54,1053,17500
19675,14137,54,1054,17500
19676,14138,54,1055,17500
19677,14139,54,1056,17500
19678,14140,54,1057,17500
19679,14141,54,1058,17500
19680,14142,54,1059,17500
19681,14143,54,1060,17500
19682,14144,54,1061,17500
19683,14145,54,1062,17500
19684,14146,54,1063,17500
19685,14147,54,1064,17500
19686,14148,54,1065,17500
19687,14149,54,1066,17500
19688,14150,54,1067,17500
19689,14151,54,1068,17500
19690,14152,54,1069,17500
19691,14153,54,1070,17500
19692,14154,54,1071,17500
19693,14155,54,1072,17500
19694,14156,54,1073,17500
19695,14157,54,1074,17500
19696,14158,54,1075,17500
19697,14159,54,1076,17500
19698,14160,54,1077,17500
19699,14161,54,1078,17500
19700,14162,54,1079,17500
19701,14163,54,1080,17500
19702,14164,54,1081,17500
19703,14165,54,1082,17500
19704,14166,54,1083,17500
19705,14167,54,1084,17500
19706,14168,54,1085,17500
19707,14169,54,1086,17500
19708,14170,54,1087,17500
19709,14171,54,1088,17500
19710,14172,54,1089,17500
19711,14173,54,1090,17500
19712,14174,54,1091,17500
19713,14175,54,1092,17500
19714,14176,54,1093,17500
19715,14177,54,1094,17500
19716,14178,54,1095,17500
19717,14179,54,1096,17500
19718,14180,54,1097,17500
19719,14181,54,1098,17500
19720,14182,54,1099,17500
19721,14183,54,1100,17500
19722,14184,54,1101,17500
19723,14185,54,1102,17500
19724,14186,54,1103,17500
19725,14187,54,1104,17500
19726,14188,54,1105,17500
19727,14189,54,1106,17500
19728,14190,54,1107,17500
19729,14191,54,1108,17500
19730,14192,54,1109,17500
19731,14193,54,1110,17500
19732,14194,54,1111,17500
19733,14195,54,1112,17500
19734,14196,54,1113,17500
19735,14197,54,1114,17500
19736,14198,54,1115,17500
19737,14199,54,1116,17500
19738,14200,54,1117,17500
19739,14201,54,1118,17500
19740,14202,54,1119,17500
19741,14203,54,1120,17500
19742,14204,54,1121,17500
19743,14205,54,1122,17500
19744,14206,54,1123,17500
19745,14207,54,1124,17500
19746,14208,54,1125,17500
19747,14209,54,1126,17500
19748,14210,54,1127,17500
19749,14211,54,1128,17500
19750,14212,54,1129,17500
19751,14213,54,1130,17500
19752,14214,54,1131,17500
19753,14215,54,1132,17500
19754,14216,54,1133,17500
19755,14217,54,1134,17500
19756,14218,54,1135,17500
19757,14219,54,1136,17500
19758,14220,54,1137,17500
19759,14221,54,1138,17500
19760,14222,54,1139,17500
19761,14223,54,1140,17500
19762,14224,54,1141,17500
19763,14225,54,1142,17500
19764,14226,54,1143,17500
19765,14227,54,1144,17500
19766,14228,54,1145,17500
19767,14229,54,1146,17500
19768,14230,54,1147,17500
19769,14231,54,1148,17500
19770,14232,54,1149,17500
19771,14233,54,1150,17500
19772,14234,54,1151,17500
19773,14235,54,1152,17500
19774,14236,54,1153,17500
19775,14237,54,1154,17500
19776,14238,54,1155,17500
19777,14239,54,1156,17500
19778,14240,54,1157,17500
19779,14241,54,1158,17500
19780,14242,54,1159,17500
19781,14243,54,1160,17500
19782,14244,54,1161,17500
19783,14245,54,1162,17500
19784,14246,54,1163,17500
19785,14247,54,1164,17500
19786,14248,54,1165,17500
19787,14249,54,1166,17500
19788,14250,54,1167,17500
19789,14251,54,1168,17500
19790,14252,54,1169,17500
19791,14253,54,1170,17500
19792,14254,54,1171,17500
19793,14255,54,1172,17500
19794,14256,54,1173,17500
19795,14257,54,1174,17500
19796,14258,54,1175,17500
19797,14259,54,1176,17500
19798,14260,54,1177,17500
19799,14261,54,1178,17500
19800,14262,54,1179,17500
19801,14263,54,1180,17500
19802,14264,54,1181,17500
19803,14265,54,1182,17500
19804,14266,54,1183,17500
19805,14267,54,1184,17500
19806,14268,54,1185,17500
19807,14269,54,1186,17500
19808,14270,54,1187,17500
19809,14271,54,1188,17500
19810,14272,54,1189,17500
19811,14273,54,1190,17500
19812,14274,54,1191,17500
19813,14275,54,1192,17500
19814,14276,54,1193,17500
19815,14277,54,1194,17500
19816,14278,54,1195,17500
19817,14279,54,1196,17500
19818,14280,54,1197,17500
19819,14281,54,1198,17500
19820,14282,54,1199,17500
19821,14283,54,1200,17500
19822,14284,54,1201,17500
19823,14285,54,1202,17500
19824,14286,54,1203,17500
19825,14287,54,1204,17500
19826,14288,54,1205,17500
19827,14289,54,1206,17500
19828,14290,54,1207,17500
19829,14291,54,1208,17500
19830,14292,54,1209,17500
19831,14293,54,1210,17500
19832,14294,54,1211,17500
19833,14295,54,1212,17500
19834,14296,54,1213,17500
19835,14297,54,1214,17500
19836,14298,54,1215,17500
19837,14299,54,1216,17500
19838,14300,54,1217,17500
19839,14301,54,1218,17500
19840,14302,54,1219,17500
19841,14303,54,1220,17500
19842,14304,54,1221,17500
19843,14305,54,1222,17500
19844,14306,54,1223,17500
19845,14307,54,1224,17500
19846,14308,54,1225,17500
19847,14309,54,1226,17500
19848,14310,54,1227,17500
19849,14311,54,1228,17500
19850,14312,54,1229,17500
19851,14313,54,1230,17500
19852,14314,54,1231,17500
19853,14315,54,1232,17500
19854,14316,54,1233,17500
19855,14317,54,1234,17500
19856,14318,54,1235,17500
19857,14319,54,1236,17500
19858,14320,54,1237,17500
19859,14321,54,1238,17500
19860,14322,54,1239,17500
19861,14323,54,1240,17500
19862,14324,54,1241,17500
19863,14325,54,1242,17500
19864,14326,54,1243,17500
19865,14327,54,1244,17500
19866,14328,54,1245,17500
19867,14329,54,1246,17500
19868,14330,54,1247,17500
19869,14331,54,1248,17500
19870,14332,54,1249,17500
19871,14333,54,1250,17500
19872,14334,54,1251,17500
19873,14335,54,1252,17500
19874,14336,54,1253,17500
19875,14337,54,1254,17500
19876,14338,54,1255,17500
19877,14339,54,1256,17500
19878,14340,54,1257,17500
19879,14341,54,1258,17500
19880,14342,54,1259,15000
19881,14343,54,1260,15000
19882,14344,54,1261,15000
19883,14345,54,1262,15000
19884,14346,54,1263,15000
19885,14347,54,1264,15000
19886,14348,54,1265,15000
19887,14349,54,1266,15000
19888,14350,54,1267,15000
19889,14351,54,1268,15000
19890,14352,54,1269,15000
19891,14353,54,1270,15000
19892,14354,54,1271,15000
19893,14355,54,1272,15000
19894,14356,54,1273,15000
19895,14357,54,1274,15000
19896,14358,54,1275,15000
19897,14359,54,1276,15000
19898,14360,54,1277,15000
19899,14361,54,1278,15000
19900,14362,54,1279,15000
19901,14363,54,1280,15000
19902,14364,54,1281,15000
19903,14365,54,1282,15000
19904,14366,54,1283,15000
19905,14367,54,1284,15000
19906,14368,54,1285,15000
19907,14369,54,1286,15000
19908,14370,54,1287,15000
19909,14371,54,1288,15000
19910,14372,54,1289,15000
19911,1053,54,1290,15000
19912,14373,54,1291,15000
19913,14374,54,1292,15000
19914,14375,54,1293,15000
19915,14376,54,1294,15000
19916,14377,54,1295,15000
19917,14378,54,1296,15000
19918,14379,54,1297,15000
19919,14380,54,1298,15000
19920,14381,54,1299,15000
19921,14382,54,1300,15000
19922,14383,54,1301,15000
19923,14384,54,1302,15000
19924,14385,54,1303,15000
19925,14386,54,1304,15000
19926,14387,54,1305,15000
19927,14388,54,1306,15000
19928,14389,54,1307,15000
19929,14390,54,1308,15000
19930,14391,54,1309,15000
19931,14392,54,1310,15000
19932,14393,54,1311,15000
19933,14394,54,1312,15000
19934,14395,54,1313,15000
19935,14396,54,1314,15000
19936,14397,54,1315,15000
19937,14398,54,1316,15000
19938,14399,54,1317,15000
19939,14400,54,1318,15000
19940,14401,54,1319,15000
19941,14402,54,1320,15000
19942,14403,54,1321,15000
19943,14404,54,1322,15000
19944,14405,54,1323,15000
19945,14406,54,1324,15000
19946,14407,54,1325,15000
19947,14408,54,1326,15000
19948,14409,54,1327,15000
19949,14410,54,1328,15000
19950,14411,54,1329,15000
19951,14412,54,1330,15000
19952,14413,54,1331,15000
19953,14414,54,1332,15000
19954,14415,54,1333,15000
19955,14416,54,1334,15000
19956,14417,54,1335,15000
19957,14418,54,1336,15000
19958,14419,54,1337,15000
19959,14420,54,1338,15000
19960,14421,54,1339,15000
19961,14422,54,1340,15000
19962,14423,54,1341,15000
19963,14424,54,1342,15000
19964,14425,54,1343,15000
19965,14426,54,1344,15000
19966,14427,54,1345,15000
19967,14428,54,1346,15000
19968,14429,54,1347,15000
19969,14430,54,1348,15000
19970,14431,54,1349,15000
19971,14432,54,1350,15000
19972,14433,54,1351,15000
19973,14434,54,1352,15000
19974,14435,54,1353,15000
19975,14436,54,1354,15000
19976,14437,54,1355,15000
19977,14438,54,1356,15000
19978,14439,54,1357,15000
19979,14440,54,1358,15000
19980,14441,54,1359,15000
19981,14442,54,1360,15000
19982,14443,54,1361,15000
19983,14444,54,1362,15000
19984,14445,54,1363,15000
19985,14446,54,1364,15000
19986,14447,54,1365,15000
19987,14448,54,1366,15000
19988,14449,54,1367,15000
19989,14450,54,1368,15000
19990,14451,54,1369,15000
19991,14452,54,1370,15000
19992,14453,54,1371,15000
19993,14454,54,1372,15000
19994,14455,54,1373,15000
19995,14456,54,1374,15000
19996,14457,54,1375,15000
19997,14458,54,1376,15000
19998,14459,54,1377,15000
19999,14460,54,1378,15000
20000,14461,54,1379,15000
20001,14462,54,1380,15000
20002,14463,54,1381,15000
20003,14464,54,1382,15000
20004,14465,54,1383,15000
20005,14466,54,1384,15000
20006,14467,54,1385,15000
20007,14468,54,1386,15000
20008,14469,54,1387,15000
20009,14470,54,1388,15000
20010,14471,54,1389,15000
20011,14472,54,1390,15000
20012,14473,54,1391,15000
20013,14474,54,1392,15000
20014,14475,54,1393,15000
20015,14476,54,1394,15000
20016,14477,54,1395,15000
20017,14478,54,1396,15000
20018,14479,54,1397,15000
20019,14480,54,1398,15000
20020,14481,54,1399,15000
20021,14482,54,1400,15000
20022,14483,54,1401,15000
20023,14484,54,1402,15000
20024,14485,54,1403,15000
20025,14486,54,1404,15000
20026,14487,54,1405,15000
20027,14488,54,1406,15000
20028,14489,54,1407,15000
20029,14490,54,1408,15000
20030,14491,54,1409,15000
20031,14492,54,1410,15000
20032,14493,54,1411,15000
20033,14494,54,1412,15000
20034,14495,54,1413,15000
20035,14496,54,1414,15000
20036,14497,54,1415,15000
20037,14498,54,1416,15000
20038,14499,54,1417,15000
20039,14500,54,1418,15000
20040,14501,54,1419,15000
20041,14502,54,1420,15000
20042,14503,54,1421,15000
20043,14504,54,1422,15000
20044,14505,54,1423,15000
20045,14506,54,1424,15000
20046,14507,54,1425,15000
20047,14508,54,1426,15000
20048,14509,54,1427,15000
20049,14510,54,1428,15000
20050,14511,54,1429,15000
20051,14512,54,1430,15000
20052,14513,54,1431,15000
20053,14514,54,1432,15000
20054,14515,54,1433,15000
20055,14516,54,1434,15000
20056,14517,54,1435,15000
20057,14518,54,1436,15000
20058,14519,54,1437,15000
20059,14520,54,1438,15000
20060,14521,54,1439,15000
20061,14522,54,1440,15000
20062,14523,54,1441,15000
20063,14524,54,1442,15000
20064,14525,54,1443,15000
20065,14526,54,1444,15000
20066,14527,54,1445,15000
20067,14528,54,1446,15000
20068,14529,54,1447,15000
20069,14530,54,1448,15000
20070,14531,54,1449,15000
20071,14532,54,1450,15000
20072,14533,54,1451,15000
20073,14534,54,1452,15000
20074,14535,54,1453,15000
20075,14536,54,1454,15000
20076,14537,54,1455,15000
20077,14538,54,1456,15000
20078,14539,54,1457,15000
20079,14540,54,1458,15000
20080,14541,54,1459,15000
20081,14542,54,1460,10000
20082,14543,54,1461,10000
20083,14544,54,1462,10000
